# Blender 4.0.2
# www.blender.org
mtllib Cart.mtl
o 1A_bar_back002
v -0.013546 0.009108 -0.001744
v -0.013547 0.009347 -0.001743
v -0.013687 0.009539 -0.001742
v -0.013913 0.009611 -0.001741
v -0.014139 0.009536 -0.001739
v -0.014278 0.009342 -0.001738
v -0.014277 0.009103 -0.001738
v -0.014137 0.008911 -0.001739
v -0.013911 0.008839 -0.001741
v -0.013685 0.008914 -0.001743
v -0.013480 0.009299 -0.001155
v -0.013515 0.009438 -0.001344
v -0.013675 0.009568 -0.001460
v -0.013901 0.009640 -0.001458
v -0.014106 0.009627 -0.001339
v -0.014212 0.009533 -0.001149
v -0.014178 0.009394 -0.000960
v -0.014017 0.009264 -0.000845
v -0.013791 0.009192 -0.000847
v -0.013586 0.009205 -0.000965
v -0.013302 0.009852 -0.000889
v -0.013361 0.009913 -0.001109
v -0.013537 0.009996 -0.001244
v -0.013763 0.010068 -0.001242
v -0.013952 0.010102 -0.001105
v -0.014033 0.010085 -0.000883
v -0.013974 0.010024 -0.000663
v -0.013798 0.009941 -0.000528
v -0.013572 0.009869 -0.000530
v -0.013382 0.009834 -0.000668
v -0.012955 0.010935 -0.000892
v -0.013027 0.010958 -0.001115
v -0.013210 0.011016 -0.001253
v -0.013436 0.011089 -0.001251
v -0.013618 0.011147 -0.001111
v -0.013686 0.011169 -0.000886
v -0.013615 0.011147 -0.000662
v -0.013431 0.011088 -0.000525
v -0.013205 0.011016 -0.000527
v -0.013023 0.010958 -0.000667
v -0.012403 0.011553 -0.000896
v -0.012425 0.011623 -0.001120
v -0.012479 0.011809 -0.001258
v -0.012544 0.012038 -0.001257
v -0.012596 0.012223 -0.001118
v -0.012614 0.012294 -0.000894
v -0.012592 0.012223 -0.000670
v -0.012538 0.012038 -0.000532
v -0.012473 0.011809 -0.000532
v -0.012421 0.011623 -0.000671
v -0.009955 0.012395 -0.000910
v -0.009975 0.012459 -0.001129
v -0.010031 0.012651 -0.001277
v -0.010095 0.012876 -0.001278
v -0.010148 0.013067 -0.001135
v -0.010166 0.013136 -0.000902
v -0.010144 0.013065 -0.000688
v -0.010090 0.012879 -0.000551
v -0.010025 0.012651 -0.000551
v -0.009974 0.012470 -0.000685
v -0.009573 0.012565 -0.001122
v -0.009715 0.012656 -0.001286
v -0.009815 0.012858 -0.001365
v -0.009833 0.013092 -0.001327
v -0.009764 0.013270 -0.001186
v -0.009633 0.013324 -0.000996
v -0.009490 0.013233 -0.000830
v -0.009391 0.013032 -0.000753
v -0.009372 0.012798 -0.000791
v -0.009441 0.012619 -0.000932
v -0.009309 0.012700 -0.001382
v -0.009507 0.012797 -0.001471
v -0.009607 0.013003 -0.001537
v -0.009572 0.013238 -0.001553
v -0.009415 0.013414 -0.001515
v -0.009196 0.013462 -0.001436
v -0.008999 0.013365 -0.001347
v -0.008899 0.013159 -0.001282
v -0.008934 0.012924 -0.001265
v -0.009091 0.012748 -0.001304
v -0.009304 0.012696 -0.001832
v -0.009518 0.012798 -0.001831
v -0.009631 0.013008 -0.001831
v -0.009599 0.013245 -0.001832
v -0.009436 0.013417 -0.001833
v -0.009201 0.013461 -0.001834
v -0.008986 0.013357 -0.001835
v -0.008875 0.013149 -0.001836
v -0.008907 0.012912 -0.001835
v -0.009072 0.012739 -0.001834
v -0.013470 0.011597 -0.000663
v -0.013535 0.011636 -0.000887
v -0.013474 0.011597 -0.001112
v -0.013311 0.011497 -0.001252
v -0.013109 0.011374 -0.001253
v -0.012944 0.011274 -0.001116
v -0.012879 0.011235 -0.000892
v -0.012940 0.011274 -0.000667
v -0.013103 0.011374 -0.000527
v -0.013305 0.011497 -0.000526
v -0.013218 0.011878 -0.000665
v -0.013275 0.011926 -0.000889
v -0.013222 0.011878 -0.001114
v -0.013078 0.011752 -0.001253
v -0.012899 0.011596 -0.001255
v -0.012753 0.011469 -0.001117
v -0.012696 0.011421 -0.000894
v -0.012749 0.011469 -0.000669
v -0.012893 0.011595 -0.000529
v -0.013072 0.011751 -0.000528
v -0.013566 0.009109 -0.004278
v -0.013567 0.009347 -0.004278
v -0.013707 0.009539 -0.004277
v -0.013933 0.009612 -0.004275
v -0.014159 0.009537 -0.004274
v -0.014298 0.009343 -0.004272
v -0.014297 0.009104 -0.004273
v -0.014157 0.008912 -0.004274
v -0.013931 0.008840 -0.004276
v -0.013705 0.008915 -0.004277
v -0.013510 0.009300 -0.004868
v -0.013541 0.009439 -0.004678
v -0.013700 0.009569 -0.004560
v -0.013926 0.009641 -0.004558
v -0.014133 0.009628 -0.004673
v -0.014241 0.009534 -0.004862
v -0.014210 0.009396 -0.005051
v -0.014051 0.009265 -0.005170
v -0.013825 0.009193 -0.005171
v -0.013618 0.009206 -0.005056
v -0.013335 0.009853 -0.005136
v -0.013391 0.009914 -0.004915
v -0.013565 0.009997 -0.004777
v -0.013791 0.010069 -0.004775
v -0.013982 0.010104 -0.004910
v -0.014066 0.010087 -0.005130
v -0.014011 0.010025 -0.005351
v -0.013837 0.009942 -0.005489
v -0.013611 0.009870 -0.005491
v -0.013419 0.009836 -0.005356
v -0.012988 0.010937 -0.005138
v -0.013057 0.010959 -0.004914
v -0.013238 0.011017 -0.004774
v -0.013464 0.011090 -0.004772
v -0.013648 0.011148 -0.004909
v -0.013720 0.011170 -0.005133
v -0.013652 0.011148 -0.005357
v -0.013470 0.011090 -0.005497
v -0.013244 0.011017 -0.005499
v -0.013060 0.010959 -0.005362
v -0.012436 0.011554 -0.005143
v -0.012455 0.011624 -0.004918
v -0.012506 0.011810 -0.004779
v -0.012572 0.012039 -0.004778
v -0.012626 0.012224 -0.004917
v -0.012648 0.012295 -0.005141
v -0.012629 0.012224 -0.005365
v -0.012578 0.012039 -0.005504
v -0.012512 0.011810 -0.005505
v -0.012458 0.011625 -0.005367
v -0.009988 0.012396 -0.005166
v -0.010005 0.012460 -0.004947
v -0.010058 0.012652 -0.004798
v -0.010123 0.012877 -0.004796
v -0.010178 0.013068 -0.004938
v -0.010200 0.013137 -0.005171
v -0.010181 0.013066 -0.005385
v -0.010129 0.012881 -0.005523
v -0.010064 0.012652 -0.005524
v -0.010011 0.012471 -0.005392
v -0.009603 0.012567 -0.004961
v -0.009742 0.012657 -0.004794
v -0.009841 0.012859 -0.004713
v -0.009860 0.013093 -0.004752
v -0.009793 0.013271 -0.004893
v -0.009665 0.013326 -0.005085
v -0.009524 0.013234 -0.005253
v -0.009427 0.013034 -0.005332
v -0.009407 0.012799 -0.005294
v -0.009475 0.012621 -0.005152
v -0.009336 0.012701 -0.004704
v -0.009531 0.012798 -0.004612
v -0.009630 0.013004 -0.004545
v -0.009595 0.013239 -0.004529
v -0.009439 0.013415 -0.004570
v -0.009222 0.013463 -0.004652
v -0.009026 0.013366 -0.004744
v -0.008927 0.013160 -0.004811
v -0.008962 0.012925 -0.004827
v -0.009118 0.012749 -0.004786
v -0.009323 0.012696 -0.004254
v -0.009537 0.012799 -0.004252
v -0.009650 0.013009 -0.004250
v -0.009618 0.013246 -0.004250
v -0.009455 0.013418 -0.004251
v -0.009220 0.013462 -0.004254
v -0.009005 0.013357 -0.004256
v -0.008894 0.013149 -0.004258
v -0.008926 0.012912 -0.004258
v -0.009091 0.012739 -0.004257
v -0.009313 0.012695 -0.003043
v -0.009527 0.012798 -0.003042
v -0.009640 0.013008 -0.003041
v -0.009608 0.013244 -0.003041
v -0.009444 0.013417 -0.003042
v -0.009210 0.013461 -0.003044
v -0.008996 0.013358 -0.003046
v -0.008884 0.013148 -0.003047
v -0.008916 0.012912 -0.003046
v -0.009080 0.012739 -0.003045
v -0.013507 0.011599 -0.005358
v -0.013568 0.011637 -0.005134
v -0.013504 0.011599 -0.004910
v -0.013339 0.011498 -0.004773
v -0.013136 0.011375 -0.004774
v -0.012974 0.011275 -0.004914
v -0.012913 0.011237 -0.005139
v -0.012977 0.011275 -0.005363
v -0.013142 0.011375 -0.005500
v -0.013345 0.011499 -0.005498
v -0.013255 0.011879 -0.005360
v -0.013309 0.011927 -0.005136
v -0.013252 0.011879 -0.004912
v -0.013106 0.011753 -0.004774
v -0.012927 0.011597 -0.004776
v -0.012783 0.011470 -0.004916
v -0.012729 0.011422 -0.005140
v -0.012787 0.011470 -0.005364
v -0.012932 0.011597 -0.005502
v -0.013111 0.011753 -0.005500
v -0.013520 0.009144 0.004360
v -0.013521 0.009382 0.004360
v -0.013661 0.009574 0.004361
v -0.013887 0.009647 0.004363
v -0.014113 0.009571 0.004365
v -0.014252 0.009378 0.004366
v -0.014251 0.009139 0.004366
v -0.014111 0.008947 0.004365
v -0.013885 0.008875 0.004363
v -0.013659 0.008950 0.004361
v -0.013455 0.009335 0.004948
v -0.013489 0.009473 0.004760
v -0.013650 0.009604 0.004644
v -0.013876 0.009676 0.004646
v -0.014080 0.009663 0.004764
v -0.014186 0.009569 0.004954
v -0.014152 0.009430 0.005143
v -0.013991 0.009300 0.005259
v -0.013765 0.009228 0.005257
v -0.013560 0.009241 0.005138
v -0.013276 0.009887 0.005214
v -0.013335 0.009949 0.004994
v -0.013511 0.010032 0.004859
v -0.013737 0.010104 0.004861
v -0.013926 0.010138 0.004999
v -0.014007 0.010121 0.005220
v -0.013948 0.010059 0.005440
v -0.013772 0.009977 0.005575
v -0.013546 0.009904 0.005573
v -0.013356 0.009870 0.005435
v -0.012929 0.010971 0.005212
v -0.013001 0.010993 0.004988
v -0.013185 0.011052 0.004851
v -0.013411 0.011124 0.004853
v -0.013592 0.011183 0.004993
v -0.013660 0.011205 0.005218
v -0.013589 0.011183 0.005441
v -0.013405 0.011124 0.005579
v -0.013179 0.011052 0.005577
v -0.012997 0.010993 0.005437
v -0.012377 0.011588 0.005208
v -0.012399 0.011659 0.004984
v -0.012453 0.011844 0.004845
v -0.012518 0.012074 0.004846
v -0.012570 0.012259 0.004985
v -0.012589 0.012330 0.005210
v -0.012567 0.012259 0.005434
v -0.012513 0.012073 0.005572
v -0.012447 0.011844 0.005571
v -0.012395 0.011659 0.005432
v -0.009929 0.012430 0.005193
v -0.009949 0.012494 0.004974
v -0.010005 0.012687 0.004826
v -0.010069 0.012911 0.004825
v -0.010122 0.013103 0.004968
v -0.010140 0.013172 0.005202
v -0.010118 0.013100 0.005415
v -0.010064 0.012915 0.005553
v -0.009999 0.012686 0.005552
v -0.009948 0.012505 0.005419
v -0.009547 0.012601 0.004982
v -0.009689 0.012691 0.004817
v -0.009789 0.012893 0.004738
v -0.009808 0.013128 0.004777
v -0.009738 0.013306 0.004918
v -0.009607 0.013360 0.005107
v -0.009464 0.013268 0.005273
v -0.009365 0.013068 0.005351
v -0.009346 0.012833 0.005312
v -0.009416 0.012655 0.005171
v -0.009284 0.012736 0.004721
v -0.009481 0.012833 0.004632
v -0.009581 0.013039 0.004567
v -0.009546 0.013274 0.004550
v -0.009389 0.013449 0.004589
v -0.009170 0.013498 0.004668
v -0.008973 0.013401 0.004757
v -0.008873 0.013195 0.004822
v -0.008908 0.012960 0.004838
v -0.009065 0.012784 0.004800
v -0.009278 0.012729 0.003838
v -0.009492 0.012832 0.003837
v -0.009605 0.013041 0.003838
v -0.009573 0.013278 0.003840
v -0.009410 0.013450 0.003841
v -0.009175 0.013494 0.003842
v -0.008960 0.013390 0.003842
v -0.008849 0.013182 0.003841
v -0.008881 0.012945 0.003840
v -0.009046 0.012772 0.003839
v -0.013444 0.011633 0.005440
v -0.013509 0.011671 0.005217
v -0.013448 0.011633 0.004992
v -0.013285 0.011533 0.004852
v -0.013083 0.011409 0.004850
v -0.012918 0.011309 0.004988
v -0.012853 0.011271 0.005211
v -0.012914 0.011309 0.005436
v -0.013077 0.011409 0.005576
v -0.013280 0.011533 0.005578
v -0.013192 0.011913 0.005439
v -0.013249 0.011962 0.005215
v -0.013196 0.011913 0.004990
v -0.013052 0.011787 0.004850
v -0.012873 0.011631 0.004849
v -0.012727 0.011505 0.004986
v -0.012670 0.011457 0.005210
v -0.012724 0.011505 0.005435
v -0.012867 0.011631 0.005574
v -0.013046 0.011787 0.005576
v -0.013540 0.009144 0.001825
v -0.013541 0.009383 0.001825
v -0.013681 0.009575 0.001826
v -0.013907 0.009647 0.001828
v -0.014133 0.009572 0.001830
v -0.014272 0.009378 0.001831
v -0.014271 0.009140 0.001831
v -0.014131 0.008948 0.001830
v -0.013905 0.008875 0.001828
v -0.013679 0.008951 0.001826
v -0.013484 0.009336 0.001236
v -0.013515 0.009474 0.001425
v -0.013674 0.009604 0.001544
v -0.013900 0.009677 0.001545
v -0.014107 0.009664 0.001430
v -0.014215 0.009570 0.001242
v -0.014184 0.009431 0.001052
v -0.014025 0.009301 0.000934
v -0.013799 0.009229 0.000932
v -0.013592 0.009242 0.001047
v -0.013309 0.009888 0.000968
v -0.013365 0.009950 0.001189
v -0.013539 0.010033 0.001326
v -0.013765 0.010105 0.001328
v -0.013956 0.010139 0.001193
v -0.014041 0.010122 0.000973
v -0.013985 0.010061 0.000752
v -0.013811 0.009978 0.000615
v -0.013585 0.009906 0.000613
v -0.013393 0.009872 0.000748
v -0.012963 0.010972 0.000965
v -0.013031 0.010995 0.001190
v -0.013212 0.011053 0.001330
v -0.013438 0.011125 0.001332
v -0.013622 0.011184 0.001195
v -0.013694 0.011206 0.000971
v -0.013626 0.011184 0.000746
v -0.013444 0.011125 0.000606
v -0.013218 0.011053 0.000604
v -0.013034 0.010995 0.000741
v -0.012410 0.011589 0.000961
v -0.012429 0.011660 0.001185
v -0.012481 0.011845 0.001324
v -0.012546 0.012075 0.001325
v -0.012600 0.012260 0.001187
v -0.012622 0.012331 0.000963
v -0.012604 0.012260 0.000738
v -0.012552 0.012075 0.000599
v -0.012486 0.011846 0.000599
v -0.012432 0.011660 0.000737
v -0.009962 0.012432 0.000937
v -0.009979 0.012496 0.001157
v -0.010032 0.012688 0.001305
v -0.010097 0.012912 0.001307
v -0.010152 0.013104 0.001166
v -0.010174 0.013173 0.000932
v -0.010155 0.013102 0.000719
v -0.010103 0.012917 0.000580
v -0.010038 0.012688 0.000580
v -0.009985 0.012507 0.000712
v -0.009577 0.012602 0.001143
v -0.009716 0.012692 0.001310
v -0.009815 0.012894 0.001390
v -0.009835 0.013129 0.001352
v -0.009767 0.013307 0.001210
v -0.009639 0.013361 0.001019
v -0.009499 0.013270 0.000850
v -0.009401 0.013069 0.000771
v -0.009382 0.012835 0.000809
v -0.009449 0.012656 0.000951
v -0.009310 0.012737 0.001399
v -0.009505 0.012834 0.001492
v -0.009605 0.013039 0.001558
v -0.009569 0.013275 0.001575
v -0.009413 0.013450 0.001534
v -0.009196 0.013499 0.001451
v -0.009000 0.013402 0.001359
v -0.008901 0.013196 0.001292
v -0.008936 0.012961 0.001276
v -0.009092 0.012785 0.001317
v -0.009291 0.012734 0.002859
v -0.009498 0.012833 0.002834
v -0.009610 0.013042 0.002835
v -0.009578 0.013279 0.002836
v -0.009414 0.013452 0.002837
v -0.009181 0.013495 0.002838
v -0.008967 0.013393 0.002839
v -0.008855 0.013183 0.002838
v -0.008886 0.012946 0.002836
v -0.009050 0.012773 0.002835
v -0.013481 0.011634 0.000745
v -0.013542 0.011673 0.000970
v -0.013478 0.011634 0.001194
v -0.013313 0.011534 0.001331
v -0.013110 0.011410 0.001329
v -0.012948 0.011310 0.001189
v -0.012887 0.011272 0.000965
v -0.012951 0.011311 0.000741
v -0.013116 0.011411 0.000604
v -0.013319 0.011534 0.000605
v -0.013229 0.011915 0.000743
v -0.013283 0.011963 0.000968
v -0.013226 0.011915 0.001192
v -0.013080 0.011788 0.001329
v -0.012901 0.011632 0.001328
v -0.012757 0.011506 0.001188
v -0.012704 0.011458 0.000963
v -0.012761 0.011506 0.000739
v -0.012907 0.011632 0.000602
v -0.013086 0.011788 0.000603
vn 0.9306 -0.3651 0.0266
vn 0.9359 0.3232 -0.1400
vn 0.9335 0.1284 -0.3348
vn 0.9269 -0.3738 0.0342
vn 0.5510 0.8224 -0.1417
vn 0.5584 0.6324 -0.5369
vn 0.0265 0.9901 -0.1376
vn -0.0955 0.8415 -0.5317
vn -0.5765 0.8070 -0.1279
vn -0.6904 0.6479 -0.3218
vn -0.9692 0.2428 0.0417
vn -0.9712 0.2332 0.0493
vn -0.8907 -0.3753 0.2567
vn -0.8751 -0.2076 0.4371
vn -0.5149 -0.7731 0.3705
vn -0.4774 -0.5571 0.6795
vn -0.0238 -0.9301 0.3666
vn 0.0752 -0.7339 0.6751
vn 0.5111 -0.8237 0.2455
vn 0.5986 -0.6788 0.4254
vn 0.8239 -0.1381 -0.5496
vn 0.9488 -0.3141 0.0339
vn 0.3649 0.1001 -0.9256
vn -0.2525 0.2977 -0.9206
vn -0.7589 0.3684 -0.5370
vn -0.9544 0.2946 0.0491
vn -0.7874 0.1161 0.6054
vn -0.3376 -0.1007 0.9359
vn 0.2302 -0.2824 0.9313
vn 0.7173 -0.3652 0.5934
vn 0.7729 -0.2277 -0.5923
vn 0.9607 -0.2776 -0.0079
vn 0.2901 -0.0906 -0.9527
vn -0.3007 0.0908 -0.9494
vn -0.7746 0.2447 -0.5831
vn -0.9521 0.3056 0.0074
vn -0.7652 0.2448 0.5954
vn -0.2857 0.0906 0.9540
vn 0.3053 -0.0909 0.9479
vn 0.7822 -0.2281 0.5797
vn 0.6781 -0.3853 -0.6259
vn 0.8717 -0.4900 -0.0071
vn 0.2183 -0.1290 -0.9673
vn -0.3053 0.1699 -0.9370
vn -0.7141 0.4078 -0.5690
vn -0.8664 0.4992 0.0072
vn -0.7050 0.4075 0.5805
vn -0.2903 0.1696 0.9418
vn 0.2336 -0.1296 0.9637
vn 0.6877 -0.3856 0.6151
vn 0.3729 -0.9279 0.0013
vn 0.3013 -0.7505 -0.5882
vn 0.2094 -0.7720 -0.6002
vn 0.3428 -0.9392 -0.0217
vn 0.1071 -0.2782 -0.9545
vn -0.0153 -0.3134 -0.9495
vn -0.1403 0.2963 -0.9448
vn -0.2515 0.2741 -0.9282
vn -0.3354 0.7475 -0.5734
vn -0.3700 0.7712 -0.5181
vn -0.4047 0.9144 0.0075
vn -0.3112 0.9449 0.1015
vn -0.3259 0.7450 0.5820
vn -0.1454 0.7434 0.6528
vn -0.1256 0.2963 0.9468
vn 0.0576 0.2790 0.9586
vn 0.1208 -0.2755 0.9537
vn 0.2424 -0.2818 0.9283
vn 0.3092 -0.7470 0.5886
vn 0.3520 -0.7467 0.5644
vn -0.0367 -0.7057 -0.7075
vn 0.2614 -0.9410 -0.2149
vn -0.3577 -0.2214 -0.9072
vn -0.5746 0.3728 -0.7286
vn -0.4810 0.8350 -0.2672
vn -0.1565 0.9548 0.2527
vn 0.2039 0.7228 0.6603
vn 0.4715 0.2465 0.8467
vn 0.5765 -0.3253 0.7496
vn 0.4922 -0.7936 0.3577
vn -0.4675 -0.7866 -0.4032
vn 0.0763 -0.9864 -0.1453
vn -0.8836 -0.1920 -0.4272
vn -0.8459 0.4809 -0.2307
vn -0.4440 0.8954 -0.0336
vn 0.1045 0.9846 0.1404
vn 0.6109 0.7325 0.3005
vn 0.8944 0.2192 0.3898
vn 0.8636 -0.3653 0.3476
vn 0.5548 -0.8177 0.1533
vn -0.6985 -0.7155 0.0162
vn -0.1279 -0.9918 0.0074
vn -0.9853 -0.1663 0.0391
vn -0.9029 0.4276 0.0451
vn -0.4905 0.8711 0.0233
vn 0.1285 0.9917 0.0008
vn 0.6990 0.7151 0.0024
vn 0.9855 0.1692 0.0153
vn 0.9023 -0.4305 0.0206
vn 0.4849 -0.8744 0.0146
vn -0.6913 -0.7225 0.0052
vn -0.1313 -0.9913 0.0008
vn -0.9840 -0.1779 0.0077
vn -0.9021 0.4314 0.0072
vn -0.4782 0.8782 0.0041
vn 0.1322 0.9912 -0.0007
vn 0.6926 0.7213 -0.0053
vn 0.9842 0.1767 -0.0077
vn 0.9016 -0.4325 -0.0071
vn 0.4776 -0.8786 -0.0037
vn -0.0078 0.0003 -1.0000
vn 0.4566 -0.6507 -0.6067
vn 0.5681 -0.8229 -0.0047
vn 0.1609 -0.2211 -0.9619
vn -0.2124 0.2710 -0.9388
vn -0.5152 0.6421 -0.5677
vn -0.6279 0.7783 0.0053
vn -0.5063 0.6415 0.5764
vn -0.1977 0.2703 0.9423
vn 0.1762 -0.2218 0.9590
vn 0.4661 -0.6510 0.5991
vn 0.9302 -0.3647 -0.0415
vn 0.9261 -0.3740 -0.0490
vn 0.9387 0.1282 0.3201
vn 0.9380 0.3231 0.1253
vn 0.5668 0.6321 0.5284
vn 0.5533 0.8222 0.1334
vn -0.0871 0.8412 0.5336
vn 0.0286 0.9901 0.1376
vn -0.6853 0.6476 0.3331
vn -0.5745 0.8069 0.1373
vn -0.9718 0.2333 -0.0339
vn -0.9697 0.2427 -0.0263
vn -0.8820 -0.2070 -0.4233
vn -0.8945 -0.3753 -0.2431
vn -0.4881 -0.5567 -0.6722
vn -0.5205 -0.7729 -0.3628
vn 0.0647 -0.7335 -0.6766
vn -0.0297 -0.9300 -0.3664
vn 0.5918 -0.6786 -0.4351
vn 0.5071 -0.8236 -0.2540
vn 0.9481 -0.3142 -0.0492
vn 0.8325 -0.1383 0.5365
vn 0.3794 0.0996 0.9199
vn -0.2378 0.2972 0.9247
vn -0.7504 0.3679 0.5491
vn -0.9550 0.2948 -0.0338
vn -0.7968 0.1164 -0.5929
vn -0.3524 -0.1001 -0.9305
vn 0.2154 -0.2816 -0.9350
vn 0.7079 -0.3648 -0.6048
vn 0.9607 -0.2776 -0.0075
vn 0.3051 -0.0911 0.9480
vn -0.2859 0.0902 0.9540
vn -0.7652 0.2446 0.5955
vn -0.9521 0.3056 0.0076
vn -0.7744 0.2451 -0.5832
vn -0.3006 0.0908 -0.9494
vn 0.2899 -0.0904 -0.9528
vn 0.7730 -0.2277 -0.5922
vn 0.8717 -0.4900 -0.0069
vn 0.6878 -0.3856 0.6150
vn 0.2336 -0.1296 0.9636
vn -0.2906 0.1694 0.9417
vn -0.7051 0.4075 0.5803
vn -0.8666 0.4990 0.0069
vn -0.7141 0.4078 -0.5691
vn 0.2184 -0.1289 -0.9673
vn 0.6779 -0.3852 -0.6262
vn 0.3727 -0.9279 -0.0077
vn 0.3430 -0.9392 0.0160
vn 0.2191 -0.7720 0.5967
vn 0.3106 -0.7508 0.5829
vn -0.0004 -0.3139 0.9495
vn 0.1224 -0.2788 0.9525
vn -0.2371 0.2735 0.9322
vn -0.1253 0.2957 0.9470
vn -0.3619 0.7708 0.5243
vn -0.3263 0.7471 0.5791
vn -0.3128 0.9449 -0.0962
vn -0.4047 0.9144 -0.0006
vn -0.1558 0.7439 -0.6498
vn -0.3348 0.7453 -0.5766
vn 0.0425 0.2793 -0.9593
vn -0.1405 0.2969 -0.9445
vn 0.2277 -0.2809 -0.9323
vn 0.1057 -0.2746 -0.9557
vn 0.3430 -0.7464 -0.5703
vn 0.2999 -0.7467 -0.5938
vn 0.2647 -0.9411 0.2102
vn -0.0253 -0.7061 0.7076
vn -0.3433 -0.2220 0.9126
vn -0.5631 0.3724 0.7377
vn -0.4770 0.8347 0.2752
vn -0.1605 0.9550 -0.2496
vn 0.1934 0.7231 -0.6631
vn 0.4580 0.2469 -0.8540
vn 0.5647 -0.3249 -0.7586
vn 0.4865 -0.7933 -0.3659
vn 0.0782 -0.9866 0.1433
vn -0.4612 -0.7869 0.4101
vn -0.8767 -0.1922 0.4409
vn -0.8420 0.4810 0.2441
vn -0.4434 0.8954 0.0411
vn 0.1022 0.9846 -0.1415
vn 0.6061 0.7327 -0.3095
vn 0.8882 0.2194 -0.4038
vn 0.8580 -0.3651 -0.3614
vn 0.5522 -0.8177 -0.1624
vn -0.1279 -0.9918 -0.0059
vn -0.6987 -0.7154 -0.0056
vn -0.9858 -0.1664 -0.0237
vn -0.9035 0.4275 -0.0306
vn -0.4906 0.8712 -0.0152
vn 0.1283 0.9917 -0.0025
vn 0.6991 0.7149 -0.0132
vn 0.9851 0.1691 -0.0307
vn 0.9019 -0.4304 -0.0351
vn 0.4844 -0.8745 -0.0231
vn 0.0079 -0.0003 1.0000
vn 0.5680 -0.8230 -0.0047
vn 0.4661 -0.6511 0.5990
vn 0.1763 -0.2218 0.9590
vn -0.5062 0.6415 0.5764
vn -0.6280 0.7782 0.0051
vn -0.5152 0.6422 -0.5676
vn -0.2126 0.2708 -0.9389
vn 0.1611 -0.2212 -0.9618
vn 0.4567 -0.6507 -0.6066
vn 0.9306 -0.3650 0.0266
vn 0.9359 0.3233 -0.1400
vn 0.9335 0.1283 -0.3347
vn 0.9268 -0.3740 0.0342
vn 0.5512 0.8223 -0.1417
vn 0.0265 0.9901 -0.1375
vn -0.5765 0.8070 -0.1282
vn -0.6905 0.6478 -0.3218
vn -0.9692 0.2425 0.0419
vn -0.8907 -0.3752 0.2567
vn -0.8752 -0.2074 0.4370
vn -0.5148 -0.7731 0.3706
vn -0.0240 -0.9301 0.3664
vn 0.0754 -0.7339 0.6751
vn 0.5110 -0.8237 0.2456
vn 0.5986 -0.6788 0.4255
vn 0.8238 -0.1382 -0.5498
vn 0.9487 -0.3142 0.0340
vn 0.3646 0.0998 -0.9258
vn -0.2525 0.2976 -0.9207
vn -0.7590 0.3683 -0.5369
vn -0.9543 0.2946 0.0493
vn -0.3376 -0.1006 0.9359
vn 0.2300 -0.2823 0.9313
vn 0.7731 -0.2276 -0.5921
vn 0.2901 -0.0905 -0.9527
vn -0.3006 0.0906 -0.9494
vn -0.7744 0.2450 -0.5833
vn -0.7653 0.2449 0.5953
vn -0.2858 0.0903 0.9540
vn 0.3056 -0.0909 0.9478
vn 0.7825 -0.2281 0.5794
vn 0.6778 -0.3853 -0.6262
vn 0.8717 -0.4899 -0.0072
vn 0.2185 -0.1291 -0.9673
vn -0.8666 0.4990 0.0070
vn 0.2338 -0.1296 0.9636
vn 0.3728 -0.9279 0.0013
vn 0.2096 -0.7717 -0.6005
vn 0.3427 -0.9392 -0.0216
vn 0.1072 -0.2784 -0.9545
vn -0.0152 -0.3134 -0.9495
vn -0.1403 0.2963 -0.9447
vn -0.2515 0.2742 -0.9282
vn -0.3701 0.7712 -0.5180
vn -0.4047 0.9144 0.0077
vn -0.3112 0.9449 0.1017
vn -0.3259 0.7446 0.5826
vn -0.1256 0.2964 0.9468
vn 0.0577 0.2788 0.9586
vn 0.3091 -0.7471 0.5885
vn -0.0365 -0.7057 -0.7075
vn 0.2613 -0.9410 -0.2149
vn -0.3577 -0.2215 -0.9072
vn -0.5747 0.3728 -0.7285
vn -0.4811 0.8350 -0.2671
vn -0.1566 0.9548 0.2527
vn 0.2038 0.7228 0.6603
vn 0.5765 -0.3254 0.7495
vn 0.4922 -0.7936 0.3576
vn -0.4671 -0.7846 -0.4077
vn 0.0767 -0.9861 -0.1471
vn -0.8747 -0.1893 -0.4462
vn -0.8399 0.4776 -0.2580
vn -0.4451 0.8943 -0.0465
vn 0.1041 0.9848 0.1387
vn 0.6131 0.7321 0.2970
vn 0.8978 0.2185 0.3823
vn 0.8666 -0.3663 0.3388
vn 0.5567 -0.8176 0.1470
vn -0.6966 -0.7174 0.0084
vn -0.1300 -0.9915 0.0040
vn -0.9853 -0.1697 0.0173
vn -0.9033 0.4287 0.0189
vn -0.4878 0.8729 0.0092
vn 0.1292 0.9916 -0.0007
vn 0.6987 0.7154 0.0003
vn 0.9855 0.1694 0.0078
vn 0.9024 -0.4308 0.0116
vn 0.4820 -0.8762 0.0079
vn -0.6956 -0.7184 0.0025
vn -0.1341 -0.9910 -0.0024
vn -0.9854 -0.1703 0.0012
vn -0.9032 0.4292 -0.0002
vn -0.4859 0.8740 0.0010
vn 0.1292 0.9916 -0.0002
vn 0.6973 0.7167 -0.0078
vn 0.9852 0.1704 -0.0163
vn 0.9028 -0.4297 -0.0182
vn 0.4807 -0.8768 -0.0122
vn -0.0079 0.0003 -1.0000
vn 0.4566 -0.6508 -0.6067
vn 0.5682 -0.8229 -0.0045
vn 0.1613 -0.2212 -0.9618
vn -0.2125 0.2709 -0.9389
vn -0.5154 0.6418 -0.5678
vn -0.6280 0.7782 0.0056
vn -0.5063 0.6414 0.5764
vn -0.1976 0.2703 0.9423
vn 0.4663 -0.6507 0.5993
vn 0.9301 -0.3649 -0.0415
vn 0.9387 0.1282 0.3199
vn 0.9380 0.3232 0.1254
vn 0.5532 0.8223 0.1333
vn -0.0872 0.8412 0.5336
vn 0.0286 0.9901 0.1377
vn -0.5745 0.8069 0.1375
vn -0.9718 0.2333 -0.0338
vn -0.9697 0.2429 -0.0263
vn -0.8819 -0.2070 -0.4235
vn -0.8946 -0.3751 -0.2428
vn -0.5205 -0.7730 -0.3626
vn 0.0646 -0.7335 -0.6766
vn -0.0299 -0.9299 -0.3667
vn 0.5917 -0.6786 -0.4351
vn 0.5073 -0.8235 -0.2540
vn 0.8325 -0.1384 0.5364
vn 0.3793 0.0996 0.9199
vn -0.2382 0.2974 0.9245
vn -0.9550 0.2947 -0.0338
vn -0.7967 0.1165 -0.5930
vn -0.3524 -0.1005 -0.9304
vn 0.2152 -0.2818 -0.9350
vn 0.7077 -0.3649 -0.6050
vn 0.9607 -0.2776 -0.0076
vn 0.7820 -0.2281 0.5800
vn 0.3053 -0.0911 0.9479
vn -0.2856 0.0900 0.9541
vn -0.7652 0.2445 0.5956
vn -0.7745 0.2450 -0.5831
vn -0.3009 0.0907 -0.9493
vn 0.2904 -0.0903 -0.9526
vn 0.6877 -0.3857 0.6151
vn -0.2905 0.1694 0.9418
vn -0.7051 0.4073 0.5804
vn -0.3055 0.1699 -0.9369
vn 0.3726 -0.9280 -0.0076
vn 0.3430 -0.9392 0.0158
vn 0.3106 -0.7509 0.5828
vn -0.0006 -0.3138 0.9495
vn 0.1223 -0.2788 0.9525
vn -0.1251 0.2955 0.9471
vn -0.3619 0.7709 0.5242
vn -0.3263 0.7473 0.5788
vn -0.4044 0.9146 -0.0008
vn -0.1556 0.7439 -0.6500
vn -0.3350 0.7451 -0.5767
vn 0.0426 0.2795 -0.9592
vn -0.1405 0.2968 -0.9446
vn 0.2277 -0.2813 -0.9322
vn 0.1059 -0.2750 -0.9556
vn 0.3428 -0.7466 -0.5702
vn 0.3000 -0.7466 -0.5938
vn 0.2645 -0.9412 0.2100
vn -0.0257 -0.7064 0.7074
vn -0.3434 -0.2221 0.9126
vn -0.5634 0.3725 0.7374
vn -0.4769 0.8348 0.2750
vn 0.5644 -0.3251 -0.7588
vn 0.4865 -0.7934 -0.3659
vn 0.0773 -0.9859 0.1486
vn -0.4597 -0.7842 0.4169
vn -0.8648 -0.1894 0.4651
vn -0.8341 0.4764 0.2780
vn -0.4445 0.8940 0.0560
vn 0.1014 0.9849 -0.1403
vn 0.6089 0.7323 -0.3049
vn 0.8935 0.2185 -0.3924
vn 0.8632 -0.3661 -0.3477
vn 0.5542 -0.8184 -0.1520
vn 0.0078 -0.0003 1.0000
vn 0.5678 -0.8231 -0.0049
vn -0.6281 0.7782 0.0052
vn -0.5153 0.6419 -0.5678
vn -0.2125 0.2708 -0.9389
vn 0.1612 -0.2213 -0.9618
vn 0.4562 -0.6509 -0.6068
vt 0.240587 0.482390
vt 0.239678 0.482479
vt 0.238916 0.481836
vt 0.239225 0.481466
vt 0.169744 0.410517
vt 0.168950 0.410517
vt 0.168950 0.410022
vt 0.169744 0.409818
vt 0.167968 0.410517
vt 0.167968 0.410022
vt 0.167174 0.410517
vt 0.167174 0.409818
vt 0.038960 0.415661
vt 0.038043 0.415586
vt 0.039323 0.414641
vt 0.039664 0.415007
vt 0.037127 0.415511
vt 0.038981 0.414276
vt 0.114253 0.435656
vt 0.114253 0.435322
vt 0.117978 0.435322
vt 0.117492 0.435656
vt 0.114253 0.434909
vt 0.117978 0.434909
vt 0.114253 0.434575
vt 0.117492 0.434575
vt 0.241496 0.482301
vt 0.239534 0.481095
vt 0.236692 0.481631
vt 0.236648 0.481239
vt 0.178551 0.467047
vt 0.178348 0.466699
vt 0.179861 0.466252
vt 0.180231 0.466550
vt 0.177783 0.466361
vt 0.179296 0.465914
vt 0.177073 0.466163
vt 0.178754 0.465667
vt 0.041877 0.414374
vt 0.041868 0.414767
vt 0.041886 0.413982
vt 0.116070 0.464891
vt 0.116241 0.464540
vt 0.118694 0.465209
vt 0.118349 0.465513
vt 0.116776 0.464194
vt 0.119228 0.464863
vt 0.117468 0.463985
vt 0.119748 0.464606
vt 0.236605 0.480847
vt 0.232305 0.482069
vt 0.232092 0.481687
vt 0.183464 0.465187
vt 0.183921 0.465460
vt 0.182900 0.464850
vt 0.182443 0.464576
vt 0.046470 0.414750
vt 0.046291 0.415136
vt 0.046648 0.414365
vt 0.122850 0.466342
vt 0.122418 0.466622
vt 0.123384 0.465996
vt 0.123816 0.465715
vt 0.231880 0.481305
vt 0.230999 0.482197
vt 0.230855 0.481808
vt 0.184686 0.464801
vt 0.184977 0.465111
vt 0.184326 0.464417
vt 0.184035 0.464106
vt 0.048449 0.414912
vt 0.048201 0.415292
vt 0.048558 0.414521
vt 0.124314 0.466752
vt 0.124051 0.467067
vt 0.124640 0.466362
vt 0.124903 0.466047
vt 0.230573 0.481433
vt 0.129299 0.435123
vt 0.128365 0.435194
vt 0.128405 0.431577
vt 0.129319 0.431513
vt 0.187552 0.465175
vt 0.187838 0.464863
vt 0.197983 0.466278
vt 0.197687 0.466600
vt 0.188190 0.464478
vt 0.198329 0.465900
vt 0.188476 0.464167
vt 0.198624 0.465578
vt 0.135732 0.410755
vt 0.134798 0.410826
vt 0.134751 0.407217
vt 0.135722 0.407147
vt 0.133864 0.410755
vt 0.133862 0.407145
vt 0.128483 0.466937
vt 0.128170 0.466630
vt 0.138182 0.465057
vt 0.138495 0.465363
vt 0.127783 0.466251
vt 0.137796 0.464678
vt 0.127471 0.465944
vt 0.137490 0.464378
vt 0.130233 0.435194
vt 0.130257 0.431588
vt 0.127761 0.431249
vt 0.128450 0.430968
vt 0.199208 0.466220
vt 0.199035 0.466604
vt 0.199727 0.465876
vt 0.026317 0.479384
vt 0.026378 0.478963
vt 0.028177 0.478927
vt 0.027703 0.479284
vt 0.135127 0.406431
vt 0.135920 0.406618
vt 0.134431 0.406148
vt 0.140820 0.464488
vt 0.141026 0.464865
vt 0.140270 0.464152
vt 0.139588 0.463989
vt 0.129243 0.430782
vt 0.126996 0.430977
vt 0.127374 0.430600
vt 0.200257 0.466240
vt 0.200075 0.466629
vt 0.200956 0.465952
vt 0.036702 0.462049
vt 0.036114 0.461719
vt 0.037472 0.461298
vt 0.037637 0.461670
vt 0.136943 0.405776
vt 0.137278 0.406111
vt 0.136566 0.405399
vt 0.174268 0.410084
vt 0.174388 0.410491
vt 0.171348 0.410517
vt 0.171264 0.410106
vt 0.237692 0.417340
vt 0.237532 0.417716
vt 0.235574 0.417276
vt 0.235506 0.416870
vt 0.236943 0.418046
vt 0.235409 0.417648
vt 0.127709 0.430264
vt 0.125498 0.430992
vt 0.125501 0.430583
vt 0.037295 0.462362
vt 0.037570 0.462076
vt 0.038796 0.462079
vt 0.038793 0.462365
vt 0.038798 0.461672
vt 0.038797 0.461302
vt 0.138601 0.405778
vt 0.138603 0.406143
vt 0.138598 0.405365
vt 0.136291 0.405125
vt 0.138596 0.405071
vt 0.233203 0.417280
vt 0.233201 0.416873
vt 0.233203 0.417652
vt 0.125503 0.430221
vt 0.120460 0.430991
vt 0.120460 0.430582
vt 0.125495 0.431290
vt 0.120460 0.431288
vt 0.043831 0.461673
vt 0.043831 0.462079
vt 0.043831 0.461302
vt 0.143637 0.405776
vt 0.143637 0.406140
vt 0.143637 0.405367
vt 0.143637 0.405070
vt 0.228160 0.417280
vt 0.228160 0.416873
vt 0.228160 0.417651
vt 0.120460 0.430218
vt 0.140065 0.408008
vt 0.140859 0.407765
vt 0.141841 0.407765
vt 0.142635 0.408008
vt 0.142938 0.408400
vt 0.142635 0.408793
vt 0.141841 0.409035
vt 0.140859 0.409035
vt 0.140065 0.408793
vt 0.139761 0.408400
vt 0.230020 0.482294
vt 0.229924 0.481900
vt 0.185926 0.464715
vt 0.186089 0.465042
vt 0.185724 0.464312
vt 0.185560 0.463985
vt 0.049884 0.415030
vt 0.049589 0.415406
vt 0.049946 0.414635
vt 0.125720 0.466835
vt 0.125586 0.467164
vt 0.125886 0.466428
vt 0.126021 0.466099
vt 0.229595 0.481529
vt 0.128365 0.435656
vt 0.129299 0.435539
vt 0.012872 0.478846
vt 0.015933 0.478663
vt 0.016048 0.479028
vt 0.013156 0.479197
vt 0.059372 0.403110
vt 0.059355 0.401871
vt 0.060334 0.401841
vt 0.060348 0.403152
vt 0.130233 0.435656
vt 0.013772 0.461069
vt 0.015220 0.460168
vt 0.015494 0.460543
vt 0.014672 0.461173
vt 0.170525 0.407611
vt 0.172189 0.407611
vt 0.171703 0.407945
vt 0.170525 0.407945
vt 0.171703 0.408357
vt 0.170525 0.408357
vt 0.172189 0.408691
vt 0.170525 0.408691
vt 0.071369 0.398883
vt 0.070607 0.398239
vt 0.070916 0.397869
vt 0.072278 0.398793
vt 0.071225 0.397499
vt 0.073187 0.398704
vt 0.121088 0.433833
vt 0.121088 0.432471
vt 0.121882 0.432266
vt 0.121882 0.433833
vt 0.122864 0.432266
vt 0.122864 0.433833
vt 0.123658 0.432471
vt 0.123658 0.433833
vt 0.012872 0.460965
vt 0.014946 0.459793
vt 0.017815 0.459984
vt 0.017735 0.460375
vt 0.177400 0.486354
vt 0.179123 0.486823
vt 0.178779 0.487127
vt 0.177228 0.486705
vt 0.178245 0.487474
vt 0.176694 0.487051
vt 0.177725 0.487730
vt 0.176002 0.487260
vt 0.068383 0.398034
vt 0.068339 0.397642
vt 0.068296 0.397250
vt 0.141730 0.440951
vt 0.143953 0.440294
vt 0.144324 0.440593
vt 0.141933 0.441299
vt 0.144889 0.440931
vt 0.142498 0.441637
vt 0.145431 0.441178
vt 0.143208 0.441835
vt 0.017895 0.459593
vt 0.022326 0.460506
vt 0.022078 0.460885
vt 0.182907 0.487855
vt 0.182475 0.488135
vt 0.181941 0.488481
vt 0.181509 0.488761
vt 0.063996 0.398472
vt 0.063783 0.398090
vt 0.063571 0.397708
vt 0.147920 0.439122
vt 0.148377 0.439395
vt 0.148942 0.439733
vt 0.149398 0.440006
vt 0.022574 0.460128
vt 0.023551 0.460648
vt 0.023371 0.461035
vt 0.183994 0.488187
vt 0.183730 0.488502
vt 0.183405 0.488891
vt 0.183141 0.489206
vt 0.062101 0.398659
vt 0.061819 0.398283
vt 0.061676 0.397894
vt 0.149512 0.438652
vt 0.149804 0.438963
vt 0.150164 0.439347
vt 0.150455 0.439657
vt 0.023867 0.460278
vt 0.111621 0.435123
vt 0.111602 0.431513
vt 0.112515 0.431577
vt 0.112555 0.435194
vt 0.186561 0.488083
vt 0.196562 0.486499
vt 0.196887 0.486817
vt 0.186874 0.488390
vt 0.197266 0.487189
vt 0.187261 0.488769
vt 0.197589 0.487506
vt 0.187574 0.489076
vt 0.151542 0.410755
vt 0.151552 0.407147
vt 0.152523 0.407217
vt 0.152476 0.410826
vt 0.153412 0.407145
vt 0.153409 0.410755
vt 0.153953 0.438713
vt 0.164098 0.440128
vt 0.163813 0.440439
vt 0.153668 0.439024
vt 0.163460 0.440824
vt 0.153315 0.439409
vt 0.163181 0.441128
vt 0.153030 0.439721
vt 0.110688 0.435194
vt 0.110663 0.431588
vt 0.112471 0.430968
vt 0.113160 0.431249
vt 0.197909 0.486475
vt 0.198115 0.486855
vt 0.198665 0.487191
vt 0.074839 0.397489
vt 0.074724 0.396911
vt 0.075433 0.396657
vt 0.075642 0.397411
vt 0.151354 0.406618
vt 0.152146 0.406431
vt 0.152843 0.406148
vt 0.166672 0.440586
vt 0.166499 0.440966
vt 0.165979 0.441310
vt 0.165312 0.441484
vt 0.111677 0.430782
vt 0.113546 0.430600
vt 0.113924 0.430977
vt 0.198946 0.486433
vt 0.199162 0.486819
vt 0.199887 0.487096
vt 0.050959 0.462049
vt 0.050024 0.461670
vt 0.050190 0.461298
vt 0.051548 0.461719
vt 0.149996 0.406111
vt 0.150331 0.405776
vt 0.150708 0.405399
vt 0.145091 0.410801
vt 0.142088 0.410826
vt 0.142134 0.410414
vt 0.145174 0.410392
vt 0.218628 0.417340
vt 0.220814 0.416870
vt 0.220746 0.417276
vt 0.218788 0.417716
vt 0.220911 0.417648
vt 0.219377 0.418046
vt 0.113211 0.430264
vt 0.115420 0.430583
vt 0.115423 0.430992
vt 0.050367 0.462362
vt 0.048868 0.462365
vt 0.048866 0.462079
vt 0.050092 0.462076
vt 0.048864 0.461672
vt 0.048864 0.461302
vt 0.148670 0.406143
vt 0.148672 0.405778
vt 0.148675 0.405365
vt 0.148678 0.405071
vt 0.150983 0.405125
vt 0.223119 0.416873
vt 0.223117 0.417280
vt 0.223118 0.417652
vt 0.115418 0.430221
vt 0.115425 0.431290
vt 0.168702 0.407664
vt 0.169005 0.408056
vt 0.168702 0.408449
vt 0.167908 0.408691
vt 0.166926 0.408691
vt 0.166132 0.408449
vt 0.165828 0.408056
vt 0.166132 0.407664
vt 0.166926 0.407421
vt 0.167908 0.407421
vt 0.024473 0.460755
vt 0.024340 0.461147
vt 0.185111 0.488239
vt 0.184977 0.488568
vt 0.184811 0.488974
vt 0.184676 0.489304
vt 0.060725 0.398794
vt 0.060396 0.398423
vt 0.060300 0.398030
vt 0.151038 0.438531
vt 0.151201 0.438857
vt 0.151403 0.439261
vt 0.151567 0.439588
vt 0.024836 0.460390
vt 0.112555 0.435656
vt 0.111621 0.435539
vt 0.077229 0.403117
vt 0.076252 0.403075
vt 0.076236 0.401836
vt 0.077215 0.401805
vt 0.078035 0.403071
vt 0.078019 0.401832
vt 0.110688 0.435656
vt 0.235011 0.423439
vt 0.234102 0.423528
vt 0.233339 0.422885
vt 0.233648 0.422515
vt 0.126409 0.434575
vt 0.126409 0.434909
vt 0.125231 0.434909
vt 0.124745 0.434575
vt 0.126409 0.435322
vt 0.125231 0.435322
vt 0.126409 0.435656
vt 0.124745 0.435656
vt 0.038960 0.417980
vt 0.038043 0.417905
vt 0.039323 0.416960
vt 0.039664 0.417326
vt 0.037127 0.417830
vt 0.038981 0.416595
vt 0.116997 0.432266
vt 0.117792 0.432266
vt 0.117792 0.433833
vt 0.116997 0.433628
vt 0.118773 0.432266
vt 0.118773 0.433833
vt 0.119567 0.432266
vt 0.119567 0.433628
vt 0.235920 0.423350
vt 0.233957 0.422144
vt 0.231116 0.422680
vt 0.231072 0.422288
vt 0.148586 0.461311
vt 0.148383 0.460963
vt 0.149896 0.460516
vt 0.150266 0.460814
vt 0.147819 0.460625
vt 0.149331 0.460178
vt 0.147108 0.460427
vt 0.148789 0.459930
vt 0.041877 0.416693
vt 0.041868 0.417086
vt 0.041886 0.416301
vt 0.172754 0.439437
vt 0.172926 0.439086
vt 0.175378 0.439755
vt 0.175034 0.440059
vt 0.173460 0.438740
vt 0.175912 0.439408
vt 0.174152 0.438531
vt 0.176432 0.439152
vt 0.231029 0.421896
vt 0.226729 0.423118
vt 0.226516 0.422736
vt 0.153499 0.459451
vt 0.153956 0.459724
vt 0.152935 0.459113
vt 0.152478 0.458840
vt 0.046470 0.417069
vt 0.046291 0.417455
vt 0.046648 0.416684
vt 0.179534 0.440888
vt 0.179102 0.441168
vt 0.180068 0.440542
vt 0.180501 0.440261
vt 0.226303 0.422354
vt 0.225422 0.423246
vt 0.225279 0.422857
vt 0.154721 0.459065
vt 0.155012 0.459375
vt 0.154361 0.458681
vt 0.154070 0.458370
vt 0.048449 0.417231
vt 0.048201 0.417611
vt 0.048558 0.416840
vt 0.180998 0.441298
vt 0.180735 0.441613
vt 0.181324 0.440908
vt 0.181587 0.440593
vt 0.224997 0.422482
vt 0.178130 0.409984
vt 0.177196 0.410055
vt 0.177236 0.406439
vt 0.178149 0.406374
vt 0.157587 0.459439
vt 0.157873 0.459127
vt 0.168018 0.460541
vt 0.167722 0.460864
vt 0.158225 0.458742
vt 0.168364 0.460164
vt 0.158511 0.458430
vt 0.168659 0.459842
vt 0.086858 0.419177
vt 0.085924 0.419248
vt 0.085877 0.415638
vt 0.086848 0.415569
vt 0.084990 0.419177
vt 0.084988 0.415567
vt 0.185167 0.441483
vt 0.184854 0.441176
vt 0.194866 0.439602
vt 0.195179 0.439909
vt 0.184468 0.440796
vt 0.194480 0.439224
vt 0.184155 0.440490
vt 0.194174 0.438924
vt 0.179063 0.410055
vt 0.179088 0.406449
vt 0.176591 0.406110
vt 0.177280 0.405830
vt 0.169242 0.460484
vt 0.169070 0.460868
vt 0.169762 0.460140
vt 0.026317 0.489937
vt 0.026378 0.489516
vt 0.028177 0.489480
vt 0.027703 0.489837
vt 0.086253 0.414853
vt 0.087046 0.415039
vt 0.085557 0.414570
vt 0.197504 0.439034
vt 0.197711 0.439411
vt 0.196954 0.438698
vt 0.196272 0.438535
vt 0.178074 0.405643
vt 0.175827 0.405838
vt 0.176205 0.405461
vt 0.170292 0.460504
vt 0.170110 0.460893
vt 0.170991 0.460216
vt 0.059944 0.489498
vt 0.059355 0.489169
vt 0.060714 0.488748
vt 0.060879 0.489119
vt 0.088069 0.414197
vt 0.088404 0.414533
vt 0.087692 0.413821
vt 0.140447 0.410393
vt 0.140567 0.410800
vt 0.137527 0.410826
vt 0.137444 0.410415
vt 0.135134 0.487910
vt 0.134974 0.488286
vt 0.133016 0.487846
vt 0.132948 0.487440
vt 0.134385 0.488616
vt 0.132851 0.488217
vt 0.176540 0.405126
vt 0.172520 0.405846
vt 0.172527 0.405437
vt 0.060536 0.489811
vt 0.060811 0.489525
vt 0.063844 0.489531
vt 0.063844 0.489816
vt 0.063838 0.489124
vt 0.063827 0.488754
vt 0.091505 0.414193
vt 0.091517 0.414558
vt 0.091498 0.413780
vt 0.087417 0.413547
vt 0.091497 0.413487
vt 0.128861 0.487852
vt 0.128868 0.487445
vt 0.128850 0.488224
vt 0.172539 0.405075
vt 0.168342 0.405843
vt 0.168455 0.405447
vt 0.172519 0.406144
vt 0.168341 0.406140
vt 0.068016 0.489122
vt 0.068022 0.489528
vt 0.068004 0.488751
vt 0.095683 0.414189
vt 0.095695 0.414553
vt 0.095676 0.413780
vt 0.095675 0.413483
vt 0.124683 0.487849
vt 0.124690 0.487443
vt 0.124672 0.488220
vt 0.168361 0.405070
vt 0.091191 0.416427
vt 0.091985 0.416185
vt 0.092967 0.416185
vt 0.093761 0.416427
vt 0.094064 0.416820
vt 0.093761 0.417212
vt 0.092967 0.417455
vt 0.091985 0.417455
vt 0.091191 0.417212
vt 0.090888 0.416820
vt 0.224444 0.423343
vt 0.224348 0.422949
vt 0.155961 0.458979
vt 0.156125 0.459306
vt 0.155759 0.458575
vt 0.155595 0.458249
vt 0.049884 0.417349
vt 0.049589 0.417725
vt 0.049946 0.416954
vt 0.182404 0.441381
vt 0.182270 0.441710
vt 0.182570 0.440974
vt 0.182705 0.440645
vt 0.224019 0.422578
vt 0.177196 0.410517
vt 0.178130 0.410400
vt 0.012872 0.489399
vt 0.015933 0.489217
vt 0.016048 0.489581
vt 0.013156 0.489750
vt 0.036130 0.419936
vt 0.036114 0.418697
vt 0.037093 0.418667
vt 0.037107 0.419978
vt 0.179063 0.410517
vt 0.013772 0.452794
vt 0.015220 0.451893
vt 0.015494 0.452268
vt 0.014672 0.452898
vt 0.165653 0.409818
vt 0.165653 0.410517
vt 0.164859 0.410313
vt 0.164859 0.409818
vt 0.163878 0.410313
vt 0.163878 0.409818
vt 0.163084 0.410517
vt 0.163084 0.409818
vt 0.071369 0.401155
vt 0.070607 0.400511
vt 0.070916 0.400141
vt 0.072278 0.401065
vt 0.071225 0.399770
vt 0.073187 0.400976
vt 0.123224 0.435656
vt 0.119985 0.435656
vt 0.119499 0.435322
vt 0.123224 0.435322
vt 0.119499 0.434909
vt 0.123224 0.434909
vt 0.119985 0.434575
vt 0.123224 0.434575
vt 0.012872 0.452689
vt 0.014946 0.451517
vt 0.017815 0.451708
vt 0.017735 0.452099
vt 0.147433 0.486354
vt 0.149156 0.486823
vt 0.148812 0.487127
vt 0.147261 0.486705
vt 0.148278 0.487474
vt 0.146727 0.487051
vt 0.147758 0.487730
vt 0.146035 0.487260
vt 0.068383 0.400306
vt 0.068339 0.399914
vt 0.068296 0.399522
vt 0.187604 0.415904
vt 0.189827 0.415247
vt 0.190198 0.415545
vt 0.187807 0.416252
vt 0.190762 0.415883
vt 0.188372 0.416589
vt 0.191305 0.416131
vt 0.189082 0.416787
vt 0.017895 0.451317
vt 0.022326 0.452231
vt 0.022078 0.452609
vt 0.152940 0.487855
vt 0.152508 0.488135
vt 0.151974 0.488481
vt 0.151542 0.488761
vt 0.063996 0.400744
vt 0.063783 0.400362
vt 0.063571 0.399980
vt 0.193794 0.414074
vt 0.194251 0.414347
vt 0.194815 0.414685
vt 0.195272 0.414958
vt 0.022574 0.451853
vt 0.023551 0.452373
vt 0.023371 0.452759
vt 0.154027 0.488187
vt 0.153763 0.488502
vt 0.153438 0.488891
vt 0.153174 0.489206
vt 0.062101 0.400930
vt 0.061819 0.400555
vt 0.061676 0.400166
vt 0.195386 0.413604
vt 0.195678 0.413915
vt 0.196038 0.414299
vt 0.196329 0.414610
vt 0.023867 0.452003
vt 0.160452 0.409984
vt 0.160432 0.406374
vt 0.161346 0.406439
vt 0.161386 0.410055
vt 0.156594 0.488083
vt 0.166595 0.486499
vt 0.166920 0.486817
vt 0.156907 0.488390
vt 0.167299 0.487189
vt 0.157294 0.488769
vt 0.167622 0.487506
vt 0.157606 0.489076
vt 0.102668 0.419177
vt 0.102678 0.415569
vt 0.103649 0.415638
vt 0.103602 0.419248
vt 0.104538 0.415567
vt 0.104535 0.419177
vt 0.199827 0.413665
vt 0.209972 0.415080
vt 0.209687 0.415391
vt 0.199542 0.413976
vt 0.209334 0.415776
vt 0.199189 0.414361
vt 0.209055 0.416080
vt 0.198904 0.414673
vt 0.159518 0.410055
vt 0.159494 0.406449
vt 0.161301 0.405830
vt 0.161990 0.406110
vt 0.167942 0.486475
vt 0.168148 0.486855
vt 0.168698 0.487191
vt 0.051598 0.414315
vt 0.051482 0.413737
vt 0.052192 0.413483
vt 0.052401 0.414237
vt 0.102480 0.415039
vt 0.103273 0.414853
vt 0.103969 0.414570
vt 0.212546 0.415538
vt 0.212373 0.415918
vt 0.211853 0.416262
vt 0.211186 0.416436
vt 0.160508 0.405643
vt 0.162377 0.405461
vt 0.162754 0.405838
vt 0.168979 0.486433
vt 0.169195 0.486819
vt 0.169920 0.487096
vt 0.074201 0.489498
vt 0.073266 0.489119
vt 0.073431 0.488748
vt 0.074790 0.489169
vt 0.101122 0.414533
vt 0.101457 0.414197
vt 0.101834 0.413821
vt 0.091573 0.419223
vt 0.088570 0.419248
vt 0.088617 0.418836
vt 0.091657 0.418814
vt 0.116069 0.487910
vt 0.118256 0.487440
vt 0.118188 0.487846
vt 0.116230 0.488286
vt 0.118353 0.488217
vt 0.116818 0.488616
vt 0.162042 0.405126
vt 0.073609 0.489811
vt 0.068022 0.489814
vt 0.073334 0.489525
vt 0.102109 0.413547
vt 0.147332 0.408008
vt 0.147635 0.408400
vt 0.147332 0.408793
vt 0.146538 0.409035
vt 0.145556 0.409035
vt 0.144762 0.408793
vt 0.144459 0.408400
vt 0.144762 0.408008
vt 0.145556 0.407765
vt 0.146538 0.407765
vt 0.024473 0.452480
vt 0.024340 0.452872
vt 0.155144 0.488239
vt 0.155010 0.488568
vt 0.154844 0.488974
vt 0.154709 0.489304
vt 0.060725 0.401066
vt 0.060396 0.400695
vt 0.060300 0.400301
vt 0.196912 0.413483
vt 0.197075 0.413810
vt 0.197277 0.414213
vt 0.197441 0.414540
vt 0.024836 0.452115
vt 0.161386 0.410517
vt 0.160452 0.410400
vt 0.053987 0.419942
vt 0.053011 0.419900
vt 0.052994 0.418661
vt 0.053973 0.418631
vt 0.054794 0.419897
vt 0.054777 0.418658
vt 0.159518 0.410517
s 1
usemtl cart
f 1/1/1 2/2/2 12/3/3 11/4/4
f 2/5/2 3/6/5 13/7/6 12/8/3
f 3/6/5 4/9/7 14/10/8 13/7/6
f 4/9/7 5/11/9 15/12/10 14/10/8
f 5/13/9 6/14/11 16/15/12 15/16/10
f 6/14/11 7/17/13 17/18/14 16/15/12
f 7/19/13 8/20/15 18/21/16 17/22/14
f 8/20/15 9/23/17 19/24/18 18/21/16
f 9/23/17 10/25/19 20/26/20 19/24/18
f 10/27/19 1/1/1 11/4/4 20/28/20
f 11/4/4 12/3/3 22/29/21 21/30/22
f 12/31/3 13/32/6 23/33/23 22/34/21
f 13/32/6 14/35/8 24/36/24 23/33/23
f 14/35/8 15/37/10 25/38/25 24/36/24
f 15/16/10 16/15/12 26/39/26 25/40/25
f 16/15/12 17/18/14 27/41/27 26/39/26
f 17/42/14 18/43/16 28/44/28 27/45/27
f 18/43/16 19/46/18 29/47/29 28/44/28
f 19/46/18 20/48/20 30/49/30 29/47/29
f 20/28/20 11/4/4 21/30/22 30/50/30
f 21/30/22 22/29/21 32/51/31 31/52/32
f 22/34/21 23/33/23 33/53/33 32/54/31
f 23/33/23 24/36/24 34/55/34 33/53/33
f 24/36/24 25/38/25 35/56/35 34/55/34
f 25/40/25 26/39/26 36/57/36 35/58/35
f 26/39/26 27/41/27 37/59/37 36/57/36
f 27/45/27 28/44/28 38/60/38 37/61/37
f 28/44/28 29/47/29 39/62/39 38/60/38
f 29/47/29 30/49/30 40/63/40 39/62/39
f 30/50/30 21/30/22 31/52/32 40/64/40
f 31/52/32 32/51/31 96/65/41 97/66/42
f 32/54/31 33/53/33 95/67/43 96/68/41
f 33/53/33 34/55/34 94/69/44 95/67/43
f 34/55/34 35/56/35 93/70/45 94/69/44
f 35/58/35 36/57/36 92/71/46 93/72/45
f 36/57/36 37/59/37 91/73/47 92/71/46
f 37/61/37 38/60/38 100/74/48 91/75/47
f 38/60/38 39/62/39 99/76/49 100/74/48
f 39/62/39 40/63/40 98/77/50 99/76/49
f 40/64/40 31/52/32 97/66/42 98/78/50
f 41/79/51 42/80/52 52/81/53 51/82/54
f 42/83/52 43/84/55 53/85/56 52/86/53
f 43/84/55 44/87/57 54/88/58 53/85/56
f 44/87/57 45/89/59 55/90/60 54/88/58
f 45/91/59 46/92/61 56/93/62 55/94/60
f 46/92/61 47/95/63 57/96/64 56/93/62
f 47/97/63 48/98/65 58/99/66 57/100/64
f 48/98/65 49/101/67 59/102/68 58/99/66
f 49/101/67 50/103/69 60/104/70 59/102/68
f 50/105/69 41/79/51 51/82/54 60/106/70
f 51/82/54 52/81/53 62/107/71 61/108/72
f 52/86/53 53/85/56 63/109/73 62/110/71
f 53/85/56 54/88/58 64/111/74 63/109/73
f 54/112/58 55/113/60 65/114/75 64/115/74
f 55/94/60 56/93/62 66/116/76 65/117/75
f 56/93/62 57/96/64 67/118/77 66/116/76
f 57/100/64 58/99/66 68/119/78 67/120/77
f 58/99/66 59/102/68 69/121/79 68/119/78
f 59/102/68 60/104/70 70/122/80 69/121/79
f 60/106/70 51/82/54 61/108/72 70/123/80
f 61/108/72 62/107/71 72/124/81 71/125/82
f 62/110/71 63/109/73 73/126/83 72/127/81
f 63/109/73 64/111/74 74/128/84 73/126/83
f 64/129/74 65/130/75 75/131/85 74/132/84
f 65/117/75 66/116/76 76/133/86 75/134/85
f 66/116/76 67/118/77 77/135/87 76/133/86
f 67/136/77 68/137/78 78/138/88 77/139/87
f 68/140/78 69/141/79 79/142/89 78/143/88
f 69/141/79 70/144/80 80/145/90 79/142/89
f 70/123/80 61/108/72 71/125/82 80/146/90
f 71/125/82 72/124/81 82/147/91 81/148/92
f 72/149/81 73/150/83 83/151/93 82/152/91
f 73/150/83 74/132/84 84/153/94 83/151/93
f 74/132/84 75/131/85 85/154/95 84/153/94
f 75/134/85 76/133/86 86/155/96 85/156/95
f 76/133/86 77/135/87 87/157/97 86/155/96
f 77/135/87 78/158/88 88/159/98 87/157/97
f 78/143/88 79/142/89 89/160/99 88/161/98
f 79/142/89 80/145/90 90/162/100 89/160/99
f 80/146/90 71/125/82 81/148/92 90/163/100
f 81/148/92 82/147/91 202/164/101 201/165/102
f 82/147/91 83/166/93 203/167/103 202/164/101
f 83/151/93 84/153/94 204/168/104 203/169/103
f 84/153/94 85/154/95 205/170/105 204/168/104
f 85/156/95 86/155/96 206/171/106 205/172/105
f 86/155/96 87/157/97 207/173/107 206/171/106
f 87/157/97 88/159/98 208/174/108 207/173/107
f 88/161/98 89/160/99 209/175/109 208/176/108
f 89/160/99 90/162/100 210/177/110 209/175/109
f 90/163/100 81/148/92 201/165/102 210/178/110
f 10/179/111 9/180/111 8/181/111 7/182/111 6/183/111 5/184/111 4/185/111 3/186/111 2/187/111 1/188/111
f 96/65/41 106/189/112 107/190/113 97/66/42
f 95/67/43 105/191/114 106/192/112 96/68/41
f 94/69/44 104/193/115 105/191/114 95/67/43
f 93/70/45 103/194/116 104/193/115 94/69/44
f 92/71/46 102/195/117 103/196/116 93/72/45
f 91/73/47 101/197/118 102/195/117 92/71/46
f 100/74/48 110/198/119 101/199/118 91/75/47
f 99/76/49 109/200/120 110/198/119 100/74/48
f 98/77/50 108/201/121 109/200/120 99/76/49
f 97/66/42 107/190/113 108/202/121 98/78/50
f 106/203/112 42/80/52 41/79/51 107/204/113
f 105/191/114 43/84/55 42/83/52 106/192/112
f 104/193/115 44/87/57 43/84/55 105/191/114
f 103/194/116 45/89/59 44/87/57 104/193/115
f 102/205/117 46/206/61 45/207/59 103/208/116
f 101/209/118 47/210/63 46/211/61 102/212/117
f 110/198/119 48/98/65 47/97/63 101/199/118
f 109/200/120 49/101/67 48/98/65 110/198/119
f 108/201/121 50/103/69 49/101/67 109/200/120
f 107/204/113 41/79/51 50/105/69 108/213/121
f 111/214/122 121/215/123 122/216/124 112/217/125
f 112/218/125 122/219/124 123/220/126 113/221/127
f 113/221/127 123/220/126 124/222/128 114/223/129
f 114/223/129 124/222/128 125/224/130 115/225/131
f 115/226/131 125/227/130 126/228/132 116/229/133
f 116/229/133 126/228/132 127/230/134 117/231/135
f 117/232/135 127/233/134 128/234/136 118/235/137
f 118/235/137 128/234/136 129/236/138 119/237/139
f 119/237/139 129/236/138 130/238/140 120/239/141
f 120/240/141 130/241/140 121/215/123 111/214/122
f 121/215/123 131/242/142 132/243/143 122/216/124
f 122/244/124 132/245/143 133/246/144 123/247/126
f 123/247/126 133/246/144 134/248/145 124/249/128
f 124/249/128 134/248/145 135/250/146 125/251/130
f 125/227/130 135/252/146 136/253/147 126/228/132
f 126/228/132 136/253/147 137/254/148 127/230/134
f 127/255/134 137/256/148 138/257/149 128/258/136
f 128/258/136 138/257/149 139/259/150 129/260/138
f 129/260/138 139/259/150 140/261/151 130/262/140
f 130/241/140 140/263/151 131/242/142 121/215/123
f 131/242/142 141/264/152 142/265/40 132/243/143
f 132/245/143 142/266/40 143/267/153 133/246/144
f 133/246/144 143/267/153 144/268/154 134/248/145
f 134/248/145 144/268/154 145/269/155 135/250/146
f 135/252/146 145/270/155 146/271/156 136/253/147
f 136/253/147 146/271/156 147/272/157 137/254/148
f 137/256/148 147/273/157 148/274/158 138/257/149
f 138/257/149 148/274/158 149/275/159 139/259/150
f 139/259/150 149/275/159 150/276/160 140/261/151
f 140/263/151 150/277/160 141/264/152 131/242/142
f 141/264/152 217/278/161 216/279/162 142/265/40
f 142/266/40 216/280/162 215/281/163 143/267/153
f 143/267/153 215/281/163 214/282/164 144/268/154
f 144/268/154 214/282/164 213/283/165 145/269/155
f 145/270/155 213/284/165 212/285/166 146/271/156
f 146/271/156 212/285/166 211/286/167 147/272/157
f 147/273/157 211/287/167 220/288/44 148/274/158
f 148/274/158 220/288/44 219/289/168 149/275/159
f 149/275/159 219/289/168 218/290/169 150/276/160
f 150/277/160 218/291/169 217/278/161 141/264/152
f 151/292/170 161/293/171 162/294/172 152/295/173
f 152/296/173 162/297/172 163/298/174 153/299/175
f 153/299/175 163/298/174 164/300/176 154/301/177
f 154/301/177 164/300/176 165/302/178 155/303/179
f 155/304/179 165/305/178 166/306/180 156/307/181
f 156/307/181 166/306/180 167/308/182 157/309/183
f 157/310/183 167/311/182 168/312/184 158/313/185
f 158/313/185 168/312/184 169/314/186 159/315/187
f 159/315/187 169/314/186 170/316/188 160/317/189
f 160/318/189 170/319/188 161/293/171 151/292/170
f 161/293/171 171/320/190 172/321/191 162/294/172
f 162/297/172 172/322/191 173/323/192 163/298/174
f 163/298/174 173/323/192 174/324/193 164/300/176
f 164/325/176 174/326/193 175/327/194 165/328/178
f 165/305/178 175/329/194 176/330/195 166/306/180
f 166/306/180 176/330/195 177/331/196 167/308/182
f 167/311/182 177/332/196 178/333/197 168/312/184
f 168/312/184 178/333/197 179/334/198 169/314/186
f 169/314/186 179/334/198 180/335/199 170/316/188
f 170/319/188 180/336/199 171/320/190 161/293/171
f 171/320/190 181/337/200 182/338/201 172/321/191
f 172/322/191 182/339/201 183/340/202 173/323/192
f 173/323/192 183/340/202 184/341/203 174/324/193
f 174/342/193 184/343/203 185/344/204 175/345/194
f 175/329/194 185/346/204 186/347/205 176/330/195
f 176/330/195 186/347/205 187/348/206 177/331/196
f 177/349/196 187/350/206 188/351/207 178/352/197
f 178/353/197 188/354/207 189/355/208 179/356/198
f 179/356/198 189/355/208 190/357/209 180/358/199
f 180/336/199 190/359/209 181/337/200 171/320/190
f 181/337/200 191/360/210 192/361/211 182/338/201
f 182/362/201 192/363/211 193/364/212 183/365/202
f 183/365/202 193/364/212 194/366/213 184/343/203
f 184/343/203 194/366/213 195/367/214 185/344/204
f 185/346/204 195/368/214 196/369/215 186/347/205
f 186/347/205 196/369/215 197/370/216 187/348/206
f 187/348/206 197/370/216 198/371/217 188/372/207
f 188/354/207 198/373/217 199/374/218 189/355/208
f 189/355/208 199/374/218 200/375/219 190/357/209
f 190/359/209 200/376/219 191/360/210 181/337/200
f 191/360/210 201/165/102 202/164/101 192/361/211
f 192/361/211 202/164/101 203/167/103 193/377/212
f 193/364/212 203/169/103 204/168/104 194/366/213
f 194/366/213 204/168/104 205/170/105 195/367/214
f 195/368/214 205/172/105 206/171/106 196/369/215
f 196/369/215 206/171/106 207/173/107 197/370/216
f 197/370/216 207/173/107 208/174/108 198/371/217
f 198/373/217 208/176/108 209/175/109 199/374/218
f 199/374/218 209/175/109 210/177/110 200/375/219
f 200/376/219 210/178/110 201/165/102 191/360/210
f 120/378/220 111/379/220 112/380/220 113/381/220 114/382/220 115/383/220 116/384/220 117/385/220 118/386/220 119/387/220
f 216/279/162 217/278/161 227/388/221 226/389/222
f 215/281/163 216/280/162 226/390/222 225/391/223
f 214/282/164 215/281/163 225/391/223 224/392/119
f 213/283/165 214/282/164 224/392/119 223/393/224
f 212/285/166 213/284/165 223/394/224 222/395/225
f 211/286/167 212/285/166 222/395/225 221/396/226
f 220/288/44 211/287/167 221/397/226 230/398/227
f 219/289/168 220/288/44 230/398/227 229/399/228
f 218/290/169 219/289/168 229/399/228 228/400/229
f 217/278/161 218/291/169 228/401/229 227/388/221
f 226/402/222 227/403/221 151/292/170 152/295/173
f 225/391/223 226/390/222 152/296/173 153/299/175
f 224/392/119 225/391/223 153/299/175 154/301/177
f 223/393/224 224/392/119 154/301/177 155/303/179
f 222/404/225 223/405/224 155/406/179 156/407/181
f 221/408/226 222/404/225 156/407/181 157/409/183
f 230/398/227 221/397/226 157/310/183 158/313/185
f 229/399/228 230/398/227 158/313/185 159/315/187
f 228/400/229 229/399/228 159/315/187 160/317/189
f 227/403/221 228/410/229 160/318/189 151/292/170
f 231/411/230 232/412/231 242/413/232 241/414/233
f 232/415/231 233/416/234 243/417/6 242/418/232
f 233/416/234 234/419/235 244/420/8 243/417/6
f 234/419/235 235/421/236 245/422/237 244/420/8
f 235/423/236 236/424/238 246/425/12 245/426/237
f 236/424/238 237/427/239 247/428/240 246/425/12
f 237/429/239 238/430/241 248/431/16 247/432/240
f 238/430/241 239/433/242 249/434/243 248/431/16
f 239/433/242 240/435/244 250/436/245 249/434/243
f 240/437/244 231/411/230 241/414/233 250/438/245
f 241/414/233 242/413/232 252/439/246 251/440/247
f 242/441/232 243/442/6 253/443/248 252/444/246
f 243/442/6 244/445/8 254/446/249 253/443/248
f 244/445/8 245/447/237 255/448/250 254/446/249
f 245/426/237 246/425/12 256/449/251 255/450/250
f 246/425/12 247/428/240 257/451/27 256/449/251
f 247/452/240 248/453/16 258/454/252 257/455/27
f 248/453/16 249/456/243 259/457/253 258/454/252
f 249/456/243 250/458/245 260/459/30 259/457/253
f 250/438/245 241/414/233 251/440/247 260/460/30
f 251/440/247 252/439/246 262/461/254 261/462/32
f 252/444/246 253/443/248 263/463/255 262/464/254
f 253/443/248 254/446/249 264/465/256 263/463/255
f 254/446/249 255/448/250 265/466/257 264/465/256
f 255/450/250 256/449/251 266/467/156 265/468/257
f 256/449/251 257/451/27 267/469/258 266/467/156
f 257/455/27 258/454/252 268/470/259 267/471/258
f 258/454/252 259/457/253 269/472/260 268/470/259
f 259/457/253 260/459/30 270/473/261 269/472/260
f 260/460/30 251/440/247 261/462/32 270/474/261
f 261/462/32 262/461/254 326/475/262 327/476/263
f 262/464/254 263/463/255 325/477/264 326/478/262
f 263/463/255 264/465/256 324/479/44 325/477/264
f 264/465/256 265/466/257 323/480/45 324/479/44
f 265/468/257 266/467/156 322/481/265 323/482/45
f 266/467/156 267/469/258 321/483/165 322/481/265
f 267/471/258 268/470/259 330/484/164 321/485/165
f 268/470/259 269/472/260 329/486/266 330/484/164
f 269/472/260 270/473/261 328/487/50 329/486/266
f 270/474/261 261/462/32 327/476/263 328/488/50
f 271/489/267 272/490/52 282/491/268 281/492/269
f 272/493/52 273/494/270 283/495/271 282/496/268
f 273/494/270 274/497/272 284/498/273 283/495/271
f 274/497/272 275/499/59 285/500/274 284/498/273
f 275/501/59 276/502/275 286/503/276 285/504/274
f 276/502/275 277/505/277 287/506/64 286/503/276
f 277/507/277 278/508/278 288/509/279 287/510/64
f 278/508/278 279/511/67 289/512/68 288/509/279
f 279/511/67 280/513/280 290/514/70 289/512/68
f 280/515/280 271/489/267 281/492/269 290/516/70
f 281/492/269 282/491/268 292/517/281 291/518/282
f 282/496/268 283/495/271 293/519/283 292/520/281
f 283/495/271 284/498/273 294/521/284 293/519/283
f 284/522/273 285/523/274 295/524/285 294/525/284
f 285/504/274 286/503/276 296/526/286 295/527/285
f 286/503/276 287/506/64 297/528/287 296/526/286
f 287/510/64 288/509/279 298/529/78 297/530/287
f 288/509/279 289/512/68 299/531/288 298/529/78
f 289/512/68 290/514/70 300/532/289 299/531/288
f 290/516/70 281/492/269 291/518/282 300/533/289
f 291/518/282 292/517/281 302/534/290 301/535/291
f 292/520/281 293/519/283 303/536/292 302/537/290
f 293/519/283 294/521/284 304/538/293 303/536/292
f 294/539/284 295/540/285 305/541/294 304/542/293
f 295/527/285 296/526/286 306/543/295 305/544/294
f 296/526/286 297/528/287 307/545/296 306/543/295
f 297/546/287 298/547/78 308/548/297 307/549/296
f 298/550/78 299/551/288 309/552/298 308/553/297
f 299/551/288 300/554/289 310/555/299 309/552/298
f 300/533/289 291/518/282 301/535/291 310/556/299
f 301/535/291 302/534/290 312/557/300 311/558/301
f 302/559/290 303/560/292 313/561/302 312/562/300
f 303/560/292 304/542/293 314/563/303 313/561/302
f 304/542/293 305/541/294 315/564/304 314/563/303
f 305/544/294 306/543/295 316/565/305 315/566/304
f 306/543/295 307/545/296 317/567/306 316/565/305
f 307/545/296 308/568/297 318/569/307 317/567/306
f 308/553/297 309/552/298 319/570/308 318/571/307
f 309/552/298 310/555/299 320/572/309 319/570/308
f 310/556/299 301/535/291 311/558/301 320/573/309
f 311/558/301 312/557/300 422/574/310 421/575/311
f 312/557/300 313/576/302 423/577/312 422/574/310
f 313/561/302 314/563/303 424/578/313 423/579/312
f 314/563/303 315/564/304 425/580/314 424/578/313
f 315/566/304 316/565/305 426/581/315 425/582/314
f 316/565/305 317/567/306 427/583/316 426/581/315
f 317/567/306 318/569/307 428/584/317 427/583/316
f 318/571/307 319/570/308 429/585/318 428/586/317
f 319/570/308 320/572/309 430/587/319 429/585/318
f 320/573/309 311/558/301 421/575/311 430/588/319
f 240/589/320 239/590/320 238/591/320 237/592/320 236/593/320 235/594/320 234/595/320 233/596/320 232/597/320 231/598/320
f 326/475/262 336/599/321 337/600/322 327/476/263
f 325/477/264 335/601/323 336/602/321 326/478/262
f 324/479/44 334/603/324 335/601/323 325/477/264
f 323/480/45 333/604/325 334/603/324 324/479/44
f 322/481/265 332/605/326 333/606/325 323/482/45
f 321/483/165 331/607/327 332/605/326 322/481/265
f 330/484/164 340/608/328 331/609/327 321/485/165
f 329/486/266 339/610/223 340/608/328 330/484/164
f 328/487/50 338/611/329 339/610/223 329/486/266
f 327/476/263 337/600/322 338/612/329 328/488/50
f 336/613/321 272/490/52 271/489/267 337/614/322
f 335/601/323 273/494/270 272/493/52 336/602/321
f 334/603/324 274/497/272 273/494/270 335/601/323
f 333/604/325 275/499/59 274/497/272 334/603/324
f 332/615/326 276/616/275 275/617/59 333/618/325
f 331/619/327 277/620/277 276/621/275 332/622/326
f 340/608/328 278/508/278 277/507/277 331/609/327
f 339/610/223 279/511/67 278/508/278 340/608/328
f 338/611/329 280/513/280 279/511/67 339/610/223
f 337/614/322 271/489/267 280/515/280 338/623/329
f 341/624/330 351/625/123 352/626/331 342/627/332
f 342/628/332 352/629/331 353/630/126 343/631/333
f 343/631/333 353/630/126 354/632/334 344/633/335
f 344/633/335 354/632/334 355/634/130 345/635/336
f 345/636/336 355/637/130 356/638/337 346/639/338
f 346/639/338 356/638/337 357/640/339 347/641/340
f 347/642/340 357/643/339 358/644/136 348/645/341
f 348/645/341 358/644/136 359/646/342 349/647/343
f 349/647/343 359/646/342 360/648/344 350/649/345
f 350/650/345 360/651/344 351/625/123 341/624/330
f 351/625/123 361/652/142 362/653/346 352/626/331
f 352/654/331 362/655/346 363/656/347 353/657/126
f 353/657/126 363/656/347 364/658/348 354/659/334
f 354/659/334 364/658/348 365/660/146 355/661/130
f 355/637/130 365/662/146 366/663/349 356/638/337
f 356/638/337 366/663/349 367/664/350 357/640/339
f 357/665/339 367/666/350 368/667/351 358/668/136
f 358/668/136 368/667/351 369/669/352 359/670/342
f 359/670/342 369/669/352 370/671/353 360/672/344
f 360/651/344 370/673/353 361/652/142 351/625/123
f 361/652/142 371/674/354 372/675/355 362/653/346
f 362/655/346 372/676/355 373/677/356 363/656/347
f 363/656/347 373/677/356 374/678/357 364/658/348
f 364/658/348 374/678/357 375/679/358 365/660/146
f 365/662/146 375/680/358 376/681/156 366/663/349
f 366/663/349 376/681/156 377/682/359 367/664/350
f 367/666/350 377/683/359 378/684/360 368/667/351
f 368/667/351 378/684/360 379/685/361 369/669/352
f 369/669/352 379/685/361 380/686/160 370/671/353
f 370/673/353 380/687/160 371/674/354 361/652/142
f 371/674/354 437/688/161 436/689/362 372/675/355
f 372/676/355 436/690/362 435/691/163 373/677/356
f 373/677/356 435/691/163 434/692/363 374/678/357
f 374/678/357 434/692/363 433/693/364 375/679/358
f 375/680/358 433/694/364 432/695/265 376/681/156
f 376/681/156 432/695/265 431/696/45 377/682/359
f 377/683/359 431/697/45 440/698/365 378/684/360
f 378/684/360 440/698/365 439/699/43 379/685/361
f 379/685/361 439/699/43 438/700/169 380/686/160
f 380/687/160 438/701/169 437/688/161 371/674/354
f 381/702/366 391/703/367 392/704/172 382/705/368
f 382/706/368 392/707/172 393/708/369 383/709/370
f 383/709/370 393/708/369 394/710/176 384/711/371
f 384/711/371 394/710/176 395/712/372 385/713/373
f 385/714/373 395/715/372 396/716/180 386/717/374
f 386/717/374 396/716/180 397/718/375 387/719/376
f 387/720/376 397/721/375 398/722/377 388/723/378
f 388/723/378 398/722/377 399/724/379 389/725/380
f 389/725/380 399/724/379 400/726/381 390/727/382
f 390/728/382 400/729/381 391/703/367 381/702/366
f 391/703/367 401/730/383 402/731/384 392/704/172
f 392/707/172 402/732/384 403/733/385 393/708/369
f 393/708/369 403/733/385 404/734/386 394/710/176
f 394/735/176 404/736/386 405/737/387 395/738/372
f 395/715/372 405/739/387 406/740/195 396/716/180
f 396/716/180 406/740/195 407/741/196 397/718/375
f 397/721/375 407/742/196 408/743/197 398/722/377
f 398/722/377 408/743/197 409/744/388 399/724/379
f 399/724/379 409/744/388 410/745/389 400/726/381
f 400/729/381 410/746/389 401/730/383 391/703/367
f 401/730/383 411/747/390 412/748/391 402/731/384
f 402/732/384 412/749/391 413/750/392 403/733/385
f 403/733/385 413/750/392 414/751/393 404/734/386
f 404/752/386 414/753/393 415/754/394 405/755/387
f 405/739/387 415/756/394 416/757/395 406/740/195
f 406/740/195 416/757/395 417/758/396 407/741/196
f 407/759/196 417/760/396 418/761/397 408/762/197
f 408/763/197 418/764/397 419/765/398 409/766/388
f 409/766/388 419/765/398 420/767/399 410/768/389
f 410/746/389 420/769/399 411/747/390 401/730/383
f 411/747/390 421/575/311 422/574/310 412/748/391
f 412/770/391 422/771/310 423/579/312 413/772/392
f 413/772/392 423/579/312 424/578/313 414/753/393
f 414/753/393 424/578/313 425/580/314 415/754/394
f 415/756/394 425/582/314 426/581/315 416/757/395
f 416/757/395 426/581/315 427/583/316 417/758/396
f 417/758/396 427/583/316 428/584/317 418/773/397
f 418/764/397 428/586/317 429/585/318 419/765/398
f 419/765/398 429/585/318 430/587/319 420/767/399
f 420/769/399 430/588/319 421/575/311 411/747/390
f 350/774/400 341/775/400 342/776/400 343/777/400 344/778/400 345/779/400 346/780/400 347/781/400 348/782/400 349/783/400
f 436/689/362 437/688/161 447/784/401 446/785/222
f 435/691/163 436/690/362 446/786/222 445/787/223
f 434/692/363 435/691/163 445/787/223 444/788/328
f 433/693/364 434/692/363 444/788/328 443/789/118
f 432/695/265 433/694/364 443/790/118 442/791/402
f 431/696/45 432/695/265 442/791/402 441/792/403
f 440/698/365 431/697/45 441/793/403 450/794/404
f 439/699/43 440/698/365 450/794/404 449/795/405
f 438/700/169 439/699/43 449/795/405 448/796/406
f 437/688/161 438/701/169 448/797/406 447/784/401
f 446/798/222 447/799/401 381/702/366 382/705/368
f 445/787/223 446/786/222 382/706/368 383/709/370
f 444/788/328 445/787/223 383/709/370 384/711/371
f 443/789/118 444/788/328 384/711/371 385/713/373
f 442/800/402 443/801/118 385/802/373 386/803/374
f 441/804/403 442/800/402 386/803/374 387/805/376
f 450/794/404 441/793/403 387/720/376 388/723/378
f 449/795/405 450/794/404 388/723/378 389/725/380
f 448/796/406 449/795/405 389/725/380 390/727/382
f 447/799/401 448/806/406 390/728/382 381/702/366
o 1A_bar_back003
v -0.001267 0.009108 -0.001720
v -0.001267 0.009347 -0.001720
v -0.001408 0.009539 -0.001719
v -0.001634 0.009611 -0.001717
v -0.001859 0.009536 -0.001716
v -0.001998 0.009342 -0.001715
v -0.001997 0.009103 -0.001715
v -0.001857 0.008911 -0.001716
v -0.001631 0.008839 -0.001718
v -0.001406 0.008914 -0.001719
v -0.001201 0.009299 -0.001132
v -0.001235 0.009438 -0.001321
v -0.001396 0.009568 -0.001437
v -0.001622 0.009640 -0.001435
v -0.001827 0.009627 -0.001316
v -0.001932 0.009533 -0.001126
v -0.001898 0.009394 -0.000937
v -0.001737 0.009264 -0.000822
v -0.001511 0.009192 -0.000824
v -0.001307 0.009205 -0.000942
v -0.001022 0.009852 -0.000866
v -0.001081 0.009913 -0.001086
v -0.001257 0.009996 -0.001221
v -0.001483 0.010068 -0.001219
v -0.001673 0.010102 -0.001082
v -0.001753 0.010085 -0.000860
v -0.001694 0.010024 -0.000640
v -0.001518 0.009941 -0.000505
v -0.001292 0.009869 -0.000507
v -0.001103 0.009834 -0.000645
v -0.000675 0.010935 -0.000869
v -0.000747 0.010958 -0.001092
v -0.000931 0.011016 -0.001229
v -0.001157 0.011089 -0.001228
v -0.001339 0.011147 -0.001088
v -0.001407 0.011169 -0.000863
v -0.001335 0.011147 -0.000639
v -0.001151 0.011088 -0.000502
v -0.000925 0.011016 -0.000504
v -0.000744 0.010958 -0.000644
v -0.000123 0.011553 -0.000873
v -0.000145 0.011623 -0.001097
v -0.000199 0.011809 -0.001235
v -0.000265 0.012038 -0.001234
v -0.000317 0.012223 -0.001095
v -0.000335 0.012294 -0.000871
v -0.000313 0.012223 -0.000647
v -0.000259 0.012038 -0.000509
v -0.000194 0.011809 -0.000509
v -0.000142 0.011623 -0.000648
v 0.002325 0.012395 -0.000887
v 0.002305 0.012459 -0.001106
v 0.002249 0.012651 -0.001254
v 0.002185 0.012876 -0.001255
v 0.002131 0.013067 -0.001112
v 0.002113 0.013136 -0.000879
v 0.002135 0.013065 -0.000665
v 0.002189 0.012879 -0.000528
v 0.002255 0.012651 -0.000528
v 0.002305 0.012470 -0.000661
v 0.002707 0.012565 -0.001099
v 0.002565 0.012656 -0.001263
v 0.002465 0.012858 -0.001342
v 0.002446 0.013092 -0.001303
v 0.002515 0.013270 -0.001163
v 0.002647 0.013324 -0.000973
v 0.002790 0.013233 -0.000807
v 0.002889 0.013032 -0.000730
v 0.002907 0.012798 -0.000768
v 0.002838 0.012619 -0.000909
v 0.002970 0.012700 -0.001359
v 0.002773 0.012797 -0.001448
v 0.002673 0.013003 -0.001514
v 0.002708 0.013238 -0.001530
v 0.002864 0.013414 -0.001492
v 0.003083 0.013462 -0.001413
v 0.003280 0.013365 -0.001324
v 0.003380 0.013159 -0.001259
v 0.003345 0.012924 -0.001242
v 0.003189 0.012748 -0.001280
v 0.002975 0.012696 -0.001809
v 0.002761 0.012798 -0.001808
v 0.002649 0.013008 -0.001808
v 0.002681 0.013245 -0.001809
v 0.002844 0.013417 -0.001810
v 0.003078 0.013461 -0.001811
v 0.003294 0.013357 -0.001812
v 0.003405 0.013149 -0.001812
v 0.003372 0.012912 -0.001812
v 0.003208 0.012739 -0.001811
v -0.001191 0.011597 -0.000640
v -0.001255 0.011636 -0.000864
v -0.001194 0.011597 -0.001089
v -0.001032 0.011497 -0.001229
v -0.000829 0.011374 -0.001230
v -0.000664 0.011274 -0.001093
v -0.000600 0.011235 -0.000869
v -0.000661 0.011274 -0.000644
v -0.000823 0.011374 -0.000504
v -0.001026 0.011497 -0.000503
v -0.000939 0.011878 -0.000642
v -0.000996 0.011926 -0.000866
v -0.000942 0.011878 -0.001091
v -0.000798 0.011752 -0.001230
v -0.000619 0.011596 -0.001232
v -0.000474 0.011469 -0.001094
v -0.000416 0.011421 -0.000870
v -0.000470 0.011469 -0.000646
v -0.000614 0.011595 -0.000506
v -0.000793 0.011751 -0.000504
v -0.001287 0.009109 -0.004255
v -0.001287 0.009347 -0.004255
v -0.001428 0.009539 -0.004254
v -0.001654 0.009612 -0.004252
v -0.001879 0.009537 -0.004250
v -0.002018 0.009343 -0.004249
v -0.002017 0.009104 -0.004249
v -0.001877 0.008912 -0.004251
v -0.001651 0.008840 -0.004252
v -0.001426 0.008915 -0.004254
v -0.001230 0.009300 -0.004845
v -0.001261 0.009439 -0.004655
v -0.001420 0.009569 -0.004537
v -0.001646 0.009641 -0.004535
v -0.001853 0.009628 -0.004650
v -0.001962 0.009534 -0.004839
v -0.001930 0.009396 -0.005028
v -0.001771 0.009265 -0.005146
v -0.001545 0.009193 -0.005148
v -0.001339 0.009206 -0.005033
v -0.001056 0.009853 -0.005113
v -0.001111 0.009914 -0.004892
v -0.001285 0.009997 -0.004754
v -0.001511 0.010069 -0.004752
v -0.001703 0.010104 -0.004887
v -0.001787 0.010087 -0.005107
v -0.001731 0.010025 -0.005328
v -0.001557 0.009942 -0.005466
v -0.001331 0.009870 -0.005468
v -0.001140 0.009836 -0.005333
v -0.000709 0.010937 -0.005115
v -0.000777 0.010959 -0.004891
v -0.000959 0.011017 -0.004750
v -0.001185 0.011090 -0.004749
v -0.001369 0.011148 -0.004886
v -0.001440 0.011170 -0.005109
v -0.001372 0.011148 -0.005334
v -0.001190 0.011090 -0.005474
v -0.000965 0.011017 -0.005476
v -0.000781 0.010959 -0.005339
v -0.000157 0.011554 -0.005120
v -0.000175 0.011624 -0.004895
v -0.000227 0.011810 -0.004756
v -0.000292 0.012039 -0.004755
v -0.000346 0.012224 -0.004893
v -0.000368 0.012295 -0.005118
v -0.000350 0.012224 -0.005342
v -0.000298 0.012039 -0.005481
v -0.000233 0.011810 -0.005482
v -0.000179 0.011625 -0.005344
v 0.002291 0.012396 -0.005143
v 0.002275 0.012460 -0.004924
v 0.002221 0.012652 -0.004775
v 0.002157 0.012877 -0.004773
v 0.002101 0.013068 -0.004915
v 0.002080 0.013137 -0.005148
v 0.002098 0.013066 -0.005362
v 0.002150 0.012881 -0.005500
v 0.002215 0.012652 -0.005501
v 0.002268 0.012471 -0.005368
v 0.002676 0.012567 -0.004937
v 0.002537 0.012657 -0.004771
v 0.002438 0.012859 -0.004690
v 0.002419 0.013093 -0.004728
v 0.002486 0.013271 -0.004870
v 0.002614 0.013326 -0.005062
v 0.002755 0.013234 -0.005230
v 0.002853 0.013034 -0.005309
v 0.002872 0.012799 -0.005271
v 0.002805 0.012621 -0.005129
v 0.002944 0.012701 -0.004681
v 0.002748 0.012798 -0.004589
v 0.002649 0.013004 -0.004522
v 0.002684 0.013239 -0.004506
v 0.002840 0.013415 -0.004547
v 0.003058 0.013463 -0.004629
v 0.003253 0.013366 -0.004721
v 0.003352 0.013160 -0.004788
v 0.003317 0.012925 -0.004804
v 0.003161 0.012749 -0.004763
v 0.002956 0.012696 -0.004231
v 0.002742 0.012799 -0.004229
v 0.002630 0.013009 -0.004227
v 0.002662 0.013246 -0.004227
v 0.002825 0.013418 -0.004228
v 0.003059 0.013462 -0.004231
v 0.003275 0.013357 -0.004233
v 0.003385 0.013149 -0.004235
v 0.003353 0.012912 -0.004235
v 0.003189 0.012739 -0.004233
v 0.002966 0.012695 -0.003020
v 0.002752 0.012798 -0.003019
v 0.002640 0.013008 -0.003018
v 0.002672 0.013244 -0.003018
v 0.002836 0.013417 -0.003019
v 0.003069 0.013461 -0.003021
v 0.003283 0.013358 -0.003023
v 0.003396 0.013148 -0.003024
v 0.003364 0.012912 -0.003023
v 0.003200 0.012739 -0.003022
v -0.001228 0.011599 -0.005335
v -0.001289 0.011637 -0.005111
v -0.001224 0.011599 -0.004887
v -0.001059 0.011498 -0.004749
v -0.000857 0.011375 -0.004751
v -0.000694 0.011275 -0.004891
v -0.000633 0.011237 -0.005116
v -0.000698 0.011275 -0.005340
v -0.000863 0.011375 -0.005477
v -0.001065 0.011499 -0.005475
v -0.000976 0.011879 -0.005337
v -0.001029 0.011927 -0.005113
v -0.000972 0.011879 -0.004889
v -0.000826 0.011753 -0.004751
v -0.000647 0.011597 -0.004753
v -0.000504 0.011470 -0.004892
v -0.000450 0.011422 -0.005117
v -0.000507 0.011470 -0.005341
v -0.000653 0.011597 -0.005479
v -0.000832 0.011753 -0.005477
v -0.001241 0.009144 0.004383
v -0.001242 0.009382 0.004383
v -0.001382 0.009574 0.004384
v -0.001608 0.009647 0.004386
v -0.001833 0.009571 0.004388
v -0.001972 0.009369 0.002984
v -0.001972 0.009131 0.002982
v -0.001831 0.008939 0.002982
v -0.001606 0.008866 0.002982
v -0.001380 0.008950 0.004384
v -0.001175 0.009335 0.004971
v -0.001209 0.009473 0.004783
v -0.001370 0.009604 0.004667
v -0.001596 0.009676 0.004669
v -0.001801 0.009663 0.004787
v -0.001906 0.009569 0.004977
v -0.001872 0.009430 0.005166
v -0.001711 0.009300 0.005282
v -0.001485 0.009228 0.005280
v -0.001281 0.009241 0.005161
v -0.000996 0.009887 0.005237
v -0.001055 0.009949 0.005017
v -0.001231 0.010032 0.004882
v -0.001457 0.010104 0.004884
v -0.001647 0.010138 0.005022
v -0.001728 0.010121 0.005243
v -0.001669 0.010059 0.005463
v -0.001492 0.009977 0.005598
v -0.001266 0.009904 0.005596
v -0.001077 0.009870 0.005459
v -0.000650 0.010971 0.005235
v -0.000721 0.010993 0.005011
v -0.000905 0.011052 0.004874
v -0.001131 0.011124 0.004876
v -0.001313 0.011183 0.005016
v -0.001381 0.011205 0.005241
v -0.001309 0.011183 0.005464
v -0.001125 0.011124 0.005602
v -0.000899 0.011052 0.005600
v -0.000718 0.010993 0.005460
v -0.000097 0.011588 0.005231
v -0.000119 0.011659 0.005007
v -0.000173 0.011844 0.004869
v -0.000239 0.012074 0.004869
v -0.000291 0.012259 0.005008
v -0.000309 0.012330 0.005233
v -0.000287 0.012259 0.005457
v -0.000233 0.012073 0.005595
v -0.000168 0.011844 0.005594
v -0.000116 0.011659 0.005455
v 0.002351 0.012430 0.005216
v 0.002331 0.012494 0.004997
v 0.002275 0.012687 0.004849
v 0.002211 0.012911 0.004849
v 0.002157 0.013103 0.004991
v 0.002139 0.013172 0.005225
v 0.002161 0.013100 0.005438
v 0.002215 0.012915 0.005576
v 0.002281 0.012686 0.005575
v 0.002331 0.012505 0.005442
v 0.002732 0.012601 0.005005
v 0.002591 0.012691 0.004840
v 0.002490 0.012893 0.004761
v 0.002472 0.013128 0.004800
v 0.002541 0.013306 0.004941
v 0.002672 0.013360 0.005130
v 0.002816 0.013268 0.005296
v 0.002915 0.013068 0.005374
v 0.002933 0.012833 0.005335
v 0.002864 0.012655 0.005194
v 0.002996 0.012736 0.004744
v 0.002799 0.012833 0.004655
v 0.002699 0.013039 0.004590
v 0.002734 0.013274 0.004573
v 0.002890 0.013449 0.004612
v 0.003109 0.013498 0.004691
v 0.003306 0.013401 0.004780
v 0.003406 0.013195 0.004845
v 0.003371 0.012960 0.004861
v 0.003215 0.012784 0.004823
v 0.003024 0.012731 0.004226
v 0.002810 0.012834 0.004227
v 0.002698 0.013044 0.004227
v 0.002730 0.013280 0.004228
v 0.002893 0.013453 0.004229
v 0.003127 0.013497 0.004229
v 0.003343 0.013392 0.004229
v 0.003454 0.013184 0.004228
v 0.003422 0.012947 0.004228
v 0.003257 0.012774 0.004227
v -0.001165 0.011633 0.005463
v -0.001229 0.011671 0.005240
v -0.001169 0.011633 0.005015
v -0.001006 0.011533 0.004875
v -0.000803 0.011409 0.004873
v -0.000638 0.011309 0.005011
v -0.000574 0.011271 0.005234
v -0.000635 0.011309 0.005459
v -0.000798 0.011409 0.005599
v -0.001000 0.011533 0.005601
v -0.000913 0.011913 0.005462
v -0.000970 0.011962 0.005238
v -0.000916 0.011913 0.005013
v -0.000773 0.011787 0.004873
v -0.000594 0.011631 0.004872
v -0.000448 0.011505 0.005009
v -0.000391 0.011457 0.005233
v -0.000444 0.011505 0.005458
v -0.000588 0.011631 0.005598
v -0.000767 0.011787 0.005599
v -0.001261 0.009144 0.001848
v -0.001262 0.009383 0.001848
v -0.001402 0.009575 0.001849
v -0.001628 0.009647 0.001851
v -0.001853 0.009572 0.001853
v -0.001992 0.009378 0.001854
v -0.001992 0.009140 0.001854
v -0.001851 0.008948 0.001853
v -0.001626 0.008875 0.001851
v -0.001400 0.008951 0.001849
v -0.001204 0.009336 0.001259
v -0.001236 0.009474 0.001448
v -0.001395 0.009604 0.001567
v -0.001621 0.009677 0.001568
v -0.001827 0.009664 0.001453
v -0.001936 0.009570 0.001265
v -0.001905 0.009431 0.001075
v -0.001746 0.009301 0.000957
v -0.001520 0.009229 0.000955
v -0.001313 0.009242 0.001071
v -0.001030 0.009888 0.000991
v -0.001085 0.009950 0.001212
v -0.001259 0.010033 0.001349
v -0.001485 0.010105 0.001351
v -0.001677 0.010139 0.001216
v -0.001761 0.010122 0.000996
v -0.001706 0.010061 0.000775
v -0.001532 0.009978 0.000638
v -0.001306 0.009906 0.000636
v -0.001114 0.009872 0.000771
v -0.000683 0.010972 0.000988
v -0.000751 0.010995 0.001213
v -0.000933 0.011053 0.001353
v -0.001159 0.011125 0.001355
v -0.001343 0.011184 0.001218
v -0.001414 0.011206 0.000994
v -0.001346 0.011184 0.000769
v -0.001165 0.011125 0.000629
v -0.000939 0.011053 0.000627
v -0.000755 0.010995 0.000764
v -0.000131 0.011589 0.000984
v -0.000149 0.011660 0.001208
v -0.000201 0.011845 0.001348
v -0.000267 0.012075 0.001348
v -0.000321 0.012260 0.001210
v -0.000343 0.012331 0.000986
v -0.000324 0.012260 0.000761
v -0.000272 0.012075 0.000622
v -0.000207 0.011846 0.000622
v -0.000153 0.011660 0.000760
v 0.002317 0.012432 0.000960
v 0.002301 0.012496 0.001180
v 0.002247 0.012688 0.001328
v 0.002183 0.012912 0.001331
v 0.002127 0.013104 0.001189
v 0.002105 0.013173 0.000955
v 0.002124 0.013102 0.000742
v 0.002176 0.012917 0.000603
v 0.002241 0.012688 0.000603
v 0.002294 0.012507 0.000735
v 0.002702 0.012602 0.001166
v 0.002563 0.012692 0.001333
v 0.002464 0.012894 0.001413
v 0.002445 0.013129 0.001375
v 0.002512 0.013307 0.001233
v 0.002640 0.013361 0.001042
v 0.002781 0.013270 0.000873
v 0.002879 0.013069 0.000794
v 0.002898 0.012835 0.000832
v 0.002831 0.012656 0.000974
v 0.002970 0.012737 0.001422
v 0.002774 0.012834 0.001515
v 0.002675 0.013039 0.001582
v 0.002710 0.013275 0.001598
v 0.002866 0.013450 0.001557
v 0.003084 0.013499 0.001475
v 0.003279 0.013402 0.001382
v 0.003378 0.013196 0.001315
v 0.003343 0.012961 0.001299
v 0.003187 0.012785 0.001340
v 0.002997 0.012735 0.002999
v 0.002775 0.012833 0.002989
v 0.002671 0.013047 0.003000
v 0.002703 0.013284 0.003001
v 0.002859 0.013453 0.002993
v 0.003093 0.013496 0.002994
v 0.003375 0.013294 0.003000
v 0.003403 0.013028 0.002999
v 0.003223 0.012774 0.002991
v -0.001202 0.011634 0.000768
v -0.001263 0.011673 0.000993
v -0.001199 0.011634 0.001217
v -0.001034 0.011534 0.001354
v -0.000831 0.011410 0.001352
v -0.000668 0.011310 0.001212
v -0.000607 0.011272 0.000988
v -0.000672 0.011311 0.000764
v -0.000837 0.011411 0.000627
v -0.001039 0.011534 0.000628
v -0.000950 0.011915 0.000766
v -0.001003 0.011963 0.000991
v -0.000946 0.011915 0.001215
v -0.000800 0.011788 0.001352
v -0.000621 0.011632 0.001351
v -0.000478 0.011506 0.001211
v -0.000424 0.011458 0.000986
v -0.000481 0.011506 0.000762
v -0.000627 0.011632 0.000625
v -0.000806 0.011788 0.000626
vn 0.9306 -0.3651 0.0266
vn 0.9359 0.3232 -0.1400
vn 0.9335 0.1284 -0.3347
vn 0.9268 -0.3740 0.0343
vn 0.5510 0.8224 -0.1417
vn 0.5584 0.6324 -0.5369
vn 0.0266 0.9901 -0.1376
vn -0.0955 0.8415 -0.5318
vn -0.5766 0.8069 -0.1278
vn -0.6906 0.6478 -0.3217
vn -0.9692 0.2428 0.0417
vn -0.9712 0.2332 0.0493
vn -0.8907 -0.3752 0.2567
vn -0.8752 -0.2074 0.4371
vn -0.5148 -0.7731 0.3705
vn -0.4774 -0.5571 0.6795
vn -0.0238 -0.9301 0.3666
vn 0.0753 -0.7339 0.6751
vn 0.5110 -0.8238 0.2455
vn 0.5985 -0.6788 0.4254
vn 0.8241 -0.1379 -0.5494
vn 0.9488 -0.3141 0.0343
vn 0.3651 0.1002 -0.9256
vn -0.2524 0.2976 -0.9207
vn -0.7590 0.3683 -0.5369
vn -0.9544 0.2946 0.0493
vn -0.7874 0.1160 0.6055
vn -0.3376 -0.1008 0.9359
vn 0.2300 -0.2822 0.9314
vn 0.7173 -0.3653 0.5933
vn 0.7729 -0.2276 -0.5924
vn 0.9607 -0.2776 -0.0076
vn 0.2901 -0.0906 -0.9527
vn -0.3008 0.0906 -0.9494
vn -0.7744 0.2451 -0.5832
vn -0.9521 0.3056 0.0076
vn -0.7654 0.2448 0.5952
vn -0.2857 0.0902 0.9541
vn 0.3053 -0.0909 0.9479
vn 0.7823 -0.2281 0.5796
vn 0.6780 -0.3851 -0.6261
vn 0.8717 -0.4899 -0.0069
vn 0.2184 -0.1290 -0.9673
vn -0.3054 0.1699 -0.9369
vn -0.7140 0.4079 -0.5690
vn -0.8666 0.4990 0.0070
vn -0.7051 0.4074 0.5803
vn -0.2906 0.1693 0.9417
vn 0.2336 -0.1296 0.9637
vn 0.6878 -0.3856 0.6150
vn 0.3729 -0.9279 0.0014
vn 0.3014 -0.7505 -0.5882
vn 0.2094 -0.7720 -0.6001
vn 0.3427 -0.9392 -0.0217
vn 0.1069 -0.2780 -0.9546
vn -0.0153 -0.3133 -0.9495
vn -0.1403 0.2963 -0.9447
vn -0.2515 0.2742 -0.9282
vn -0.3354 0.7475 -0.5733
vn -0.3700 0.7712 -0.5181
vn -0.4047 0.9144 0.0074
vn -0.3112 0.9449 0.1015
vn -0.3258 0.7448 0.5823
vn -0.1454 0.7433 0.6529
vn -0.1256 0.2963 0.9468
vn 0.0575 0.2790 0.9586
vn 0.1208 -0.2755 0.9537
vn 0.2424 -0.2817 0.9284
vn 0.3093 -0.7470 0.5885
vn 0.3520 -0.7467 0.5644
vn -0.0367 -0.7057 -0.7076
vn 0.2613 -0.9410 -0.2149
vn -0.3576 -0.2214 -0.9072
vn -0.5747 0.3729 -0.7285
vn -0.4812 0.8349 -0.2671
vn -0.1565 0.9548 0.2527
vn 0.2039 0.7227 0.6604
vn 0.4714 0.2464 0.8468
vn 0.5765 -0.3254 0.7495
vn 0.4920 -0.7937 0.3579
vn -0.4677 -0.7866 -0.4032
vn 0.0758 -0.9865 -0.1455
vn -0.8836 -0.1920 -0.4272
vn -0.8458 0.4811 -0.2306
vn -0.4439 0.8954 -0.0335
vn 0.1044 0.9846 0.1404
vn 0.6109 0.7325 0.3004
vn 0.8944 0.2192 0.3899
vn 0.8636 -0.3652 0.3476
vn 0.5548 -0.8178 0.1532
vn -0.6985 -0.7154 0.0162
vn -0.1278 -0.9918 0.0074
vn -0.9853 -0.1663 0.0391
vn -0.9029 0.4275 0.0448
vn -0.4907 0.8710 0.0231
vn 0.1282 0.9918 0.0010
vn 0.6993 0.7148 0.0026
vn 0.9855 0.1691 0.0154
vn 0.9023 -0.4305 0.0209
vn 0.4851 -0.8743 0.0149
vn -0.6915 -0.7224 0.0052
vn -0.1313 -0.9913 0.0009
vn -0.9841 -0.1777 0.0077
vn -0.9022 0.4314 0.0072
vn -0.4786 0.8780 0.0041
vn 0.1317 0.9913 -0.0008
vn 0.6924 0.7215 -0.0053
vn 0.9842 0.1766 -0.0079
vn 0.9017 -0.4323 -0.0072
vn 0.4780 -0.8784 -0.0037
vn -0.0079 0.0003 -1.0000
vn 0.4566 -0.6508 -0.6067
vn 0.5680 -0.8230 -0.0046
vn 0.1611 -0.2213 -0.9618
vn -0.2124 0.2710 -0.9388
vn -0.5151 0.6418 -0.5681
vn -0.6280 0.7782 0.0052
vn -0.5062 0.6415 0.5764
vn -0.1977 0.2703 0.9423
vn 0.1763 -0.2218 0.9590
vn 0.4662 -0.6510 0.5990
vn 0.9301 -0.3650 -0.0415
vn 0.9261 -0.3740 -0.0491
vn 0.9388 0.1281 0.3199
vn 0.9380 0.3232 0.1254
vn 0.5666 0.6324 0.5282
vn 0.5533 0.8222 0.1335
vn -0.0871 0.8413 0.5336
vn 0.0292 0.9900 0.1377
vn -0.6853 0.6477 0.3330
vn -0.5745 0.8069 0.1375
vn -0.9718 0.2334 -0.0338
vn -0.9697 0.2429 -0.0263
vn -0.8819 -0.2071 -0.4234
vn -0.8947 -0.3750 -0.2428
vn -0.4881 -0.5567 -0.6722
vn -0.5206 -0.7729 -0.3628
vn 0.0646 -0.7336 -0.6765
vn -0.0297 -0.9299 -0.3665
vn 0.5918 -0.6786 -0.4351
vn 0.5071 -0.8236 -0.2540
vn 0.9481 -0.3141 -0.0494
vn 0.8325 -0.1384 0.5364
vn 0.3795 0.0996 0.9198
vn -0.2377 0.2972 0.9248
vn -0.7503 0.3680 0.5492
vn -0.9550 0.2947 -0.0341
vn -0.7969 0.1165 -0.5928
vn -0.3524 -0.1001 -0.9305
vn 0.2154 -0.2816 -0.9350
vn 0.7078 -0.3649 -0.6048
vn 0.7821 -0.2281 0.5799
vn 0.3051 -0.0910 0.9480
vn -0.2857 0.0900 0.9541
vn -0.7652 0.2446 0.5955
vn -0.9521 0.3057 0.0077
vn -0.7744 0.2451 -0.5833
vn -0.3006 0.0908 -0.9494
vn 0.2905 -0.0903 -0.9526
vn 0.7729 -0.2277 -0.5922
vn 0.8717 -0.4900 -0.0070
vn 0.6877 -0.3856 0.6151
vn 0.2337 -0.1297 0.9636
vn -0.2907 0.1692 0.9417
vn -0.7051 0.4075 0.5803
vn -0.7141 0.4078 -0.5690
vn -0.3053 0.1699 -0.9370
vn 0.2183 -0.1290 -0.9673
vn 0.6779 -0.3853 -0.6261
vn 0.3727 -0.9279 -0.0077
vn 0.3429 -0.9392 0.0158
vn 0.2190 -0.7720 0.5967
vn 0.3106 -0.7508 0.5829
vn -0.0002 -0.3139 0.9495
vn 0.1223 -0.2788 0.9525
vn -0.2370 0.2735 0.9322
vn -0.1253 0.2957 0.9470
vn -0.3619 0.7708 0.5243
vn -0.3263 0.7471 0.5791
vn -0.3126 0.9450 -0.0962
vn -0.4044 0.9146 -0.0010
vn -0.1556 0.7438 -0.6500
vn -0.3350 0.7451 -0.5768
vn 0.0425 0.2793 -0.9593
vn -0.1405 0.2969 -0.9445
vn 0.2277 -0.2812 -0.9323
vn 0.1059 -0.2748 -0.9556
vn 0.3430 -0.7464 -0.5703
vn 0.2999 -0.7466 -0.5938
vn 0.2647 -0.9411 0.2102
vn -0.0254 -0.7061 0.7077
vn -0.3432 -0.2221 0.9126
vn -0.5632 0.3723 0.7377
vn -0.4771 0.8347 0.2751
vn -0.1604 0.9550 -0.2496
vn 0.1934 0.7231 -0.6631
vn 0.4580 0.2469 -0.8540
vn 0.5646 -0.3250 -0.7587
vn 0.4865 -0.7934 -0.3659
vn 0.0782 -0.9866 0.1433
vn -0.4612 -0.7869 0.4100
vn -0.8768 -0.1920 0.4408
vn -0.8420 0.4809 0.2444
vn -0.4433 0.8954 0.0411
vn 0.1023 0.9846 -0.1415
vn 0.6061 0.7327 -0.3096
vn 0.8882 0.2194 -0.4037
vn 0.8580 -0.3652 -0.3614
vn 0.5520 -0.8178 -0.1628
vn -0.1279 -0.9918 -0.0059
vn -0.6987 -0.7154 -0.0056
vn -0.9859 -0.1658 -0.0231
vn -0.9035 0.4275 -0.0305
vn -0.4910 0.8711 -0.0150
vn 0.1284 0.9917 -0.0025
vn 0.6991 0.7149 -0.0132
vn 0.9851 0.1690 -0.0310
vn 0.9020 -0.4303 -0.0354
vn 0.4847 -0.8744 -0.0232
vn 0.0081 -0.0004 1.0000
vn 0.5680 -0.8230 -0.0047
vn 0.4660 -0.6508 0.5994
vn -0.1976 0.2703 0.9423
vn -0.5063 0.6415 0.5764
vn -0.6281 0.7781 0.0052
vn -0.5153 0.6417 -0.5680
vn -0.2126 0.2708 -0.9389
vn 0.1610 -0.2212 -0.9619
vn 0.4567 -0.6508 -0.6066
vn 0.9359 0.3232 -0.1401
vn 0.9336 0.1280 -0.3345
vn 0.9268 -0.3739 0.0342
vn 0.5511 0.8223 -0.1417
vn 0.5588 0.6321 -0.5369
vn 0.0265 0.9902 -0.1375
vn -0.0955 0.8415 -0.5317
vn -0.4980 0.8614 -0.0995
vn -0.6219 0.7178 -0.3131
vn -0.9986 -0.0309 0.0431
vn -0.9749 0.2211 0.0272
vn -0.9108 -0.4009 0.0981
vn -0.8909 -0.2589 0.3733
vn -0.5367 -0.8296 0.1539
vn -0.5018 -0.6172 0.6060
vn -0.3129 -0.9348 0.1679
vn -0.0969 -0.7759 0.6234
vn -0.0927 -0.9690 0.2288
vn 0.4106 -0.7856 0.4629
vn 0.8241 -0.1382 -0.5493
vn 0.9488 -0.3141 0.0339
vn 0.3649 0.1001 -0.9256
vn -0.2523 0.2977 -0.9207
vn -0.7591 0.3682 -0.5368
vn -0.9543 0.2947 0.0490
vn -0.7873 0.1161 0.6055
vn -0.3376 -0.1006 0.9359
vn 0.7729 -0.2277 -0.5923
vn 0.9607 -0.2775 -0.0076
vn 0.2900 -0.0905 -0.9527
vn -0.3007 0.0906 -0.9494
vn -0.7744 0.2450 -0.5833
vn -0.7652 0.2448 0.5955
vn -0.2857 0.0903 0.9540
vn 0.7822 -0.2280 0.5798
vn 0.8717 -0.4899 -0.0070
vn 0.2182 -0.1290 -0.9673
vn -0.3052 0.1699 -0.9370
vn -0.7051 0.4075 0.5804
vn -0.2906 0.1694 0.9417
vn 0.2337 -0.1296 0.9636
vn 0.6877 -0.3857 0.6151
vn 0.3728 -0.9279 0.0013
vn 0.3014 -0.7504 -0.5882
vn 0.2097 -0.7717 -0.6004
vn 0.3425 -0.9393 -0.0218
vn 0.1072 -0.2783 -0.9545
vn -0.0154 -0.3132 -0.9496
vn -0.1405 0.2963 -0.9447
vn -0.2517 0.2741 -0.9282
vn -0.3354 0.7475 -0.5734
vn -0.3700 0.7708 -0.5186
vn -0.4047 0.9144 0.0075
vn -0.3111 0.9449 0.1017
vn -0.3257 0.7447 0.5826
vn -0.1454 0.7434 0.6529
vn -0.1257 0.2964 0.9467
vn 0.0576 0.2789 0.9586
vn 0.2424 -0.2818 0.9283
vn 0.3092 -0.7471 0.5884
vn 0.3519 -0.7468 0.5643
vn -0.0365 -0.7057 -0.7075
vn -0.3578 -0.2215 -0.9072
vn -0.5748 0.3728 -0.7284
vn -0.4811 0.8350 -0.2671
vn -0.1565 0.9548 0.2526
vn 0.4716 0.2464 0.8467
vn 0.4922 -0.7936 0.3577
vn -0.4637 -0.7793 -0.4215
vn 0.0724 -0.9864 -0.1477
vn -0.8663 -0.1900 -0.4621
vn -0.8380 0.4743 -0.2697
vn -0.4473 0.8929 -0.0516
vn 0.0983 0.9847 0.1441
vn 0.6041 0.7327 0.3134
vn 0.8880 0.2196 0.4041
vn 0.8586 -0.3652 0.3598
vn 0.5507 -0.8190 0.1610
vn -0.6927 -0.7213 0.0002
vn -0.1192 -0.9929 0.0040
vn -0.9860 -0.1667 0.0098
vn -0.9028 0.4298 0.0158
vn -0.4841 0.8750 0.0085
vn 0.1606 0.9870 -0.0047
vn 0.7460 0.6659 0.0006
vn 0.9918 0.1264 0.0196
vn 0.9095 -0.4151 0.0221
vn 0.5054 -0.8628 0.0132
vn -0.6989 -0.7152 0.0090
vn -0.1246 -0.9922 -0.0002
vn -0.9870 -0.1602 0.0105
vn -0.9044 0.4266 0.0080
vn -0.4904 0.8715 0.0045
vn 0.1783 0.9840 -0.0043
vn 0.8449 0.5345 -0.0216
vn 0.9637 -0.2654 -0.0276
vn 0.5165 -0.8561 -0.0166
vn 0.7357 0.5388 -0.4105
vn 0.7357 0.5388 -0.4104
vn 0.4568 -0.6507 -0.6066
vn 0.5681 -0.8230 -0.0046
vn 0.1612 -0.2212 -0.9618
vn -0.2125 0.2708 -0.9389
vn -0.5153 0.6418 -0.5680
vn -0.6282 0.7781 0.0052
vn 0.1763 -0.2219 0.9590
vn 0.9301 -0.3649 -0.0415
vn 0.9262 -0.3739 -0.0490
vn 0.9387 0.1281 0.3201
vn 0.9380 0.3231 0.1254
vn 0.5667 0.6321 0.5285
vn 0.5532 0.8223 0.1333
vn -0.0871 0.8411 0.5337
vn 0.0286 0.9901 0.1377
vn -0.6852 0.6477 0.3332
vn -0.9718 0.2333 -0.0338
vn -0.9697 0.2428 -0.0263
vn -0.8946 -0.3751 -0.2428
vn -0.5207 -0.7728 -0.3628
vn 0.0646 -0.7335 -0.6766
vn -0.0299 -0.9299 -0.3667
vn 0.5918 -0.6785 -0.4351
vn 0.5072 -0.8235 -0.2540
vn 0.9481 -0.3140 -0.0494
vn 0.8325 -0.1384 0.5365
vn 0.3794 0.0996 0.9199
vn -0.2377 0.2971 0.9248
vn -0.7504 0.3679 0.5492
vn -0.9550 0.2946 -0.0340
vn -0.7968 0.1164 -0.5929
vn -0.3523 -0.1001 -0.9305
vn 0.2155 -0.2819 -0.9349
vn 0.7079 -0.3649 -0.6048
vn 0.7820 -0.2280 0.5800
vn 0.3054 -0.0909 0.9479
vn -0.2856 0.0900 0.9541
vn -0.7651 0.2446 0.5956
vn -0.7745 0.2451 -0.5832
vn -0.3007 0.0908 -0.9494
vn 0.2906 -0.0900 -0.9526
vn 0.7730 -0.2277 -0.5922
vn 0.8717 -0.4899 -0.0071
vn 0.2336 -0.1296 0.9636
vn -0.2905 0.1694 0.9418
vn -0.7050 0.4075 0.5804
vn -0.3055 0.1700 -0.9369
vn 0.2184 -0.1289 -0.9673
vn 0.3726 -0.9280 -0.0075
vn 0.3430 -0.9392 0.0158
vn 0.2191 -0.7719 0.5967
vn -0.0005 -0.3139 0.9494
vn -0.2370 0.2734 0.9322
vn -0.3618 0.7709 0.5242
vn -0.3263 0.7471 0.5790
vn -0.3127 0.9450 -0.0961
vn -0.4047 0.9145 -0.0009
vn -0.3350 0.7451 -0.5767
vn 0.0424 0.2796 -0.9592
vn -0.1404 0.2967 -0.9446
vn 0.2277 -0.2812 -0.9322
vn 0.1059 -0.2750 -0.9556
vn 0.3429 -0.7465 -0.5703
vn 0.2644 -0.9413 0.2101
vn -0.0254 -0.7062 0.7076
vn -0.3434 -0.2220 0.9126
vn -0.5632 0.3724 0.7377
vn -0.4769 0.8349 0.2750
vn -0.1605 0.9550 -0.2496
vn 0.5646 -0.3252 -0.7586
vn 0.4866 -0.7933 -0.3659
vn 0.0815 -0.9856 0.1484
vn -0.4582 -0.7845 0.4179
vn -0.8662 -0.1840 0.4647
vn -0.8352 0.4747 0.2777
vn -0.4456 0.8935 0.0552
vn 0.1363 0.9811 -0.1372
vn 0.6268 0.7183 -0.3020
vn 0.8897 0.2457 -0.3848
vn 0.8833 -0.3213 -0.3415
vn 0.5752 -0.8046 -0.1479
vn 0.0078 -0.0003 1.0000
vn 0.5679 -0.8231 -0.0049
vn 0.4661 -0.6510 0.5991
vn 0.1764 -0.2218 0.9590
vn -0.1977 0.2700 0.9423
vn -0.5064 0.6414 0.5764
vn -0.6279 0.7783 0.0052
vn -0.5152 0.6418 -0.5680
vn -0.2126 0.2707 -0.9389
vn 0.1611 -0.2212 -0.9618
vn 0.4566 -0.6507 -0.6067
vt 0.240417 0.435311
vt 0.239508 0.435401
vt 0.238746 0.434757
vt 0.239055 0.434387
vt 0.074851 0.444005
vt 0.074057 0.444005
vt 0.074057 0.443510
vt 0.074851 0.443306
vt 0.073075 0.444005
vt 0.073075 0.443510
vt 0.072281 0.444005
vt 0.072281 0.443306
vt 0.015718 0.426393
vt 0.014802 0.426318
vt 0.016081 0.425373
vt 0.016423 0.425738
vt 0.013886 0.426243
vt 0.015739 0.425008
vt 0.065689 0.448611
vt 0.066484 0.448611
vt 0.066484 0.450177
vt 0.065689 0.449973
vt 0.067465 0.448611
vt 0.067465 0.450177
vt 0.068259 0.448611
vt 0.068259 0.449973
vt 0.241326 0.435222
vt 0.239364 0.434017
vt 0.236522 0.434552
vt 0.236478 0.434160
vt 0.209575 0.455449
vt 0.209372 0.455101
vt 0.210884 0.454654
vt 0.211255 0.454953
vt 0.208807 0.454764
vt 0.210320 0.454317
vt 0.208097 0.454565
vt 0.209777 0.454069
vt 0.018635 0.425106
vt 0.018627 0.425499
vt 0.018644 0.424714
vt 0.203792 0.439437
vt 0.203965 0.439086
vt 0.206416 0.439755
vt 0.206073 0.440059
vt 0.204499 0.438740
vt 0.206951 0.439408
vt 0.205191 0.438531
vt 0.207471 0.439152
vt 0.236435 0.433768
vt 0.232135 0.434990
vt 0.231922 0.434608
vt 0.214488 0.453589
vt 0.214944 0.453863
vt 0.213923 0.453252
vt 0.213467 0.452979
vt 0.023228 0.425482
vt 0.023050 0.425867
vt 0.023407 0.425097
vt 0.210573 0.440888
vt 0.210141 0.441168
vt 0.211107 0.440542
vt 0.211539 0.440261
vt 0.231710 0.434226
vt 0.230829 0.435119
vt 0.230685 0.434730
vt 0.215710 0.453203
vt 0.216001 0.453514
vt 0.215350 0.452819
vt 0.215059 0.452509
vt 0.025208 0.425644
vt 0.024959 0.426024
vt 0.025316 0.425253
vt 0.212037 0.441298
vt 0.211774 0.441613
vt 0.212363 0.440908
vt 0.212626 0.440593
vt 0.230403 0.434354
vt 0.077991 0.451467
vt 0.077057 0.451538
vt 0.077097 0.447922
vt 0.078011 0.447857
vt 0.218576 0.453577
vt 0.218861 0.453266
vt 0.229007 0.454680
vt 0.228711 0.455003
vt 0.219214 0.452881
vt 0.229353 0.454302
vt 0.219499 0.452569
vt 0.229647 0.453980
vt 0.158973 0.402342
vt 0.158039 0.402413
vt 0.157992 0.398804
vt 0.158963 0.398734
vt 0.157106 0.402342
vt 0.157103 0.398732
vt 0.216206 0.441483
vt 0.215893 0.441176
vt 0.225905 0.439602
vt 0.226218 0.439909
vt 0.215506 0.440796
vt 0.225519 0.439224
vt 0.215194 0.440490
vt 0.225213 0.438924
vt 0.078924 0.451538
vt 0.078949 0.447933
vt 0.076452 0.447593
vt 0.077142 0.447313
vt 0.230231 0.454622
vt 0.230058 0.455006
vt 0.230750 0.454279
vt 0.026317 0.482022
vt 0.026378 0.481601
vt 0.028177 0.481565
vt 0.027703 0.481922
vt 0.158369 0.398019
vt 0.159161 0.398205
vt 0.157672 0.397735
vt 0.228543 0.439034
vt 0.228749 0.439411
vt 0.227993 0.438698
vt 0.227311 0.438535
vt 0.077935 0.447126
vt 0.075688 0.447321
vt 0.076066 0.446944
vt 0.231281 0.454643
vt 0.231099 0.455031
vt 0.231980 0.454354
vt 0.059944 0.492485
vt 0.059355 0.492155
vt 0.060714 0.491734
vt 0.060879 0.492106
vt 0.160184 0.397363
vt 0.160520 0.397698
vt 0.159807 0.396986
vt 0.163688 0.401980
vt 0.163808 0.402387
vt 0.160769 0.402413
vt 0.160685 0.402002
vt 0.078420 0.463029
vt 0.078260 0.463405
vt 0.076302 0.462965
vt 0.076234 0.462559
vt 0.077671 0.463735
vt 0.076136 0.463336
vt 0.076401 0.446609
vt 0.074189 0.447337
vt 0.074193 0.446927
vt 0.060536 0.492798
vt 0.060811 0.492512
vt 0.062038 0.492514
vt 0.062035 0.492801
vt 0.062039 0.492108
vt 0.062039 0.491738
vt 0.161843 0.397365
vt 0.161845 0.397730
vt 0.161840 0.396952
vt 0.159532 0.396712
vt 0.161837 0.396659
vt 0.073930 0.462969
vt 0.073929 0.462561
vt 0.073930 0.463340
vt 0.074195 0.446565
vt 0.069152 0.447335
vt 0.069152 0.446926
vt 0.074187 0.447634
vt 0.069152 0.447632
vt 0.067072 0.492109
vt 0.067072 0.492515
vt 0.067072 0.491738
vt 0.166878 0.397363
vt 0.166878 0.397727
vt 0.166878 0.396955
vt 0.166878 0.396657
vt 0.068887 0.462968
vt 0.068887 0.462562
vt 0.068887 0.463340
vt 0.069152 0.446562
vt 0.089010 0.407971
vt 0.089805 0.407728
vt 0.090786 0.407728
vt 0.091580 0.407971
vt 0.091884 0.408363
vt 0.091580 0.408756
vt 0.090786 0.408998
vt 0.089805 0.408998
vt 0.089010 0.408756
vt 0.088707 0.408363
vt 0.229850 0.435215
vt 0.229754 0.434821
vt 0.216950 0.453118
vt 0.217113 0.453444
vt 0.216747 0.452714
vt 0.216584 0.452387
vt 0.026643 0.425762
vt 0.026347 0.426137
vt 0.026704 0.425367
vt 0.213443 0.441381
vt 0.213309 0.441710
vt 0.213609 0.440974
vt 0.213744 0.440645
vt 0.229425 0.434451
vt 0.077057 0.452000
vt 0.077991 0.451883
vt 0.012872 0.481485
vt 0.015933 0.481302
vt 0.016048 0.481666
vt 0.013156 0.481835
vt 0.036130 0.403110
vt 0.036114 0.401871
vt 0.037093 0.401841
vt 0.037107 0.403152
vt 0.078924 0.452000
vt 0.013772 0.456931
vt 0.015220 0.456030
vt 0.015494 0.456405
vt 0.014672 0.457036
vt 0.070761 0.443306
vt 0.070761 0.444005
vt 0.069966 0.443801
vt 0.069966 0.443306
vt 0.068985 0.443801
vt 0.068985 0.443306
vt 0.068191 0.444005
vt 0.068191 0.443306
vt 0.048127 0.401155
vt 0.047365 0.400511
vt 0.047674 0.400141
vt 0.049036 0.401065
vt 0.047983 0.399770
vt 0.049946 0.400976
vt 0.066670 0.444005
vt 0.063431 0.444005
vt 0.062945 0.443671
vt 0.066670 0.443671
vt 0.062945 0.443259
vt 0.066670 0.443259
vt 0.063431 0.442925
vt 0.066670 0.442925
vt 0.012872 0.456827
vt 0.014946 0.455655
vt 0.017815 0.455846
vt 0.017735 0.456237
vt 0.086429 0.486695
vt 0.088152 0.487165
vt 0.087808 0.487469
vt 0.086257 0.487046
vt 0.087274 0.487815
vt 0.085723 0.487392
vt 0.086754 0.488072
vt 0.085031 0.487602
vt 0.045142 0.400306
vt 0.045098 0.399914
vt 0.045054 0.399522
vt 0.210845 0.407491
vt 0.213069 0.406834
vt 0.213439 0.407132
vt 0.211048 0.407839
vt 0.214004 0.407470
vt 0.211613 0.408176
vt 0.214546 0.407718
vt 0.212323 0.408375
vt 0.017895 0.455455
vt 0.022326 0.456369
vt 0.022078 0.456747
vt 0.091936 0.488196
vt 0.091504 0.488477
vt 0.090970 0.488823
vt 0.090538 0.489103
vt 0.040754 0.400744
vt 0.040542 0.400362
vt 0.040329 0.399980
vt 0.217036 0.405661
vt 0.217492 0.405935
vt 0.218057 0.406272
vt 0.218514 0.406545
vt 0.022574 0.455990
vt 0.023551 0.456511
vt 0.023371 0.456897
vt 0.093023 0.488528
vt 0.092759 0.488843
vt 0.092434 0.489233
vt 0.092171 0.489548
vt 0.038860 0.400930
vt 0.038578 0.400555
vt 0.038435 0.400166
vt 0.218628 0.405191
vt 0.218919 0.405502
vt 0.219279 0.405886
vt 0.219570 0.406197
vt 0.023867 0.456140
vt 0.060313 0.451467
vt 0.060293 0.447857
vt 0.061207 0.447922
vt 0.061247 0.451538
vt 0.095590 0.488425
vt 0.105591 0.486841
vt 0.105916 0.487159
vt 0.095903 0.488731
vt 0.106295 0.487531
vt 0.096290 0.489111
vt 0.106618 0.487848
vt 0.096603 0.489418
vt 0.174783 0.402342
vt 0.174793 0.398734
vt 0.175765 0.398804
vt 0.175717 0.402413
vt 0.176654 0.398732
vt 0.176651 0.402342
vt 0.223069 0.405252
vt 0.233213 0.406667
vt 0.232928 0.406978
vt 0.222783 0.405563
vt 0.232576 0.407363
vt 0.222430 0.405948
vt 0.232297 0.407667
vt 0.222145 0.406260
vt 0.059379 0.451538
vt 0.059355 0.447933
vt 0.061162 0.447313
vt 0.061851 0.447593
vt 0.106938 0.486816
vt 0.107145 0.487197
vt 0.107694 0.487532
vt 0.051598 0.397489
vt 0.051482 0.396911
vt 0.052192 0.396657
vt 0.052401 0.397411
vt 0.174595 0.398205
vt 0.175388 0.398019
vt 0.176084 0.397735
vt 0.235787 0.407125
vt 0.235614 0.407505
vt 0.235095 0.407849
vt 0.234428 0.408023
vt 0.060369 0.447126
vt 0.062238 0.446944
vt 0.062616 0.447321
vt 0.107975 0.486775
vt 0.108191 0.487161
vt 0.108916 0.487438
vt 0.074201 0.492485
vt 0.073266 0.492106
vt 0.073431 0.491734
vt 0.074790 0.492155
vt 0.173237 0.397698
vt 0.173572 0.397363
vt 0.173949 0.396986
vt 0.093789 0.410839
vt 0.090786 0.410864
vt 0.090833 0.410452
vt 0.093873 0.410430
vt 0.059355 0.463029
vt 0.061541 0.462559
vt 0.061473 0.462965
vt 0.059515 0.463405
vt 0.061639 0.463336
vt 0.060104 0.463735
vt 0.061903 0.446609
vt 0.064111 0.446927
vt 0.064114 0.447337
vt 0.073609 0.492798
vt 0.072110 0.492801
vt 0.072107 0.492514
vt 0.073334 0.492512
vt 0.072106 0.492108
vt 0.072106 0.491738
vt 0.171912 0.397730
vt 0.171914 0.397365
vt 0.171917 0.396952
vt 0.171920 0.396659
vt 0.174224 0.396712
vt 0.063846 0.462561
vt 0.063845 0.462969
vt 0.063845 0.463340
vt 0.064109 0.446565
vt 0.064117 0.447634
vt 0.025245 0.428148
vt 0.024941 0.427756
vt 0.025245 0.427364
vt 0.026039 0.427121
vt 0.027021 0.427121
vt 0.027815 0.427364
vt 0.028118 0.427756
vt 0.027815 0.428148
vt 0.027021 0.428391
vt 0.026039 0.428391
vt 0.024473 0.456618
vt 0.024340 0.457009
vt 0.094140 0.488580
vt 0.094006 0.488909
vt 0.093840 0.489316
vt 0.093705 0.489645
vt 0.037483 0.401066
vt 0.037154 0.400695
vt 0.037058 0.400301
vt 0.220153 0.405070
vt 0.220316 0.405397
vt 0.220519 0.405801
vt 0.220682 0.406127
vt 0.024836 0.456252
vt 0.061247 0.452000
vt 0.060313 0.451883
vt 0.053987 0.403117
vt 0.053011 0.403075
vt 0.052994 0.401836
vt 0.053973 0.401805
vt 0.054794 0.403071
vt 0.054777 0.401832
vt 0.059379 0.452000
vt 0.049036 0.398793
vt 0.048127 0.398883
vt 0.047365 0.398239
vt 0.047674 0.397869
vt 0.164666 0.399517
vt 0.164695 0.399850
vt 0.163519 0.399869
vt 0.163003 0.399543
vt 0.164732 0.400263
vt 0.163556 0.400281
vt 0.164762 0.400596
vt 0.163099 0.400622
vt 0.023801 0.440474
vt 0.028108 0.438762
vt 0.022400 0.441321
vt 0.022479 0.440930
vt 0.028853 0.438999
vt 0.022321 0.441712
vt 0.062945 0.451977
vt 0.062947 0.451643
vt 0.072524 0.451666
vt 0.072037 0.452000
vt 0.062956 0.451231
vt 0.072524 0.451254
vt 0.068798 0.450920
vt 0.072037 0.450920
vt 0.049946 0.398704
vt 0.047983 0.397499
vt 0.045142 0.398034
vt 0.045098 0.397642
vt 0.117547 0.472783
vt 0.117344 0.472435
vt 0.118857 0.471988
vt 0.119228 0.472287
vt 0.116780 0.472097
vt 0.118292 0.471650
vt 0.116070 0.471899
vt 0.117750 0.471403
vt 0.019829 0.441084
vt 0.020251 0.440734
vt 0.019407 0.441434
vt 0.085031 0.459155
vt 0.085203 0.458804
vt 0.087655 0.459473
vt 0.087311 0.459777
vt 0.085737 0.458458
vt 0.088189 0.459126
vt 0.086429 0.458249
vt 0.088709 0.458870
vt 0.045054 0.397250
vt 0.040754 0.398472
vt 0.040542 0.398090
vt 0.122460 0.470923
vt 0.122917 0.471197
vt 0.121896 0.470586
vt 0.121439 0.470313
vt 0.016109 0.439890
vt 0.016676 0.439578
vt 0.015543 0.440202
vt 0.091811 0.460606
vt 0.091379 0.460886
vt 0.092345 0.460259
vt 0.092778 0.459979
vt 0.040329 0.397708
vt 0.039448 0.398601
vt 0.039305 0.398212
vt 0.123682 0.470537
vt 0.123974 0.470848
vt 0.123322 0.470153
vt 0.123031 0.469842
vt 0.014506 0.439376
vt 0.015129 0.439082
vt 0.013996 0.439706
vt 0.093275 0.461016
vt 0.093012 0.461331
vt 0.093601 0.460626
vt 0.093864 0.460311
vt 0.039023 0.397836
vt 0.077991 0.443472
vt 0.077057 0.443543
vt 0.077097 0.439927
vt 0.078011 0.439862
vt 0.126548 0.470911
vt 0.126834 0.470600
vt 0.136979 0.472014
vt 0.136683 0.472337
vt 0.127187 0.470214
vt 0.137325 0.471636
vt 0.127472 0.469903
vt 0.137620 0.471314
vt 0.084467 0.410793
vt 0.083533 0.410864
vt 0.083485 0.407254
vt 0.084457 0.407185
vt 0.082599 0.410793
vt 0.082597 0.407183
vt 0.097444 0.461201
vt 0.097131 0.460894
vt 0.107143 0.459320
vt 0.107456 0.459627
vt 0.096745 0.460514
vt 0.106757 0.458942
vt 0.096432 0.460207
vt 0.106451 0.458642
vt 0.078924 0.443543
vt 0.078949 0.439938
vt 0.076452 0.439598
vt 0.077142 0.439318
vt 0.138204 0.471956
vt 0.138031 0.472340
vt 0.138723 0.471613
vt 0.026317 0.484661
vt 0.026378 0.484239
vt 0.028177 0.484204
vt 0.027703 0.484561
vt 0.083862 0.406469
vt 0.084655 0.406655
vt 0.083166 0.406185
vt 0.109781 0.458752
vt 0.109988 0.459129
vt 0.109231 0.458416
vt 0.108549 0.458253
vt 0.077935 0.439131
vt 0.075688 0.439326
vt 0.076066 0.438949
vt 0.139253 0.471976
vt 0.139071 0.472365
vt 0.139953 0.471688
vt 0.059944 0.486512
vt 0.059355 0.486182
vt 0.060714 0.485761
vt 0.060879 0.486132
vt 0.085678 0.405813
vt 0.086013 0.406149
vt 0.085301 0.405437
vt 0.168332 0.401980
vt 0.168452 0.402387
vt 0.165412 0.402413
vt 0.165329 0.402002
vt 0.135134 0.481723
vt 0.134974 0.482099
vt 0.133016 0.481659
vt 0.132948 0.481252
vt 0.134385 0.482429
vt 0.132851 0.482030
vt 0.076401 0.438614
vt 0.073905 0.439302
vt 0.073912 0.438893
vt 0.075413 0.439600
vt 0.073904 0.439600
vt 0.060811 0.486538
vt 0.062316 0.486122
vt 0.062320 0.486529
vt 0.062308 0.485753
vt 0.087598 0.405776
vt 0.087607 0.406142
vt 0.087592 0.405364
vt 0.085026 0.405162
vt 0.087591 0.405070
vt 0.130379 0.481651
vt 0.130383 0.481243
vt 0.130370 0.482022
vt 0.073921 0.438531
vt 0.068754 0.439343
vt 0.068802 0.438923
vt 0.068794 0.439630
vt 0.067424 0.486126
vt 0.067430 0.486533
vt 0.067452 0.485766
vt 0.092739 0.405817
vt 0.092752 0.406181
vt 0.092705 0.405243
vt 0.130382 0.480959
vt 0.125265 0.481522
vt 0.125268 0.481099
vt 0.125224 0.482035
vt 0.068774 0.438570
vt 0.170532 0.399736
vt 0.170577 0.400148
vt 0.170609 0.400481
vt 0.170615 0.400609
vt 0.164654 0.399389
vt 0.038470 0.398697
vt 0.038374 0.398303
vt 0.124922 0.470452
vt 0.125086 0.470778
vt 0.124720 0.470048
vt 0.124556 0.469721
vt 0.013344 0.439003
vt 0.014005 0.438722
vt 0.012872 0.439346
vt 0.094681 0.461099
vt 0.094547 0.461428
vt 0.094847 0.460692
vt 0.094982 0.460363
vt 0.038045 0.397933
vt 0.077057 0.444005
vt 0.077991 0.443888
vt 0.012872 0.484123
vt 0.015933 0.483940
vt 0.016048 0.484304
vt 0.013156 0.484474
vt 0.012889 0.428349
vt 0.012872 0.427110
vt 0.013851 0.427080
vt 0.013865 0.428391
vt 0.078924 0.444005
vt 0.037014 0.444381
vt 0.038461 0.443480
vt 0.038735 0.443855
vt 0.037914 0.444485
vt 0.070387 0.441091
vt 0.072050 0.441091
vt 0.071564 0.441425
vt 0.070387 0.441425
vt 0.071564 0.441837
vt 0.070387 0.441837
vt 0.072050 0.442171
vt 0.070387 0.442171
vt 0.024886 0.424074
vt 0.024124 0.423431
vt 0.024433 0.423061
vt 0.025795 0.423985
vt 0.024742 0.422690
vt 0.026704 0.423896
vt 0.069780 0.450177
vt 0.069780 0.448815
vt 0.070574 0.448611
vt 0.070574 0.450177
vt 0.071556 0.448611
vt 0.071556 0.450177
vt 0.072350 0.448815
vt 0.072350 0.450177
vt 0.036114 0.444277
vt 0.038187 0.443104
vt 0.041056 0.443295
vt 0.040976 0.443686
vt 0.208436 0.458249
vt 0.210160 0.458718
vt 0.209816 0.459023
vt 0.208264 0.458600
vt 0.209282 0.459369
vt 0.207730 0.458946
vt 0.208762 0.459625
vt 0.207038 0.459155
vt 0.021900 0.423226
vt 0.021857 0.422834
vt 0.021813 0.422442
vt 0.167363 0.432638
vt 0.169586 0.431982
vt 0.169957 0.432280
vt 0.167566 0.432987
vt 0.170521 0.432618
vt 0.168130 0.433324
vt 0.171064 0.432865
vt 0.168840 0.433522
vt 0.041137 0.442904
vt 0.045568 0.443818
vt 0.045319 0.444197
vt 0.213944 0.459750
vt 0.213511 0.460030
vt 0.212977 0.460376
vt 0.212545 0.460656
vt 0.017513 0.423664
vt 0.017300 0.423282
vt 0.017088 0.422900
vt 0.173553 0.430809
vt 0.174010 0.431082
vt 0.174574 0.431420
vt 0.175031 0.431693
vt 0.045816 0.443440
vt 0.046792 0.443960
vt 0.046613 0.444346
vt 0.215030 0.460082
vt 0.214767 0.460397
vt 0.214441 0.460786
vt 0.214178 0.461101
vt 0.015619 0.423850
vt 0.015337 0.423475
vt 0.015193 0.423086
vt 0.175145 0.430339
vt 0.175436 0.430650
vt 0.175796 0.431034
vt 0.176087 0.431344
vt 0.047109 0.443590
vt 0.060313 0.443472
vt 0.060293 0.439862
vt 0.061207 0.439927
vt 0.061247 0.443543
vt 0.217598 0.459978
vt 0.227599 0.458394
vt 0.227923 0.458712
vt 0.217911 0.460285
vt 0.228303 0.459084
vt 0.218297 0.460664
vt 0.228626 0.459401
vt 0.218610 0.460971
vt 0.100277 0.410793
vt 0.100287 0.407185
vt 0.101258 0.407254
vt 0.101211 0.410864
vt 0.102147 0.407183
vt 0.102144 0.410793
vt 0.179586 0.430400
vt 0.189730 0.431815
vt 0.189445 0.432126
vt 0.179300 0.430711
vt 0.189093 0.432511
vt 0.178948 0.431096
vt 0.188814 0.432815
vt 0.178662 0.431408
vt 0.059379 0.443543
vt 0.059355 0.439938
vt 0.061162 0.439318
vt 0.061851 0.439598
vt 0.228945 0.458370
vt 0.229152 0.458751
vt 0.229701 0.459086
vt 0.028356 0.422727
vt 0.028241 0.422150
vt 0.028951 0.421896
vt 0.029159 0.422650
vt 0.100089 0.406655
vt 0.100881 0.406469
vt 0.101578 0.406185
vt 0.192304 0.432273
vt 0.192131 0.432653
vt 0.191612 0.432997
vt 0.190945 0.433171
vt 0.060369 0.439131
vt 0.062238 0.438949
vt 0.062616 0.439326
vt 0.229983 0.458328
vt 0.230199 0.458714
vt 0.230923 0.458991
vt 0.074201 0.486512
vt 0.073266 0.486132
vt 0.073431 0.485761
vt 0.074790 0.486182
vt 0.098730 0.406149
vt 0.099066 0.405813
vt 0.099443 0.405437
vt 0.089182 0.410839
vt 0.086179 0.410864
vt 0.086225 0.410452
vt 0.089266 0.410430
vt 0.116069 0.481723
vt 0.118256 0.481252
vt 0.118188 0.481659
vt 0.116230 0.482099
vt 0.118353 0.482030
vt 0.116818 0.482429
vt 0.061903 0.438614
vt 0.073609 0.486825
vt 0.067470 0.486830
vt 0.073334 0.486538
vt 0.118531 0.480966
vt 0.068563 0.441144
vt 0.068866 0.441536
vt 0.068563 0.441929
vt 0.067769 0.442171
vt 0.066787 0.442171
vt 0.065993 0.441929
vt 0.065689 0.441536
vt 0.065993 0.441144
vt 0.066787 0.440901
vt 0.067769 0.440901
vt 0.047714 0.444067
vt 0.047581 0.444459
vt 0.216148 0.460134
vt 0.216013 0.460463
vt 0.215847 0.460870
vt 0.215713 0.461199
vt 0.014242 0.423986
vt 0.013913 0.423615
vt 0.013817 0.423221
vt 0.176670 0.430218
vt 0.176834 0.430545
vt 0.177036 0.430948
vt 0.177199 0.431275
vt 0.048077 0.443702
vt 0.061247 0.444005
vt 0.060313 0.443888
vt 0.030746 0.428355
vt 0.029769 0.428313
vt 0.029753 0.427074
vt 0.030732 0.427044
vt 0.031552 0.428310
vt 0.031536 0.427070
vt 0.059379 0.444005
s 1
usemtl cart
f 451/807/407 452/808/408 462/809/409 461/810/410
f 452/811/408 453/812/411 463/813/412 462/814/409
f 453/812/411 454/815/413 464/816/414 463/813/412
f 454/815/413 455/817/415 465/818/416 464/816/414
f 455/819/415 456/820/417 466/821/418 465/822/416
f 456/820/417 457/823/419 467/824/420 466/821/418
f 457/825/419 458/826/421 468/827/422 467/828/420
f 458/826/421 459/829/423 469/830/424 468/827/422
f 459/829/423 460/831/425 470/832/426 469/830/424
f 460/833/425 451/807/407 461/810/410 470/834/426
f 461/810/410 462/809/409 472/835/427 471/836/428
f 462/837/409 463/838/412 473/839/429 472/840/427
f 463/838/412 464/841/414 474/842/430 473/839/429
f 464/841/414 465/843/416 475/844/431 474/842/430
f 465/822/416 466/821/418 476/845/432 475/846/431
f 466/821/418 467/824/420 477/847/433 476/845/432
f 467/848/420 468/849/422 478/850/434 477/851/433
f 468/849/422 469/852/424 479/853/435 478/850/434
f 469/852/424 470/854/426 480/855/436 479/853/435
f 470/834/426 461/810/410 471/836/428 480/856/436
f 471/836/428 472/835/427 482/857/437 481/858/438
f 472/840/427 473/839/429 483/859/439 482/860/437
f 473/839/429 474/842/430 484/861/440 483/859/439
f 474/842/430 475/844/431 485/862/441 484/861/440
f 475/846/431 476/845/432 486/863/442 485/864/441
f 476/845/432 477/847/433 487/865/443 486/863/442
f 477/851/433 478/850/434 488/866/444 487/867/443
f 478/850/434 479/853/435 489/868/445 488/866/444
f 479/853/435 480/855/436 490/869/446 489/868/445
f 480/856/436 471/836/428 481/858/438 490/870/446
f 481/858/438 482/857/437 546/871/447 547/872/448
f 482/860/437 483/859/439 545/873/449 546/874/447
f 483/859/439 484/861/440 544/875/450 545/873/449
f 484/861/440 485/862/441 543/876/451 544/875/450
f 485/864/441 486/863/442 542/877/452 543/878/451
f 486/863/442 487/865/443 541/879/453 542/877/452
f 487/867/443 488/866/444 550/880/454 541/881/453
f 488/866/444 489/868/445 549/882/455 550/880/454
f 489/868/445 490/869/446 548/883/456 549/882/455
f 490/870/446 481/858/438 547/872/448 548/884/456
f 491/885/457 492/886/458 502/887/459 501/888/460
f 492/889/458 493/890/461 503/891/462 502/892/459
f 493/890/461 494/893/463 504/894/464 503/891/462
f 494/893/463 495/895/465 505/896/466 504/894/464
f 495/897/465 496/898/467 506/899/468 505/900/466
f 496/898/467 497/901/469 507/902/470 506/899/468
f 497/903/469 498/904/471 508/905/472 507/906/470
f 498/904/471 499/907/473 509/908/474 508/905/472
f 499/907/473 500/909/475 510/910/476 509/908/474
f 500/911/475 491/885/457 501/888/460 510/912/476
f 501/888/460 502/887/459 512/913/477 511/914/478
f 502/892/459 503/891/462 513/915/479 512/916/477
f 503/891/462 504/894/464 514/917/480 513/915/479
f 504/918/464 505/919/466 515/920/481 514/921/480
f 505/900/466 506/899/468 516/922/482 515/923/481
f 506/899/468 507/902/470 517/924/483 516/922/482
f 507/906/470 508/905/472 518/925/484 517/926/483
f 508/905/472 509/908/474 519/927/485 518/925/484
f 509/908/474 510/910/476 520/928/486 519/927/485
f 510/912/476 501/888/460 511/914/478 520/929/486
f 511/914/478 512/913/477 522/930/487 521/931/488
f 512/916/477 513/915/479 523/932/489 522/933/487
f 513/915/479 514/917/480 524/934/490 523/932/489
f 514/935/480 515/936/481 525/937/491 524/938/490
f 515/923/481 516/922/482 526/939/492 525/940/491
f 516/922/482 517/924/483 527/941/493 526/939/492
f 517/942/483 518/943/484 528/944/494 527/945/493
f 518/946/484 519/947/485 529/948/495 528/949/494
f 519/947/485 520/950/486 530/951/496 529/948/495
f 520/929/486 511/914/478 521/931/488 530/952/496
f 521/931/488 522/930/487 532/953/497 531/954/498
f 522/955/487 523/956/489 533/957/499 532/958/497
f 523/956/489 524/938/490 534/959/500 533/957/499
f 524/938/490 525/937/491 535/960/501 534/959/500
f 525/940/491 526/939/492 536/961/502 535/962/501
f 526/939/492 527/941/493 537/963/503 536/961/502
f 527/941/493 528/964/494 538/965/504 537/963/503
f 528/949/494 529/948/495 539/966/505 538/967/504
f 529/948/495 530/951/496 540/968/506 539/966/505
f 530/952/496 521/931/488 531/954/498 540/969/506
f 531/954/498 532/953/497 652/970/507 651/971/508
f 532/953/497 533/972/499 653/973/509 652/970/507
f 533/957/499 534/959/500 654/974/510 653/975/509
f 534/959/500 535/960/501 655/976/511 654/974/510
f 535/962/501 536/961/502 656/977/512 655/978/511
f 536/961/502 537/963/503 657/979/513 656/977/512
f 537/963/503 538/965/504 658/980/514 657/979/513
f 538/967/504 539/966/505 659/981/515 658/982/514
f 539/966/505 540/968/506 660/983/516 659/981/515
f 540/969/506 531/954/498 651/971/508 660/984/516
f 460/985/517 459/986/517 458/987/517 457/988/517 456/989/517 455/990/517 454/991/517 453/992/517 452/993/517 451/994/517
f 546/871/447 556/995/518 557/996/519 547/872/448
f 545/873/449 555/997/520 556/998/518 546/874/447
f 544/875/450 554/999/521 555/997/520 545/873/449
f 543/876/451 553/1000/522 554/999/521 544/875/450
f 542/877/452 552/1001/523 553/1002/522 543/878/451
f 541/879/453 551/1003/524 552/1001/523 542/877/452
f 550/880/454 560/1004/525 551/1005/524 541/881/453
f 549/882/455 559/1006/526 560/1004/525 550/880/454
f 548/883/456 558/1007/527 559/1006/526 549/882/455
f 547/872/448 557/996/519 558/1008/527 548/884/456
f 556/1009/518 492/886/458 491/885/457 557/1010/519
f 555/997/520 493/890/461 492/889/458 556/998/518
f 554/999/521 494/893/463 493/890/461 555/997/520
f 553/1000/522 495/895/465 494/893/463 554/999/521
f 552/1011/523 496/1012/467 495/1013/465 553/1014/522
f 551/1015/524 497/1016/469 496/1017/467 552/1018/523
f 560/1004/525 498/904/471 497/903/469 551/1005/524
f 559/1006/526 499/907/473 498/904/471 560/1004/525
f 558/1007/527 500/909/475 499/907/473 559/1006/526
f 557/1010/519 491/885/457 500/911/475 558/1019/527
f 561/1020/528 571/1021/529 572/1022/530 562/1023/531
f 562/1024/531 572/1025/530 573/1026/532 563/1027/533
f 563/1027/533 573/1026/532 574/1028/534 564/1029/535
f 564/1029/535 574/1028/534 575/1030/536 565/1031/537
f 565/1032/537 575/1033/536 576/1034/538 566/1035/539
f 566/1035/539 576/1034/538 577/1036/540 567/1037/541
f 567/1038/541 577/1039/540 578/1040/542 568/1041/543
f 568/1041/543 578/1040/542 579/1042/544 569/1043/545
f 569/1043/545 579/1042/544 580/1044/546 570/1045/547
f 570/1046/547 580/1047/546 571/1021/529 561/1020/528
f 571/1021/529 581/1048/548 582/1049/549 572/1022/530
f 572/1050/530 582/1051/549 583/1052/550 573/1053/532
f 573/1053/532 583/1052/550 584/1054/551 574/1055/534
f 574/1055/534 584/1054/551 585/1056/552 575/1057/536
f 575/1033/536 585/1058/552 586/1059/553 576/1034/538
f 576/1034/538 586/1059/553 587/1060/554 577/1036/540
f 577/1061/540 587/1062/554 588/1063/555 578/1064/542
f 578/1064/542 588/1063/555 589/1065/556 579/1066/544
f 579/1066/544 589/1065/556 590/1067/557 580/1068/546
f 580/1047/546 590/1069/557 581/1048/548 571/1021/529
f 581/1048/548 591/1070/438 592/1071/558 582/1049/549
f 582/1051/549 592/1072/558 593/1073/559 583/1052/550
f 583/1052/550 593/1073/559 594/1074/560 584/1054/551
f 584/1054/551 594/1074/560 595/1075/561 585/1056/552
f 585/1058/552 595/1076/561 596/1077/562 586/1059/553
f 586/1059/553 596/1077/562 597/1078/563 587/1060/554
f 587/1062/554 597/1079/563 598/1080/564 588/1063/555
f 588/1063/555 598/1080/564 599/1081/565 589/1065/556
f 589/1065/556 599/1081/565 600/1082/566 590/1067/557
f 590/1069/557 600/1083/566 591/1070/438 581/1048/548
f 591/1070/438 667/1084/567 666/1085/568 592/1071/558
f 592/1072/558 666/1086/568 665/1087/569 593/1073/559
f 593/1073/559 665/1087/569 664/1088/570 594/1074/560
f 594/1074/560 664/1088/570 663/1089/571 595/1075/561
f 595/1076/561 663/1090/571 662/1091/452 596/1077/562
f 596/1077/562 662/1091/452 661/1092/572 597/1078/563
f 597/1079/563 661/1093/572 670/1094/573 598/1080/564
f 598/1080/564 670/1094/573 669/1095/574 599/1081/565
f 599/1081/565 669/1095/574 668/1096/575 600/1082/566
f 600/1083/566 668/1097/575 667/1084/567 591/1070/438
f 601/1098/576 611/1099/577 612/1100/578 602/1101/579
f 602/1102/579 612/1103/578 613/1104/580 603/1105/581
f 603/1105/581 613/1104/580 614/1106/582 604/1107/583
f 604/1107/583 614/1106/582 615/1108/584 605/1109/585
f 605/1110/585 615/1111/584 616/1112/586 606/1113/587
f 606/1113/587 616/1112/586 617/1114/588 607/1115/589
f 607/1116/589 617/1117/588 618/1118/590 608/1119/591
f 608/1119/591 618/1118/590 619/1120/592 609/1121/593
f 609/1121/593 619/1120/592 620/1122/594 610/1123/595
f 610/1124/595 620/1125/594 611/1099/577 601/1098/576
f 611/1099/577 621/1126/596 622/1127/597 612/1100/578
f 612/1103/578 622/1128/597 623/1129/598 613/1104/580
f 613/1104/580 623/1129/598 624/1130/599 614/1106/582
f 614/1131/582 624/1132/599 625/1133/600 615/1134/584
f 615/1111/584 625/1135/600 626/1136/601 616/1112/586
f 616/1112/586 626/1136/601 627/1137/602 617/1114/588
f 617/1117/588 627/1138/602 628/1139/603 618/1118/590
f 618/1118/590 628/1139/603 629/1140/604 619/1120/592
f 619/1120/592 629/1140/604 630/1141/605 620/1122/594
f 620/1125/594 630/1142/605 621/1126/596 611/1099/577
f 621/1126/596 631/1143/606 632/1144/607 622/1127/597
f 622/1128/597 632/1145/607 633/1146/608 623/1129/598
f 623/1129/598 633/1146/608 634/1147/609 624/1130/599
f 624/1148/599 634/1149/609 635/1150/610 625/1151/600
f 625/1135/600 635/1152/610 636/1153/611 626/1136/601
f 626/1136/601 636/1153/611 637/1154/612 627/1137/602
f 627/1155/602 637/1156/612 638/1157/613 628/1158/603
f 628/1159/603 638/1160/613 639/1161/614 629/1162/604
f 629/1162/604 639/1161/614 640/1163/615 630/1164/605
f 630/1142/605 640/1165/615 631/1143/606 621/1126/596
f 631/1143/606 641/1166/616 642/1167/617 632/1144/607
f 632/1168/607 642/1169/617 643/1170/618 633/1171/608
f 633/1171/608 643/1170/618 644/1172/619 634/1149/609
f 634/1149/609 644/1172/619 645/1173/620 635/1150/610
f 635/1152/610 645/1174/620 646/1175/621 636/1153/611
f 636/1153/611 646/1175/621 647/1176/622 637/1154/612
f 637/1154/612 647/1176/622 648/1177/623 638/1178/613
f 638/1160/613 648/1179/623 649/1180/624 639/1161/614
f 639/1161/614 649/1180/624 650/1181/625 640/1163/615
f 640/1165/615 650/1182/625 641/1166/616 631/1143/606
f 641/1166/616 651/971/508 652/970/507 642/1167/617
f 642/1167/617 652/970/507 653/973/509 643/1183/618
f 643/1170/618 653/975/509 654/974/510 644/1172/619
f 644/1172/619 654/974/510 655/976/511 645/1173/620
f 645/1174/620 655/978/511 656/977/512 646/1175/621
f 646/1175/621 656/977/512 657/979/513 647/1176/622
f 647/1176/622 657/979/513 658/980/514 648/1177/623
f 648/1179/623 658/982/514 659/981/515 649/1180/624
f 649/1180/624 659/981/515 660/983/516 650/1181/625
f 650/1182/625 660/984/516 651/971/508 641/1166/616
f 570/1184/626 561/1185/626 562/1186/626 563/1187/626 564/1188/626 565/1189/626 566/1190/626 567/1191/626 568/1192/626 569/1193/626
f 666/1085/568 667/1084/567 677/1194/627 676/1195/628
f 665/1087/569 666/1086/568 676/1196/628 675/1197/526
f 664/1088/570 665/1087/569 675/1197/526 674/1198/629
f 663/1089/571 664/1088/570 674/1198/629 673/1199/630
f 662/1091/452 663/1090/571 673/1200/630 672/1201/631
f 661/1092/572 662/1091/452 672/1201/631 671/1202/632
f 670/1094/573 661/1093/572 671/1203/632 680/1204/633
f 669/1095/574 670/1094/573 680/1204/633 679/1205/634
f 668/1096/575 669/1095/574 679/1205/634 678/1206/635
f 667/1084/567 668/1097/575 678/1207/635 677/1194/627
f 676/1208/628 677/1209/627 601/1098/576 602/1101/579
f 675/1197/526 676/1196/628 602/1102/579 603/1105/581
f 674/1198/629 675/1197/526 603/1105/581 604/1107/583
f 673/1199/630 674/1198/629 604/1107/583 605/1109/585
f 672/1210/631 673/1211/630 605/1212/585 606/1213/587
f 671/1214/632 672/1210/631 606/1213/587 607/1215/589
f 680/1204/633 671/1203/632 607/1116/589 608/1119/591
f 679/1205/634 680/1204/633 608/1119/591 609/1121/593
f 678/1206/635 679/1205/634 609/1121/593 610/1123/595
f 677/1209/627 678/1216/635 610/1124/595 601/1098/576
f 681/1217/407 682/1218/636 692/1219/637 691/1220/638
f 682/1221/636 683/1222/639 693/1223/640 692/1224/637
f 683/1222/639 684/1225/641 694/1226/642 693/1223/640
f 684/1225/641 685/1227/643 695/1228/644 694/1226/642
f 685/1229/643 686/1230/645 696/1231/646 695/1232/644
f 686/1230/645 687/1233/647 697/1234/648 696/1231/646
f 687/1235/647 688/1236/649 698/1237/650 697/1238/648
f 688/1236/649 689/1239/651 699/1240/652 698/1237/650
f 689/1239/651 690/1241/653 700/1242/654 699/1240/652
f 690/1243/653 681/1217/407 691/1220/638 700/1244/654
f 691/1220/638 692/1219/637 702/1245/655 701/1246/656
f 692/1247/637 693/1248/640 703/1249/657 702/1250/655
f 693/1248/640 694/1251/642 704/1252/658 703/1249/657
f 694/1251/642 695/1253/644 705/1254/659 704/1252/658
f 695/1232/644 696/1231/646 706/1255/660 705/1256/659
f 696/1231/646 697/1234/648 707/1257/661 706/1255/660
f 697/1258/648 698/1259/650 708/1260/662 707/1261/661
f 698/1259/650 699/1262/652 709/1263/435 708/1260/662
f 699/1262/652 700/1264/654 710/1265/436 709/1263/435
f 700/1244/654 691/1220/638 701/1246/656 710/1266/436
f 701/1246/656 702/1245/655 712/1267/663 711/1268/664
f 702/1250/655 703/1249/657 713/1269/665 712/1270/663
f 703/1249/657 704/1252/658 714/1271/666 713/1269/665
f 704/1252/658 705/1254/659 715/1272/667 714/1271/666
f 705/1256/659 706/1255/660 716/1273/442 715/1274/667
f 706/1255/660 707/1257/661 717/1275/668 716/1273/442
f 707/1261/661 708/1260/662 718/1276/669 717/1277/668
f 708/1260/662 709/1263/435 719/1278/445 718/1276/669
f 709/1263/435 710/1265/436 720/1279/670 719/1278/445
f 710/1266/436 701/1246/656 711/1268/664 720/1280/670
f 711/1268/664 712/1267/663 776/1281/575 777/1282/671
f 712/1270/663 713/1269/665 775/1283/672 776/1284/575
f 713/1269/665 714/1271/666 774/1285/673 775/1283/672
f 714/1271/666 715/1272/667 773/1286/572 774/1285/673
f 715/1274/667 716/1273/442 772/1287/452 773/1288/572
f 716/1273/442 717/1275/668 771/1289/674 772/1287/452
f 717/1277/668 718/1276/669 780/1290/675 771/1291/674
f 718/1276/669 719/1278/445 779/1292/676 780/1290/675
f 719/1278/445 720/1279/670 778/1293/677 779/1292/676
f 720/1280/670 711/1268/664 777/1282/671 778/1294/677
f 721/1295/678 722/1296/679 732/1297/680 731/1298/681
f 722/1299/679 723/1300/682 733/1301/683 732/1302/680
f 723/1300/682 724/1303/684 734/1304/685 733/1301/683
f 724/1303/684 725/1305/686 735/1306/687 734/1304/685
f 725/1307/686 726/1308/688 736/1309/689 735/1310/687
f 726/1308/688 727/1311/690 737/1312/691 736/1309/689
f 727/1313/690 728/1314/692 738/1315/693 737/1316/691
f 728/1314/692 729/1317/473 739/1318/694 738/1315/693
f 729/1317/473 730/1319/695 740/1320/696 739/1318/694
f 730/1321/695 721/1295/678 731/1298/681 740/1322/696
f 731/1298/681 732/1297/680 742/1323/697 741/1324/478
f 732/1302/680 733/1301/683 743/1325/698 742/1326/697
f 733/1301/683 734/1304/685 744/1327/699 743/1325/698
f 734/1328/685 735/1329/687 745/1330/700 744/1331/699
f 735/1310/687 736/1309/689 746/1332/701 745/1333/700
f 736/1309/689 737/1312/691 747/1334/483 746/1332/701
f 737/1316/691 738/1315/693 748/1335/702 747/1336/483
f 738/1315/693 739/1318/694 749/1337/485 748/1335/702
f 739/1318/694 740/1320/696 750/1338/703 749/1337/485
f 740/1322/696 731/1298/681 741/1324/478 750/1339/703
f 741/1324/478 742/1323/697 752/1340/704 751/1341/705
f 742/1326/697 743/1325/698 753/1342/706 752/1343/704
f 743/1325/698 744/1327/699 754/1344/707 753/1342/706
f 744/1345/699 745/1346/700 755/1347/708 754/1348/707
f 745/1333/700 746/1332/701 756/1349/709 755/1350/708
f 746/1332/701 747/1334/483 757/1351/710 756/1349/709
f 747/1352/483 748/1353/702 758/1354/711 757/1355/710
f 748/1356/702 749/1357/485 759/1358/712 758/1359/711
f 749/1357/485 750/1360/703 760/1361/713 759/1358/712
f 750/1339/703 741/1324/478 751/1341/705 760/1362/713
f 751/1341/705 752/1340/704 762/1363/714 761/1364/715
f 752/1340/704 753/1365/706 763/1366/716 762/1363/714
f 753/1367/706 754/1348/707 764/1368/717 763/1369/716
f 754/1348/707 755/1347/708 765/1370/718 764/1368/717
f 755/1350/708 756/1349/709 766/1371/719 765/1372/718
f 756/1349/709 757/1351/710 767/1373/720 766/1371/719
f 757/1351/710 758/1374/711 768/1375/721 767/1373/720
f 758/1359/711 759/1358/712 769/1376/722 768/1377/721
f 759/1358/712 760/1361/713 770/1378/723 769/1376/722
f 760/1362/713 751/1341/705 761/1364/715 770/1379/723
f 761/1364/715 762/1363/714 872/1380/724 871/1381/725
f 762/1363/714 763/1366/716 873/1382/726 872/1380/724
f 763/1369/716 764/1368/717 874/1383/727 873/1384/726
f 764/1368/717 765/1370/718 875/1385/728 874/1383/727
f 765/1372/718 766/1371/719 876/1386/729 875/1387/728
f 766/1371/719 767/1373/720 877/1388/730 876/1386/729
f 767/1389/720 768/1377/721 878/1390/731 877/1391/730
f 768/1377/721 769/1376/722 878/1390/731
f 769/1376/722 770/1378/723 879/1392/732 878/1390/731
f 770/1379/723 761/1364/715 871/1381/725 879/1393/732
f 690/1221/733 689/1394/733 688/1395/733 687/1396/733 686/1397/733 685/1227/734 684/1225/734 683/1222/734 682/1221/734 681/1398/734
f 776/1281/575 786/1399/735 787/1400/736 777/1282/671
f 775/1283/672 785/1401/737 786/1402/735 776/1284/575
f 774/1285/673 784/1403/738 785/1401/737 775/1283/672
f 773/1286/572 783/1404/739 784/1403/738 774/1285/673
f 772/1287/452 782/1405/740 783/1406/739 773/1288/572
f 771/1289/674 781/1407/524 782/1405/740 772/1287/452
f 780/1290/675 790/1408/629 781/1409/524 771/1291/674
f 779/1292/676 789/1410/741 790/1408/629 780/1290/675
f 778/1293/677 788/1411/527 789/1410/741 779/1292/676
f 777/1282/671 787/1400/736 788/1412/527 778/1294/677
f 786/1413/735 722/1296/679 721/1295/678 787/1414/736
f 785/1401/737 723/1300/682 722/1299/679 786/1402/735
f 784/1403/738 724/1303/684 723/1300/682 785/1401/737
f 783/1404/739 725/1305/686 724/1303/684 784/1403/738
f 782/1415/740 726/1416/688 725/1417/686 783/1418/739
f 781/1419/524 727/1420/690 726/1421/688 782/1422/740
f 790/1408/629 728/1314/692 727/1313/690 781/1409/524
f 789/1410/741 729/1317/473 728/1314/692 790/1408/629
f 788/1411/527 730/1319/695 729/1317/473 789/1410/741
f 787/1414/736 721/1295/678 730/1321/695 788/1423/527
f 791/1424/742 801/1425/743 802/1426/744 792/1427/745
f 792/1428/745 802/1429/744 803/1430/746 793/1431/747
f 793/1431/747 803/1430/746 804/1432/748 794/1433/749
f 794/1433/749 804/1432/748 805/1434/750 795/1435/537
f 795/1436/537 805/1437/750 806/1438/751 796/1439/752
f 796/1439/752 806/1438/751 807/1440/540 797/1441/753
f 797/1442/753 807/1443/540 808/1444/542 798/1445/754
f 798/1445/754 808/1444/542 809/1446/755 799/1447/756
f 799/1447/756 809/1446/755 810/1448/757 800/1449/758
f 800/1450/758 810/1451/757 801/1425/743 791/1424/742
f 801/1425/743 811/1452/759 812/1453/760 802/1426/744
f 802/1454/744 812/1455/760 813/1456/761 803/1457/746
f 803/1457/746 813/1456/761 814/1458/762 804/1459/748
f 804/1459/748 814/1458/762 815/1460/763 805/1461/750
f 805/1437/750 815/1462/763 816/1463/764 806/1438/751
f 806/1438/751 816/1463/764 817/1464/765 807/1440/540
f 807/1465/540 817/1466/765 818/1467/766 808/1468/542
f 808/1468/542 818/1467/766 819/1469/767 809/1470/755
f 809/1470/755 819/1469/767 820/1471/768 810/1472/757
f 810/1451/757 820/1473/768 811/1452/759 801/1425/743
f 811/1452/759 821/1474/438 822/1475/769 812/1453/760
f 812/1455/760 822/1476/769 823/1477/770 813/1456/761
f 813/1456/761 823/1477/770 824/1478/771 814/1458/762
f 814/1458/762 824/1478/771 825/1479/772 815/1460/763
f 815/1462/763 825/1480/772 826/1481/442 816/1463/764
f 816/1463/764 826/1481/442 827/1482/773 817/1464/765
f 817/1466/765 827/1483/773 828/1484/774 818/1467/766
f 818/1467/766 828/1484/774 829/1485/775 819/1469/767
f 819/1469/767 829/1485/775 830/1486/776 820/1471/768
f 820/1473/768 830/1487/776 821/1474/438 811/1452/759
f 821/1474/438 886/1488/777 885/1489/568 822/1475/769
f 822/1476/769 885/1490/568 884/1491/778 823/1477/770
f 823/1477/770 884/1491/778 883/1492/779 824/1478/771
f 824/1478/771 883/1492/779 882/1493/780 825/1479/772
f 825/1480/772 882/1494/780 881/1495/452 826/1481/442
f 826/1481/442 881/1495/452 880/1496/572 827/1482/773
f 827/1483/773 880/1497/572 889/1498/781 828/1484/774
f 828/1484/774 889/1498/781 888/1499/782 829/1485/775
f 829/1485/775 888/1499/782 887/1500/575 830/1486/776
f 830/1487/776 887/1501/575 886/1488/777 821/1474/438
f 831/1502/783 841/1503/784 842/1504/785 832/1505/579
f 832/1506/579 842/1507/785 843/1508/786 833/1509/581
f 833/1509/581 843/1508/786 844/1510/787 834/1511/583
f 834/1511/583 844/1510/787 845/1512/788 835/1513/789
f 835/1514/789 845/1515/788 846/1516/790 836/1517/791
f 836/1517/791 846/1516/790 847/1518/588 837/1519/792
f 837/1520/792 847/1521/588 848/1522/793 838/1523/794
f 838/1523/794 848/1522/793 849/1524/795 839/1525/796
f 839/1525/796 849/1524/795 850/1526/797 840/1527/595
f 840/1528/595 850/1529/797 841/1503/784 831/1502/783
f 841/1503/784 851/1530/798 852/1531/799 842/1504/785
f 842/1507/785 852/1532/799 853/1533/800 843/1508/786
f 843/1508/786 853/1533/800 854/1534/801 844/1510/787
f 844/1535/787 854/1536/801 855/1537/802 845/1538/788
f 845/1515/788 855/1539/802 856/1540/803 846/1516/790
f 846/1516/790 856/1540/803 857/1541/602 847/1518/588
f 847/1521/588 857/1542/602 858/1543/603 848/1522/793
f 848/1522/793 858/1543/603 859/1544/804 849/1524/795
f 849/1524/795 859/1544/804 860/1545/805 850/1526/797
f 850/1529/797 860/1546/805 851/1530/798 841/1503/784
f 851/1530/798 861/1547/806 862/1548/807 852/1531/799
f 852/1532/799 862/1549/807 863/1550/808 853/1533/800
f 853/1533/800 863/1550/808 864/1551/809 854/1534/801
f 854/1552/801 864/1553/809 865/1554/810 855/1555/802
f 855/1539/802 865/1556/810 866/1557/811 856/1540/803
f 856/1540/803 866/1557/811 867/1558/812 857/1541/602
f 857/1559/602 867/1560/812 868/1561/813 858/1562/603
f 858/1563/603 868/1564/813 869/1565/814 859/1566/804
f 859/1566/804 869/1565/814 870/1567/815 860/1568/805
f 860/1546/805 870/1569/815 861/1547/806 851/1530/798
f 861/1547/806 871/1381/725 872/1380/724 862/1548/807
f 862/1570/807 872/1571/724 873/1384/726 863/1572/808
f 863/1572/808 873/1384/726 874/1383/727 864/1553/809
f 864/1553/809 874/1383/727 875/1385/728 865/1554/810
f 865/1556/810 875/1387/728 876/1386/729 866/1557/811
f 866/1557/811 876/1386/729 877/1388/730 867/1558/812
f 867/1573/812 877/1391/730 868/1564/813
f 868/1564/813 877/1391/730 878/1390/731 869/1565/814
f 869/1565/814 878/1390/731 879/1392/732 870/1567/815
f 870/1569/815 879/1393/732 871/1381/725 861/1547/806
f 800/1574/816 791/1575/816 792/1576/816 793/1577/816 794/1578/816 795/1579/816 796/1580/816 797/1581/816 798/1582/816 799/1583/816
f 885/1489/568 886/1488/777 896/1584/817 895/1585/818
f 884/1491/778 885/1490/568 895/1586/818 894/1587/819
f 883/1492/779 884/1491/778 894/1587/819 893/1588/820
f 882/1493/780 883/1492/779 893/1588/820 892/1589/821
f 881/1495/452 882/1494/780 892/1590/821 891/1591/822
f 880/1496/572 881/1495/452 891/1591/822 890/1592/823
f 889/1498/781 880/1497/572 890/1593/823 899/1594/824
f 888/1499/782 889/1498/781 899/1594/824 898/1595/825
f 887/1500/575 888/1499/782 898/1595/825 897/1596/826
f 886/1488/777 887/1501/575 897/1597/826 896/1584/817
f 895/1598/818 896/1599/817 831/1502/783 832/1505/579
f 894/1587/819 895/1586/818 832/1506/579 833/1509/581
f 893/1588/820 894/1587/819 833/1509/581 834/1511/583
f 892/1589/821 893/1588/820 834/1511/583 835/1513/789
f 891/1600/822 892/1601/821 835/1602/789 836/1603/791
f 890/1604/823 891/1600/822 836/1603/791 837/1605/792
f 899/1594/824 890/1593/823 837/1520/792 838/1523/794
f 898/1595/825 899/1594/824 838/1523/794 839/1525/796
f 897/1596/826 898/1595/825 839/1525/796 840/1527/595
f 896/1599/817 897/1606/826 840/1528/595 831/1502/783
o 1A_seats001
v -0.001312 -0.003241 0.005763
v 0.001316 -0.003236 0.005427
v 0.006535 -0.003244 0.005744
v -0.001319 -0.003190 0.002850
v 0.001310 -0.003191 0.002844
v 0.006529 -0.003194 0.002832
v -0.001326 -0.003139 -0.000062
v 0.001304 -0.003146 0.000276
v 0.006522 -0.003143 -0.000081
v -0.001639 0.001173 0.005841
v 0.001076 0.001172 0.005834
v 0.006152 0.000936 0.005818
v -0.001646 0.001224 0.002928
v 0.001170 0.001169 0.002921
v 0.006146 0.000987 0.002905
v -0.001653 0.001275 0.000016
v 0.001062 0.001273 0.000009
v 0.006139 0.001038 -0.000007
v -0.002581 0.009537 0.004816
v -0.000023 0.010279 0.004363
v -0.000026 0.010447 0.003085
v -0.000029 0.010323 0.001803
v -0.002589 0.009598 0.001338
v -0.002585 0.009714 0.003079
v -0.000164 0.008313 0.004789
v -0.002716 0.008770 0.005428
v -0.002722 0.008811 0.003063
v -0.002727 0.008852 0.000701
v -0.000173 0.008374 0.001309
v -0.000168 0.008343 0.003049
v 0.000128 0.007751 0.005574
v -0.002587 0.007752 0.005581
v -0.002593 0.007796 0.003045
v -0.002599 0.007841 0.000510
v 0.000116 0.007839 0.000503
v -0.000012 0.007795 0.003039
v -0.000559 0.010424 0.004590
v -0.000720 0.010644 0.003090
v -0.000566 0.010477 0.001583
v -0.000521 0.008379 0.001007
v -0.000919 0.007840 0.000506
v 0.000027 0.001274 0.000012
v 0.000301 -0.003146 0.000279
v 0.000308 -0.003191 0.002846
v 0.000314 -0.003236 0.005429
v 0.000041 0.001172 0.005837
v -0.000907 0.007751 0.005577
v -0.000511 0.008308 0.005093
v -0.001618 0.010105 0.004793
v -0.001622 0.010421 0.003089
v -0.001627 0.010164 0.001372
v -0.001420 0.008385 0.000726
v -0.001292 0.007840 0.000506
v -0.000346 0.001274 0.000013
v -0.000060 -0.003140 -0.000065
v -0.000053 -0.003190 0.002847
v -0.000047 -0.003235 0.005430
v -0.000332 0.001172 0.005837
v -0.001280 0.007752 0.005578
v -0.001409 0.008303 0.005376
v 0.001141 0.000473 0.005822
v 0.000115 0.000473 0.005824
v -0.000254 0.000473 0.005825
v -0.001550 0.000474 0.005828
v -0.001557 0.000525 0.002916
v -0.001564 0.000576 0.000004
v -0.000268 0.000575 -0.000000
v 0.000101 0.000575 -0.000001
v 0.001127 0.000574 -0.000003
v 0.006523 0.000572 -0.000016
v 0.006530 0.000521 0.002896
v 0.006537 0.000470 0.005809
v 0.005018 0.000471 0.005812
v 0.005067 -0.003244 0.005747
v 0.005060 -0.003193 0.002835
v 0.005053 -0.003142 -0.000077
v 0.005004 0.000573 -0.000012
v 0.004986 0.001272 -0.000000
v 0.003898 0.000869 0.002909
v 0.005000 0.001170 0.005825
v 0.001075 0.001178 0.005477
v 0.000127 0.007758 0.005184
v 0.000117 0.007833 0.000871
v 0.001063 0.001267 0.000386
v 0.000186 0.007296 0.005589
v 0.000333 0.007311 0.005201
v 0.000195 0.007341 0.003031
v 0.000325 0.007371 0.000839
v 0.000176 0.007367 0.000471
v 0.004999 0.001177 0.005433
v 0.006152 0.000943 0.005423
v 0.006536 0.000477 0.005414
v 0.006535 -0.003238 0.005351
v 0.004987 0.001265 0.000356
v 0.006139 0.001032 0.000350
v 0.006524 0.000566 0.000341
v 0.006522 -0.003149 0.000272
v -0.001327 -0.003134 -0.000349
v 0.001302 -0.003129 -0.000686
v 0.006521 -0.003138 -0.000368
v -0.001334 -0.003083 -0.003262
v 0.001296 -0.003084 -0.003268
v 0.006514 -0.003087 -0.003281
v -0.001341 -0.003032 -0.006174
v 0.001289 -0.003040 -0.005836
v 0.006507 -0.003036 -0.006193
v -0.001654 0.001280 -0.000272
v 0.001061 0.001278 -0.000278
v 0.006138 0.001043 -0.000294
v -0.001661 0.001331 -0.003184
v 0.001155 0.001276 -0.003192
v 0.006131 0.001094 -0.003207
v -0.001668 0.001381 -0.006096
v 0.001047 0.001380 -0.006103
v 0.006124 0.001144 -0.006119
v -0.002595 0.009644 -0.001297
v -0.000038 0.010385 -0.001749
v -0.000041 0.010554 -0.003027
v -0.000044 0.010430 -0.004309
v -0.002604 0.009705 -0.004774
v -0.002600 0.009820 -0.003034
v -0.000179 0.008420 -0.001324
v -0.002731 0.008876 -0.000685
v -0.002736 0.008918 -0.003049
v -0.002742 0.008959 -0.005411
v -0.000187 0.008480 -0.004803
v -0.000183 0.008450 -0.003063
v 0.000113 0.007858 -0.000538
v -0.002602 0.007859 -0.000531
v -0.002608 0.007903 -0.003067
v -0.002614 0.007947 -0.005603
v 0.000101 0.007946 -0.005609
v -0.000026 0.007902 -0.003073
v -0.000573 0.010531 -0.001522
v -0.000735 0.010751 -0.003022
v -0.000580 0.010584 -0.004529
v -0.000536 0.008486 -0.005106
v -0.000934 0.007947 -0.005607
v 0.000012 0.001381 -0.006100
v 0.000287 -0.003039 -0.005833
v 0.000293 -0.003084 -0.003266
v 0.000299 -0.003129 -0.000683
v 0.000026 0.001279 -0.000276
v -0.000922 0.007858 -0.000535
v -0.000526 0.008414 -0.001019
v -0.001633 0.010211 -0.001319
v -0.001637 0.010528 -0.003024
v -0.001641 0.010271 -0.004740
v -0.001435 0.008491 -0.005386
v -0.001307 0.007947 -0.005606
v -0.000361 0.001381 -0.006099
v -0.000075 -0.003033 -0.006177
v -0.000068 -0.003084 -0.003265
v -0.000062 -0.003129 -0.000682
v -0.000347 0.001279 -0.000275
v -0.001294 0.007858 -0.000534
v -0.001424 0.008410 -0.000736
v 0.001127 0.000579 -0.000291
v 0.000100 0.000580 -0.000288
v -0.000269 0.000580 -0.000287
v -0.001565 0.000581 -0.000284
v -0.001572 0.000632 -0.003196
v -0.001579 0.000682 -0.006109
v -0.000283 0.000682 -0.006112
v 0.000086 0.000682 -0.006113
v 0.001113 0.000681 -0.006115
v 0.006509 0.000678 -0.006128
v 0.006516 0.000628 -0.003216
v 0.006523 0.000577 -0.000304
v 0.005004 0.000577 -0.000300
v 0.005052 -0.003137 -0.000365
v 0.005045 -0.003086 -0.003277
v 0.005038 -0.003035 -0.006189
v 0.004990 0.000679 -0.006125
v 0.004972 0.001378 -0.006112
v 0.003884 0.000975 -0.003203
v 0.004986 0.001277 -0.000288
v 0.001060 0.001285 -0.000636
v 0.000112 0.007864 -0.000928
v 0.000102 0.007940 -0.005241
v 0.001048 0.001374 -0.005726
v 0.000171 0.007403 -0.000523
v 0.000319 0.007418 -0.000911
v 0.000181 0.007448 -0.003082
v 0.000310 0.007478 -0.005273
v 0.000161 0.007474 -0.005641
v 0.004985 0.001283 -0.000679
v 0.006137 0.001050 -0.000689
v 0.006522 0.000584 -0.000699
v 0.006520 -0.003131 -0.000761
v 0.004972 0.001372 -0.005756
v 0.006125 0.001138 -0.005762
v 0.006510 0.000672 -0.005772
v 0.006508 -0.003042 -0.005840
v -0.013292 -0.003235 0.005792
v -0.010663 -0.003230 0.005455
v -0.005444 -0.003239 0.005773
v -0.013299 -0.003184 0.002879
v -0.010669 -0.003185 0.002873
v -0.005451 -0.003188 0.002860
v -0.013306 -0.003133 -0.000033
v -0.010675 -0.003140 0.000305
v -0.005458 -0.003137 -0.000052
v -0.013619 0.001179 0.005869
v -0.010904 0.001178 0.005863
v -0.005827 0.000942 0.005847
v -0.013626 0.001230 0.002957
v -0.010810 0.001175 0.002949
v -0.005834 0.000993 0.002934
v -0.013633 0.001281 0.000045
v -0.010918 0.001279 0.000038
v -0.005841 0.001044 0.000022
v -0.014560 0.009543 0.004844
v -0.012003 0.010285 0.004392
v -0.012006 0.010453 0.003114
v -0.012009 0.010329 0.001832
v -0.014569 0.009604 0.001367
v -0.014564 0.009719 0.003107
v -0.012144 0.008319 0.004817
v -0.014696 0.008775 0.005456
v -0.014701 0.008817 0.003092
v -0.014707 0.008858 0.000730
v -0.012152 0.008380 0.001338
v -0.012148 0.008349 0.003078
v -0.011851 0.007757 0.005603
v -0.014566 0.007758 0.005610
v -0.014572 0.007802 0.003074
v -0.014579 0.007847 0.000538
v -0.011864 0.007845 0.000532
v -0.011991 0.007801 0.003068
v -0.012538 0.010430 0.004619
v -0.012700 0.010650 0.003119
v -0.012545 0.010483 0.001612
v -0.012500 0.008385 0.001035
v -0.012899 0.007846 0.000534
v -0.011953 0.001280 0.000041
v -0.011678 -0.003140 0.000307
v -0.011672 -0.003185 0.002875
v -0.011666 -0.003230 0.005458
v -0.011939 0.001178 0.005865
v -0.012887 0.007757 0.005606
v -0.012491 0.008314 0.005122
v -0.013598 0.010110 0.004822
v -0.013602 0.010427 0.003117
v -0.013606 0.010170 0.001401
v -0.013400 0.008390 0.000755
v -0.013271 0.007846 0.000535
v -0.012326 0.001280 0.000042
v -0.012040 -0.003134 -0.000036
v -0.012033 -0.003185 0.002876
v -0.012027 -0.003230 0.005459
v -0.012312 0.001178 0.005866
v -0.013259 0.007757 0.005607
v -0.013389 0.008309 0.005405
v -0.010838 0.000479 0.005850
v -0.011864 0.000479 0.005853
v -0.012234 0.000479 0.005854
v -0.013530 0.000480 0.005857
v -0.013537 0.000531 0.002945
v -0.013544 0.000582 0.000032
v -0.012248 0.000581 0.000029
v -0.011878 0.000581 0.000028
v -0.010852 0.000580 0.000026
v -0.005456 0.000578 0.000013
v -0.005449 0.000527 0.002925
v -0.005442 0.000476 0.005837
v -0.006961 0.000477 0.005841
v -0.006913 -0.003238 0.005776
v -0.006920 -0.003187 0.002864
v -0.006927 -0.003136 -0.000048
v -0.006975 0.000578 0.000016
v -0.006993 0.001277 0.000029
v -0.008081 0.000874 0.002938
v -0.006979 0.001176 0.005853
v -0.010905 0.001184 0.005505
v -0.011852 0.007764 0.005213
v -0.011863 0.007839 0.000900
v -0.010917 0.001273 0.000415
v -0.011794 0.007302 0.005618
v -0.011646 0.007317 0.005230
v -0.011784 0.007347 0.003059
v -0.011655 0.007377 0.000868
v -0.011804 0.007373 0.000500
v -0.006980 0.001183 0.005462
v -0.005828 0.000949 0.005452
v -0.005443 0.000483 0.005442
v -0.005445 -0.003232 0.005380
v -0.006992 0.001271 0.000385
v -0.005840 0.001037 0.000379
v -0.005455 0.000571 0.000369
v -0.005457 -0.003143 0.000301
v -0.013306 -0.003128 -0.000321
v -0.010678 -0.003124 -0.000657
v -0.005459 -0.003132 -0.000340
v -0.013313 -0.003077 -0.003233
v -0.010684 -0.003079 -0.003239
v -0.005466 -0.003081 -0.003252
v -0.013320 -0.003026 -0.006145
v -0.010690 -0.003034 -0.005807
v -0.005473 -0.003030 -0.006164
v -0.013633 0.001286 -0.000243
v -0.010918 0.001284 -0.000249
v -0.005842 0.001049 -0.000266
v -0.013640 0.001336 -0.003155
v -0.010824 0.001281 -0.003163
v -0.005849 0.001099 -0.003178
v -0.013647 0.001387 -0.006068
v -0.010932 0.001386 -0.006074
v -0.005856 0.001150 -0.006090
v -0.014575 0.009650 -0.001268
v -0.012017 0.010391 -0.001721
v -0.012020 0.010560 -0.002998
v -0.012023 0.010436 -0.004281
v -0.014583 0.009710 -0.004745
v -0.014579 0.009826 -0.003005
v -0.012158 0.008425 -0.001295
v -0.014710 0.008882 -0.000656
v -0.014716 0.008923 -0.003020
v -0.014721 0.008965 -0.005382
v -0.012167 0.008486 -0.004774
v -0.012163 0.008456 -0.003034
v -0.011866 0.007863 -0.000509
v -0.014581 0.007865 -0.000503
v -0.014587 0.007909 -0.003038
v -0.014593 0.007953 -0.005574
v -0.011878 0.007952 -0.005580
v -0.012006 0.007908 -0.003044
v -0.012553 0.010537 -0.001493
v -0.012714 0.010757 -0.002993
v -0.012560 0.010589 -0.004500
v -0.012515 0.008492 -0.005077
v -0.012913 0.007952 -0.005578
v -0.011968 0.001386 -0.006072
v -0.011693 -0.003033 -0.005805
v -0.011687 -0.003078 -0.003237
v -0.011680 -0.003123 -0.000654
v -0.011954 0.001285 -0.000247
v -0.012901 0.007864 -0.000507
v -0.012505 0.008420 -0.000990
v -0.013613 0.010217 -0.001290
v -0.013617 0.010533 -0.002995
v -0.013621 0.010277 -0.004711
v -0.013415 0.008497 -0.005357
v -0.013286 0.007953 -0.005577
v -0.012340 0.001387 -0.006071
v -0.012054 -0.003027 -0.006148
v -0.012047 -0.003078 -0.003236
v -0.012041 -0.003123 -0.000654
v -0.012326 0.001285 -0.000246
v -0.013274 0.007864 -0.000506
v -0.013403 0.008416 -0.000708
v -0.010853 0.000585 -0.000262
v -0.011879 0.000586 -0.000259
v -0.012249 0.000586 -0.000258
v -0.013545 0.000587 -0.000255
v -0.013552 0.000637 -0.003168
v -0.013559 0.000688 -0.006080
v -0.012263 0.000688 -0.006083
v -0.011893 0.000687 -0.006084
v -0.010867 0.000687 -0.006086
v -0.005471 0.000684 -0.006099
v -0.005464 0.000633 -0.003187
v -0.005457 0.000583 -0.000275
v -0.006976 0.000583 -0.000271
v -0.006928 -0.003131 -0.000336
v -0.006935 -0.003080 -0.003248
v -0.006942 -0.003030 -0.006161
v -0.006990 0.000685 -0.006096
v -0.007008 0.001384 -0.006083
v -0.008096 0.000981 -0.003175
v -0.006994 0.001282 -0.000259
v -0.010919 0.001290 -0.000607
v -0.011867 0.007870 -0.000899
v -0.011877 0.007945 -0.005212
v -0.010932 0.001379 -0.005698
v -0.011808 0.007409 -0.000494
v -0.011661 0.007423 -0.000883
v -0.011799 0.007453 -0.003053
v -0.011669 0.007484 -0.005244
v -0.011818 0.007480 -0.005613
v -0.006995 0.001289 -0.000650
v -0.005843 0.001055 -0.000660
v -0.005458 0.000589 -0.000670
v -0.005460 -0.003125 -0.000733
v -0.007007 0.001378 -0.005727
v -0.005855 0.001144 -0.005733
v -0.005470 0.000678 -0.005743
v -0.005472 -0.003036 -0.005812
vn -0.0002 -0.9998 -0.0174
vn -0.0005 -0.9998 -0.0175
vn -0.0004 -0.9998 -0.0175
vn -0.0003 -0.9998 -0.0175
vn -0.0006 -0.9998 -0.0175
vn -0.0006 -0.9998 -0.0174
vn -0.0003 -0.9998 -0.0174
vn -0.0006 -0.9998 -0.0176
vn -0.0008 -0.9998 -0.0173
vn -0.4346 0.8893 0.1424
vn -0.3378 0.9411 0.0173
vn -0.5510 0.8343 0.0159
vn -0.5475 0.8282 0.1199
vn 0.0416 0.9990 0.0172
vn 0.0453 0.9988 0.0172
vn 0.0211 0.9995 -0.0238
vn 0.0678 0.9975 -0.0209
vn -0.4352 0.8937 -0.1092
vn -0.5480 0.8318 -0.0883
vn 0.0944 0.9954 0.0171
vn 0.0005 0.9998 0.0177
vn 0.0217 0.9980 0.0587
vn 0.0680 0.9962 0.0550
vn 0.1300 -0.0536 0.9901
vn 0.0655 -0.0802 0.9946
vn 0.0353 -0.0483 0.9982
vn 0.0651 -0.0353 0.9973
vn -0.0193 -0.0843 0.9963
vn -0.0193 -0.0404 0.9990
vn -0.0086 -0.0292 0.9995
vn -0.0083 -0.0511 0.9987
vn 1.0000 -0.0006 -0.0024
vn 0.9272 0.3746 0.0043
vn 1.0000 -0.0005 -0.0023
vn 1.0000 -0.0004 -0.0020
vn -0.0248 -0.0061 -0.9997
vn -0.0137 0.0055 -0.9999
vn -0.0024 0.0175 -0.9998
vn -0.0023 0.0175 -0.9998
vn 0.2198 -0.0392 -0.9748
vn 0.1131 -0.0106 -0.9935
vn -0.0133 -0.0180 -0.9997
vn -0.0253 -0.0523 -0.9983
vn -0.9980 -0.0640 0.0013
vn -0.9955 -0.0952 0.0007
vn 0.0024 -0.0165 0.9999
vn 0.0023 0.0112 0.9999
vn 0.0021 0.0397 0.9992
vn 0.0027 0.0398 0.9992
vn 0.9415 0.2821 0.1846
vn 0.9401 0.2827 -0.1905
vn -0.0021 0.0460 -0.9989
vn -0.0016 0.0747 -0.9972
vn -0.0006 0.0749 -0.9972
vn -0.0019 0.0361 -0.9993
vn -0.9909 -0.1345 -0.0000
vn -0.9909 -0.1342 -0.0000
vn -0.9909 -0.1343 -0.0000
vn 0.5284 0.1768 0.8304
vn 0.9975 -0.0702 -0.0037
vn 0.9975 -0.0700 -0.0069
vn 0.9975 -0.0703 -0.0005
vn 0.0034 0.4531 -0.8915
vn -0.9871 0.1601 0.0086
vn -0.9863 0.1648 -0.0008
vn -0.9871 0.1602 0.0087
vn -0.9863 0.1646 0.0111
vn 0.1442 0.7363 0.6611
vn 0.9258 0.3772 -0.0246
vn 0.9262 0.3755 0.0332
vn 0.0554 0.2636 -0.9630
vn -0.9920 -0.1259 0.0001
vn -0.9921 -0.1258 -0.0000
vn -0.9920 -0.1259 0.0002
vn 0.2869 0.9509 0.1159
vn 0.2883 0.9574 0.0160
vn -0.0048 0.9998 0.0175
vn 0.0274 0.9885 0.1490
vn 0.2865 0.9544 -0.0841
vn 0.0268 0.9931 -0.1145
vn 0.0022 -0.1058 0.9944
vn 0.0027 -0.0618 0.9981
vn 0.2260 0.0071 -0.9741
vn 0.1102 0.0125 -0.9938
vn 0.0027 0.0113 0.9999
vn 0.0029 0.0012 1.0000
vn 0.0038 0.0400 0.9992
vn -0.0023 0.0463 -0.9989
vn -0.0025 0.0746 -0.9972
vn 0.1890 0.2733 0.9432
vn 0.5247 0.2057 -0.8261
vn 0.5247 0.2057 -0.8260
vn 0.1894 0.4835 0.8546
vn 0.1410 0.7593 -0.6353
vn 0.1411 0.7593 -0.6353
vn 0.1864 0.3063 -0.9335
vn 0.1869 0.5114 -0.8388
vn -0.0027 0.0175 -0.9998
vn -0.0024 0.0184 -0.9998
vn -0.0023 0.0746 -0.9972
vn 0.0108 0.4218 0.9066
vn 0.0614 0.2302 0.9712
vn 0.0024 -0.0176 0.9998
vn 0.0023 -0.0175 0.9998
vn 0.7710 0.6368 0.0093
vn 0.7709 0.6369 0.0092
vn -0.0004 -0.9998 -0.0176
vn 0.0340 0.9993 0.0168
vn 0.1146 0.9932 -0.0226
vn 0.1988 0.9799 0.0167
vn 0.1148 0.9918 0.0561
vn -0.0024 0.0174 -0.9998
vn 0.9080 0.4157 -0.0518
vn 0.9102 0.4097 0.0605
vn 0.9711 0.1375 0.1948
vn 0.9712 0.1375 0.1948
vn 0.9904 0.1381 -0.0084
vn 0.9904 0.1378 0.0085
vn 0.9702 0.1438 -0.1950
vn 0.1989 0.9799 0.0165
vn 1.0000 -0.0005 -0.0024
vn -0.0008 -0.9998 -0.0175
vn -0.0004 -0.9998 -0.0174
vn -0.0005 -0.9998 -0.0173
vn -0.5509 0.8344 0.0160
vn -0.5477 0.8280 0.1200
vn 0.0415 0.9990 0.0172
vn 0.0455 0.9988 0.0173
vn -0.5481 0.8317 -0.0883
vn 0.0005 0.9998 0.0175
vn 0.0680 0.9962 0.0549
vn 0.0350 -0.0485 0.9982
vn -0.0194 -0.0841 0.9963
vn -0.0191 -0.0400 0.9990
vn 0.9272 0.3745 0.0043
vn 1.0000 -0.0005 -0.0026
vn -0.0251 -0.0063 -0.9997
vn -0.0137 0.0056 -0.9999
vn -0.0023 0.0176 -0.9998
vn -0.0024 0.0177 -0.9998
vn 0.2200 -0.0392 -0.9747
vn -0.0134 -0.0178 -0.9998
vn -0.0254 -0.0523 -0.9983
vn -0.9955 -0.0952 0.0008
vn 0.0025 0.0114 0.9999
vn 0.0025 0.0397 0.9992
vn 0.0023 0.0397 0.9992
vn 0.9413 0.2822 0.1851
vn 0.9413 0.2822 0.1850
vn 0.9402 0.2826 -0.1904
vn -0.0020 0.0460 -0.9989
vn -0.0018 0.0747 -0.9972
vn -0.0012 0.0750 -0.9972
vn -0.0019 0.0359 -0.9994
vn -0.9910 -0.1340 -0.0000
vn -0.9909 -0.1343 0.0001
vn -0.9909 -0.1344 -0.0000
vn 0.5283 0.1768 0.8305
vn 0.9975 -0.0701 -0.0035
vn 0.9975 -0.0701 -0.0001
vn 0.0036 0.4529 -0.8915
vn -0.9854 0.1700 0.0039
vn -0.9864 0.1642 -0.0006
vn -0.9854 0.1700 0.0038
vn -0.9863 0.1643 0.0110
vn 0.1440 0.7369 0.6605
vn 0.9257 0.3775 -0.0246
vn 0.9263 0.3754 0.0333
vn 0.9263 0.3753 0.0333
vn 0.0553 0.2638 -0.9630
vn -0.9921 -0.1258 0.0002
vn 0.2873 0.9508 0.1161
vn 0.2886 0.9573 0.0162
vn 0.0023 -0.1058 0.9944
vn 0.0024 -0.0618 0.9981
vn 0.2262 0.0071 -0.9741
vn 0.1103 0.0125 -0.9938
vn 0.0032 0.0398 0.9992
vn 0.0029 0.0113 0.9999
vn 0.0039 0.0400 0.9992
vn -0.0024 0.0461 -0.9989
vn -0.0025 0.0745 -0.9972
vn 0.1888 0.2737 0.9431
vn 0.5244 0.2057 -0.8263
vn 0.5243 0.2057 -0.8263
vn 0.1892 0.4835 0.8546
vn 0.1893 0.4835 0.8546
vn 0.1861 0.3065 -0.9335
vn 0.1867 0.5115 -0.8388
vn 0.1866 0.5115 -0.8388
vn -0.0023 0.0174 -0.9998
vn -0.0023 0.0745 -0.9972
vn 0.0615 0.2302 0.9712
vn 0.0023 -0.0176 0.9998
vn 0.7710 0.6368 0.0092
vn 0.7711 0.6366 0.0094
vn -0.0024 0.0176 -0.9998
vn -0.0007 -0.9998 -0.0175
vn 0.0340 0.9993 0.0169
vn 0.0023 -0.0174 0.9998
vn 0.9079 0.4159 -0.0517
vn 0.9102 0.4097 0.0601
vn 0.9711 0.1375 0.1949
vn 0.9904 0.1379 -0.0084
vn 0.9904 0.1377 0.0083
vn 0.0005 0.9998 0.0173
vn 1.0000 -0.0005 -0.0025
vn -0.5511 0.8343 0.0160
vn -0.5476 0.8281 0.1198
vn 0.0417 0.9990 0.0172
vn 0.0454 0.9988 0.0172
vn 0.0211 0.9995 -0.0239
vn -0.5484 0.8316 -0.0881
vn 0.0654 -0.0802 0.9946
vn 0.0349 -0.0485 0.9982
vn -0.0194 -0.0842 0.9963
vn -0.0193 -0.0403 0.9990
vn -0.0082 -0.0512 0.9987
vn 1.0000 -0.0005 -0.0028
vn 0.9272 0.3746 0.0047
vn -0.0023 0.0173 -0.9998
vn 0.1130 -0.0106 -0.9935
vn -0.0133 -0.0178 -0.9998
vn 0.0024 -0.0167 0.9999
vn 0.9414 0.2820 0.1850
vn 0.9401 0.2828 -0.1903
vn -0.0019 0.0459 -0.9989
vn -0.0011 0.0750 -0.9972
vn -0.9909 -0.1344 0.0001
vn 0.5284 0.1769 0.8304
vn 0.9975 -0.0701 -0.0002
vn -0.9872 0.1592 0.0043
vn -0.9863 0.1647 -0.0003
vn -0.9872 0.1593 0.0042
vn -0.9863 0.1645 0.0111
vn 0.1445 0.7366 0.6607
vn 0.9257 0.3774 -0.0246
vn 0.9262 0.3754 0.0332
vn 0.0554 0.2638 -0.9630
vn -0.9920 -0.1262 0.0002
vn -0.9920 -0.1259 0.0004
vn -0.9920 -0.1260 0.0002
vn 0.2870 0.9509 0.1159
vn 0.2882 0.9574 0.0160
vn 0.2866 0.9544 -0.0841
vn 0.0023 -0.0618 0.9981
vn 0.0030 0.0113 0.9999
vn -0.0023 0.0461 -0.9989
vn -0.0024 0.0745 -0.9972
vn 0.1887 0.2738 0.9431
vn 0.5244 0.2057 -0.8262
vn 0.1893 0.4833 0.8547
vn 0.1859 0.3065 -0.9335
vn 0.1860 0.3065 -0.9335
vn -0.0024 0.0182 -0.9998
vn 0.0107 0.4219 0.9066
vn 0.0612 0.2305 0.9712
vn 0.0024 -0.0175 0.9998
vn 0.0024 -0.0174 0.9998
vn 0.7710 0.6367 0.0093
vn 0.0338 0.9993 0.0167
vn 0.1989 0.9799 0.0166
vn 0.9079 0.4160 -0.0517
vn 0.9103 0.4097 0.0601
vn 0.9703 0.1439 -0.1946
vn 0.1989 0.9799 0.0167
vn -0.0007 -0.9998 -0.0174
vn -0.0004 -0.9998 -0.0173
vn -0.5511 0.8343 0.0158
vn -0.5476 0.8281 0.1196
vn 0.0452 0.9988 0.0173
vn -0.5480 0.8318 -0.0882
vn 0.1300 -0.0534 0.9901
vn 0.0350 -0.0484 0.9982
vn -0.0192 -0.0402 0.9990
vn -0.0084 -0.0290 0.9995
vn -0.0250 -0.0063 -0.9997
vn -0.0137 0.0057 -0.9999
vn -0.0025 0.0175 -0.9998
vn -0.0136 -0.0178 -0.9997
vn -0.0255 -0.0519 -0.9983
vn -0.9979 -0.0642 0.0013
vn -0.9955 -0.0949 0.0007
vn -0.9955 -0.0951 0.0007
vn 0.0025 0.0115 0.9999
vn 0.0025 0.0398 0.9992
vn 0.0023 0.0398 0.9992
vn 0.9414 0.2821 0.1849
vn -0.0014 0.0746 -0.9972
vn -0.0012 0.0748 -0.9972
vn 0.9975 -0.0705 -0.0037
vn 0.9975 -0.0701 -0.0070
vn 0.9975 -0.0702 -0.0036
vn 0.9975 -0.0703 -0.0002
vn -0.9870 0.1603 0.0090
vn -0.9863 0.1647 -0.0006
vn -0.9870 0.1603 0.0089
vn 0.1447 0.7365 0.6608
vn 0.9257 0.3775 -0.0247
vn 0.9262 0.3756 0.0333
vn -0.9921 -0.1257 0.0001
vn -0.0005 -0.9998 -0.0174
vn 0.2870 0.9509 0.1158
vn 0.2881 0.9575 0.0160
vn 0.2864 0.9544 -0.0841
vn 0.0022 -0.1059 0.9944
vn 0.0023 -0.0621 0.9981
vn 0.0030 0.0399 0.9992
vn 0.0028 0.0114 0.9999
vn -0.0024 0.0458 -0.9989
vn -0.0024 0.0747 -0.9972
vn 0.1888 0.2736 0.9431
vn 0.5243 0.2056 -0.8263
vn 0.1409 0.7594 -0.6352
vn 0.1862 0.3065 -0.9335
vn 0.1862 0.5117 -0.8388
vn -0.0025 0.0176 -0.9998
vn -0.0023 0.0747 -0.9972
vn 0.0108 0.4217 0.9067
vn 0.0615 0.2299 0.9713
vn 0.0025 -0.0175 0.9998
vn 0.0027 -0.0174 0.9998
vn 0.7710 0.6368 0.0094
vn 0.7710 0.6367 0.0095
vn -0.0023 0.0179 -0.9998
vn -0.0003 -0.9998 -0.0173
vn 0.0341 0.9993 0.0169
vn 0.1147 0.9931 -0.0226
vn 0.0027 -0.0175 0.9998
vn 0.9080 0.4157 -0.0517
vn 0.9904 0.1377 0.0084
vn 0.9703 0.1438 -0.1948
vn 0.7711 0.6367 0.0093
vt 0.146812 0.145743
vt 0.148173 0.145743
vt 0.148173 0.147322
vt 0.146812 0.147523
vt 0.149639 0.145743
vt 0.153670 0.145743
vt 0.153670 0.147523
vt 0.149639 0.147322
vt 0.146812 0.143962
vt 0.148173 0.143962
vt 0.149639 0.144172
vt 0.153670 0.143962
vt 0.109557 0.088773
vt 0.108700 0.087724
vt 0.110818 0.087724
vt 0.111254 0.088791
vt 0.157407 0.187662
vt 0.160545 0.187662
vt 0.160662 0.189333
vt 0.156148 0.189311
vt 0.109557 0.086674
vt 0.111254 0.086658
vt 0.156148 0.185756
vt 0.160662 0.185756
vt 0.160662 0.186003
vt 0.156148 0.185989
vt 0.101448 0.022505
vt 0.101499 0.023867
vt 0.090407 0.024055
vt 0.090355 0.022661
vt 0.101553 0.025334
vt 0.101704 0.029368
vt 0.090619 0.029728
vt 0.090463 0.025557
vt 0.120584 0.135305
vt 0.109483 0.135305
vt 0.109483 0.133762
vt 0.120584 0.133761
vt 0.120584 0.137090
vt 0.109483 0.137090
vt 0.109483 0.136872
vt 0.120584 0.136874
vt 0.156581 0.061109
vt 0.167671 0.061491
vt 0.167607 0.063126
vt 0.156518 0.062691
vt 0.156781 0.055995
vt 0.167878 0.056213
vt 0.167835 0.057317
vt 0.156739 0.057074
vt 0.149415 0.087724
vt 0.138304 0.087724
vt 0.138304 0.085937
vt 0.149415 0.085937
vt 0.149415 0.089511
vt 0.138304 0.089511
vt 0.088266 0.022643
vt 0.088318 0.024049
vt 0.068671 0.023760
vt 0.068618 0.022354
vt 0.093363 0.175800
vt 0.093363 0.175559
vt 0.094729 0.175545
vt 0.094705 0.175785
vt 0.093363 0.178688
vt 0.093363 0.178461
vt 0.094752 0.178475
vt 0.094784 0.178703
vt 0.169968 0.056214
vt 0.189627 0.055961
vt 0.189583 0.057075
vt 0.188170 0.057085
vt 0.169924 0.057328
vt 0.136212 0.087724
vt 0.116552 0.087724
vt 0.116552 0.086168
vt 0.136212 0.085937
vt 0.136212 0.089511
vt 0.116552 0.089280
vt 0.061245 0.025393
vt 0.060778 0.024833
vt 0.067067 0.024649
vt 0.067081 0.025023
vt 0.085387 0.177124
vt 0.085826 0.176334
vt 0.091714 0.176050
vt 0.091714 0.177124
vt 0.085826 0.177913
vt 0.091714 0.178197
vt 0.192731 0.054132
vt 0.194985 0.054368
vt 0.196638 0.055470
vt 0.191284 0.055485
vt 0.113518 0.086275
vt 0.113518 0.087724
vt 0.113518 0.089175
vt 0.068686 0.024161
vt 0.068728 0.025275
vt 0.093363 0.177124
vt 0.189698 0.054153
vt 0.189643 0.055560
vt 0.148561 0.147322
vt 0.148561 0.145743
vt 0.148561 0.144172
vt 0.197377 0.063126
vt 0.196451 0.063126
vt 0.196451 0.062243
vt 0.197538 0.062444
vt 0.195525 0.063126
vt 0.195363 0.062444
vt 0.101513 0.024255
vt 0.090422 0.024453
vt 0.156796 0.055606
vt 0.167894 0.055815
vt 0.088333 0.024450
vt 0.088375 0.025564
vt 0.070085 0.025286
vt 0.169984 0.055813
vt 0.061680 0.023657
vt 0.067031 0.023682
vt 0.197070 0.057208
vt 0.191232 0.056826
vt 0.191246 0.056452
vt 0.197538 0.056648
vt 0.197312 0.046136
vt 0.197504 0.047218
vt 0.196327 0.047223
vt 0.195836 0.045966
vt 0.189527 0.061949
vt 0.189520 0.063126
vt 0.188438 0.062932
vt 0.188270 0.061456
vt 0.156850 0.054243
vt 0.167949 0.054420
vt 0.170039 0.054406
vt 0.063334 0.022559
vt 0.065587 0.022328
vt 0.089275 0.031000
vt 0.088533 0.029786
vt 0.090680 0.031362
vt 0.108091 0.135305
vt 0.108091 0.133762
vt 0.108091 0.137090
vt 0.108091 0.136871
vt 0.169759 0.061553
vt 0.155249 0.145743
vt 0.155249 0.147283
vt 0.155249 0.147523
vt 0.155249 0.143962
vt 0.155249 0.144177
vt 0.154822 0.187662
vt 0.154822 0.189309
vt 0.154822 0.185756
vt 0.154822 0.185990
vt 0.101763 0.030948
vt 0.169014 0.062766
vt 0.094728 0.177124
vt 0.113129 0.175327
vt 0.113129 0.175547
vt 0.113290 0.177124
vt 0.113129 0.178688
vt 0.113129 0.178920
vt 0.160662 0.189567
vt 0.156148 0.189567
vt 0.154822 0.189567
vt 0.108091 0.133520
vt 0.109483 0.133520
vt 0.120584 0.133520
vt 0.162116 0.135301
vt 0.163477 0.135301
vt 0.163477 0.136880
vt 0.162116 0.137082
vt 0.164943 0.135301
vt 0.168973 0.135301
vt 0.168973 0.137082
vt 0.164943 0.136880
vt 0.162116 0.133520
vt 0.163477 0.133520
vt 0.164943 0.133731
vt 0.168973 0.133520
vt 0.156836 0.104634
vt 0.155979 0.103585
vt 0.158096 0.103585
vt 0.158533 0.104652
vt 0.172711 0.198590
vt 0.175849 0.198590
vt 0.175966 0.200262
vt 0.171452 0.200239
vt 0.156836 0.102535
vt 0.158533 0.102519
vt 0.171452 0.196684
vt 0.175966 0.196684
vt 0.175966 0.196931
vt 0.171452 0.196917
vt 0.053595 0.006603
vt 0.053646 0.007965
vt 0.042554 0.008153
vt 0.042502 0.006759
vt 0.053701 0.009432
vt 0.053851 0.013465
vt 0.042766 0.013826
vt 0.042610 0.009655
vt 0.097880 0.198011
vt 0.086779 0.198011
vt 0.086779 0.196468
vt 0.097880 0.196467
vt 0.097880 0.199796
vt 0.086779 0.199796
vt 0.086779 0.199578
vt 0.097880 0.199580
vt 0.012987 0.108775
vt 0.024078 0.109156
vt 0.024014 0.110791
vt 0.012925 0.110356
vt 0.013188 0.103660
vt 0.024285 0.103878
vt 0.024241 0.104983
vt 0.013145 0.104739
vt 0.196694 0.103585
vt 0.185582 0.103585
vt 0.185582 0.101798
vt 0.196694 0.101798
vt 0.196694 0.105372
vt 0.185582 0.105372
vt 0.040413 0.006741
vt 0.040465 0.008147
vt 0.020818 0.007858
vt 0.020765 0.006451
vt 0.021829 0.165079
vt 0.021837 0.164845
vt 0.023242 0.164852
vt 0.023225 0.165138
vt 0.021730 0.167891
vt 0.021738 0.167670
vt 0.023182 0.167759
vt 0.023191 0.167927
vt 0.026375 0.103880
vt 0.046034 0.103626
vt 0.045990 0.104741
vt 0.044576 0.104750
vt 0.026331 0.104994
vt 0.183491 0.103585
vt 0.163831 0.103585
vt 0.163831 0.102029
vt 0.183491 0.101798
vt 0.183491 0.105372
vt 0.163831 0.105141
vt 0.013392 0.009491
vt 0.012925 0.008931
vt 0.019214 0.008747
vt 0.019228 0.009121
vt 0.013606 0.166314
vt 0.014083 0.165545
vt 0.020102 0.165218
vt 0.020066 0.166263
vt 0.014029 0.167083
vt 0.020029 0.167308
vt 0.049138 0.101798
vt 0.051391 0.102033
vt 0.053044 0.103135
vt 0.047691 0.103150
vt 0.160797 0.102136
vt 0.160797 0.103585
vt 0.160797 0.105036
vt 0.020833 0.008259
vt 0.020875 0.009372
vt 0.021769 0.166320
vt 0.046105 0.101818
vt 0.046049 0.103225
vt 0.163865 0.136880
vt 0.163865 0.135301
vt 0.163865 0.133731
vt 0.012925 0.166064
vt 0.013570 0.165218
vt 0.193547 0.047223
vt 0.192641 0.046939
vt 0.192639 0.046043
vt 0.193374 0.046138
vt 0.053660 0.008353
vt 0.042569 0.008550
vt 0.013203 0.103272
vt 0.024300 0.103481
vt 0.040480 0.008548
vt 0.040522 0.009662
vt 0.022233 0.009384
vt 0.026390 0.103478
vt 0.013827 0.007755
vt 0.019178 0.007780
vt 0.053477 0.104873
vt 0.047638 0.104492
vt 0.047653 0.104118
vt 0.053945 0.104314
vt 0.046249 0.109704
vt 0.046441 0.110786
vt 0.045264 0.110791
vt 0.044773 0.109533
vt 0.185980 0.061949
vt 0.185973 0.063126
vt 0.184891 0.062932
vt 0.184723 0.061456
vt 0.013256 0.101909
vt 0.024355 0.102086
vt 0.026446 0.102071
vt 0.015481 0.006656
vt 0.017734 0.006425
vt 0.041422 0.015098
vt 0.040680 0.013884
vt 0.042827 0.015460
vt 0.085387 0.198011
vt 0.085387 0.196468
vt 0.085387 0.199796
vt 0.085387 0.199577
vt 0.026165 0.109218
vt 0.170553 0.135301
vt 0.170553 0.136841
vt 0.170553 0.137082
vt 0.170553 0.133520
vt 0.170553 0.133736
vt 0.170126 0.198590
vt 0.170126 0.200237
vt 0.170126 0.196684
vt 0.170126 0.196918
vt 0.053910 0.015046
vt 0.025420 0.110431
vt 0.023189 0.166394
vt 0.042174 0.164961
vt 0.042166 0.165175
vt 0.042288 0.166746
vt 0.042059 0.168233
vt 0.042051 0.168459
vt 0.175966 0.200495
vt 0.171452 0.200495
vt 0.170126 0.200495
vt 0.085387 0.196226
vt 0.086779 0.196226
vt 0.097880 0.196226
vt 0.146812 0.135301
vt 0.148173 0.135301
vt 0.148173 0.136880
vt 0.146812 0.137082
vt 0.149639 0.135301
vt 0.153670 0.135301
vt 0.153670 0.137082
vt 0.149639 0.136880
vt 0.146812 0.133520
vt 0.148173 0.133520
vt 0.149639 0.133731
vt 0.153670 0.133520
vt 0.157140 0.088773
vt 0.156283 0.087724
vt 0.158401 0.087724
vt 0.158837 0.088791
vt 0.157407 0.198341
vt 0.160545 0.198341
vt 0.160662 0.200012
vt 0.156148 0.199990
vt 0.157140 0.086674
vt 0.158837 0.086658
vt 0.156148 0.196435
vt 0.160662 0.196435
vt 0.160662 0.196681
vt 0.156148 0.196668
vt 0.053595 0.022505
vt 0.053646 0.023867
vt 0.042554 0.024055
vt 0.042502 0.022661
vt 0.053700 0.025334
vt 0.053851 0.029368
vt 0.042766 0.029728
vt 0.042610 0.025557
vt 0.168881 0.166630
vt 0.157781 0.166630
vt 0.157781 0.165087
vt 0.168881 0.165086
vt 0.168881 0.168415
vt 0.157781 0.168415
vt 0.157781 0.168197
vt 0.168881 0.168199
vt 0.156546 0.029305
vt 0.167637 0.029686
vt 0.167572 0.031321
vt 0.156484 0.030886
vt 0.156747 0.024190
vt 0.167844 0.024408
vt 0.167800 0.025513
vt 0.156704 0.025269
vt 0.196999 0.087724
vt 0.185887 0.087724
vt 0.185887 0.085937
vt 0.196999 0.085937
vt 0.196999 0.089511
vt 0.185887 0.089511
vt 0.040413 0.022643
vt 0.040465 0.024049
vt 0.020818 0.023760
vt 0.020765 0.022354
vt 0.058060 0.186043
vt 0.058068 0.185809
vt 0.059473 0.185816
vt 0.059456 0.186103
vt 0.057961 0.188855
vt 0.057969 0.188634
vt 0.059413 0.188723
vt 0.059422 0.188891
vt 0.169933 0.024409
vt 0.189593 0.024156
vt 0.189549 0.025270
vt 0.188135 0.025280
vt 0.169890 0.025524
vt 0.183796 0.087724
vt 0.164135 0.087724
vt 0.164135 0.086168
vt 0.183796 0.085937
vt 0.183796 0.089511
vt 0.164135 0.089280
vt 0.013392 0.025393
vt 0.012925 0.024833
vt 0.019214 0.024649
vt 0.019228 0.025023
vt 0.049837 0.187278
vt 0.050313 0.186509
vt 0.056333 0.186183
vt 0.056296 0.187228
vt 0.050259 0.188047
vt 0.056260 0.188273
vt 0.192697 0.022328
vt 0.194950 0.022563
vt 0.196603 0.023665
vt 0.191250 0.023680
vt 0.161101 0.086275
vt 0.161101 0.087724
vt 0.161101 0.089175
vt 0.020833 0.024161
vt 0.020875 0.025275
vt 0.058000 0.187284
vt 0.189663 0.022348
vt 0.189608 0.023755
vt 0.148561 0.136880
vt 0.148561 0.135301
vt 0.148561 0.133731
vt 0.049156 0.187029
vt 0.049801 0.186182
vt 0.187153 0.046316
vt 0.186869 0.047222
vt 0.185973 0.047223
vt 0.186068 0.046489
vt 0.053660 0.024255
vt 0.042569 0.024453
vt 0.156762 0.023801
vt 0.167859 0.024010
vt 0.040480 0.024450
vt 0.040522 0.025564
vt 0.022232 0.025286
vt 0.169949 0.024008
vt 0.013827 0.023657
vt 0.019178 0.023682
vt 0.197036 0.025403
vt 0.191197 0.025022
vt 0.191212 0.024648
vt 0.197504 0.024843
vt 0.050206 0.109704
vt 0.050398 0.110786
vt 0.049221 0.110791
vt 0.048730 0.109533
vt 0.193074 0.061949
vt 0.193067 0.063126
vt 0.191985 0.062932
vt 0.191816 0.061456
vt 0.156815 0.022439
vt 0.167914 0.022615
vt 0.170005 0.022601
vt 0.015481 0.022559
vt 0.017734 0.022328
vt 0.041422 0.031000
vt 0.040680 0.029786
vt 0.042827 0.031362
vt 0.156389 0.166630
vt 0.156389 0.165087
vt 0.156389 0.168415
vt 0.156389 0.168196
vt 0.169724 0.029748
vt 0.155249 0.135301
vt 0.155249 0.136841
vt 0.155249 0.137082
vt 0.155249 0.133520
vt 0.155249 0.133736
vt 0.154822 0.198341
vt 0.154822 0.199988
vt 0.154822 0.196435
vt 0.154822 0.196669
vt 0.053910 0.030948
vt 0.168979 0.030961
vt 0.059420 0.187359
vt 0.078404 0.185925
vt 0.078397 0.186139
vt 0.078519 0.187711
vt 0.078289 0.189197
vt 0.078281 0.189424
vt 0.160662 0.200246
vt 0.156148 0.200246
vt 0.154822 0.200246
vt 0.156389 0.164845
vt 0.157781 0.164845
vt 0.168881 0.164845
vt 0.191053 0.166626
vt 0.192414 0.166626
vt 0.192414 0.168205
vt 0.191053 0.168407
vt 0.193880 0.166626
vt 0.197910 0.166626
vt 0.197910 0.168407
vt 0.193880 0.168205
vt 0.191053 0.164845
vt 0.192414 0.164845
vt 0.193880 0.165055
vt 0.197910 0.164845
vt 0.013782 0.157239
vt 0.012925 0.156190
vt 0.015042 0.156190
vt 0.015479 0.157258
vt 0.172711 0.177232
vt 0.175849 0.177232
vt 0.175966 0.178904
vt 0.171452 0.178882
vt 0.013782 0.155140
vt 0.015479 0.155124
vt 0.171452 0.175327
vt 0.175966 0.175327
vt 0.175966 0.175573
vt 0.171452 0.175560
vt 0.149301 0.022505
vt 0.149352 0.023867
vt 0.138260 0.024055
vt 0.138208 0.022661
vt 0.149406 0.025334
vt 0.149557 0.029368
vt 0.138472 0.029728
vt 0.138316 0.025557
vt 0.120584 0.145747
vt 0.109483 0.145747
vt 0.109483 0.144204
vt 0.120584 0.144203
vt 0.120584 0.147532
vt 0.109483 0.147532
vt 0.109483 0.147313
vt 0.120584 0.147316
vt 0.156546 0.045207
vt 0.167637 0.045588
vt 0.167572 0.047223
vt 0.156484 0.046788
vt 0.156747 0.040092
vt 0.167844 0.040310
vt 0.167800 0.041415
vt 0.156704 0.041171
vt 0.053641 0.156190
vt 0.042529 0.156190
vt 0.042529 0.154403
vt 0.053641 0.154403
vt 0.053641 0.157977
vt 0.042529 0.157977
vt 0.136119 0.022643
vt 0.136171 0.024049
vt 0.116524 0.023760
vt 0.116471 0.022354
vt 0.164883 0.117893
vt 0.164891 0.117659
vt 0.166296 0.117666
vt 0.166279 0.117953
vt 0.164784 0.120705
vt 0.164792 0.120484
vt 0.166236 0.120573
vt 0.166245 0.120741
vt 0.169933 0.040312
vt 0.189593 0.040058
vt 0.189549 0.041173
vt 0.188135 0.041182
vt 0.169890 0.041426
vt 0.040438 0.156190
vt 0.020777 0.156190
vt 0.020777 0.154634
vt 0.040438 0.154403
vt 0.040438 0.157977
vt 0.020777 0.157746
vt 0.109098 0.025393
vt 0.108631 0.024833
vt 0.114920 0.024649
vt 0.114934 0.025023
vt 0.156660 0.119128
vt 0.157137 0.118359
vt 0.163156 0.118033
vt 0.163119 0.119078
vt 0.157083 0.119897
vt 0.163083 0.120123
vt 0.192697 0.038230
vt 0.194950 0.038465
vt 0.196603 0.039567
vt 0.191250 0.039582
vt 0.017743 0.154741
vt 0.017743 0.156190
vt 0.017743 0.157641
vt 0.116539 0.024161
vt 0.116581 0.025275
vt 0.164823 0.119134
vt 0.189663 0.038250
vt 0.189608 0.039657
vt 0.192802 0.168205
vt 0.192802 0.166626
vt 0.192802 0.165055
vt 0.155979 0.118878
vt 0.156624 0.118032
vt 0.190350 0.047223
vt 0.189444 0.046939
vt 0.189442 0.046043
vt 0.190177 0.046138
vt 0.149366 0.024255
vt 0.138275 0.024453
vt 0.156762 0.039704
vt 0.167859 0.039913
vt 0.136186 0.024450
vt 0.136228 0.025564
vt 0.117938 0.025286
vt 0.169949 0.039910
vt 0.109533 0.023657
vt 0.114884 0.023682
vt 0.197036 0.041305
vt 0.191197 0.040924
vt 0.191212 0.040550
vt 0.197504 0.040746
vt 0.042292 0.109704
vt 0.042484 0.110786
vt 0.041307 0.110791
vt 0.040816 0.109533
vt 0.053945 0.109614
vt 0.053937 0.110791
vt 0.052856 0.110597
vt 0.052687 0.109122
vt 0.156815 0.038341
vt 0.167914 0.038518
vt 0.170004 0.038503
vt 0.111187 0.022559
vt 0.113440 0.022328
vt 0.137128 0.031000
vt 0.136386 0.029786
vt 0.138533 0.031362
vt 0.108091 0.145747
vt 0.108091 0.144203
vt 0.108091 0.147532
vt 0.108091 0.147313
vt 0.169724 0.045650
vt 0.199489 0.166626
vt 0.199489 0.168166
vt 0.199489 0.168407
vt 0.199489 0.164845
vt 0.199489 0.165061
vt 0.170126 0.177232
vt 0.170126 0.178880
vt 0.170126 0.175327
vt 0.170126 0.175561
vt 0.149616 0.030948
vt 0.168979 0.046863
vt 0.166243 0.119209
vt 0.185228 0.117775
vt 0.185220 0.117989
vt 0.185342 0.119561
vt 0.185113 0.121047
vt 0.185105 0.121273
vt 0.175966 0.179138
vt 0.171452 0.179138
vt 0.170126 0.179138
vt 0.108091 0.143962
vt 0.109483 0.143962
vt 0.120584 0.143962
s 1
usemtl cart
f 903/1607/827 955/1608/828 956/1609/828 900/1610/829
f 904/1611/830 974/1612/831 973/1613/832 901/1614/833
f 906/1615/834 954/1616/835 955/1608/828 903/1607/827
f 907/1617/830 975/1618/831 974/1612/831 904/1611/830
f 948/1619/836 949/1620/837 923/1621/838 918/1622/839
f 978/1623/840 913/1624/841 980/1625/842 989/1626/843
f 923/1621/838 949/1620/837 950/1627/844 922/1628/845
f 977/1629/846 916/1630/847 983/1631/848 993/1632/849
f 900/1633/850 956/1634/851 962/1635/852 963/1636/853
f 901/1637/854 973/1638/855 972/1639/856 960/1640/857
f 905/1641/858 970/1642/859 991/1643/859 992/1644/860
f 908/1645/860 969/1646/859 995/1647/859 996/1648/861
f 975/1649/862 976/1650/863 969/1651/864 908/1652/865
f 942/1653/866 967/1654/867 968/1655/868 907/1656/869
f 903/1657/870 964/1658/871 965/1659/871 906/1660/870
f 900/1661/870 963/1662/871 964/1658/871 903/1657/870
f 909/1663/872 957/1664/873 958/1665/874 931/1666/875
f 981/1667/876 930/1668/876 984/1669/876 985/1670/876
f 934/1671/877 982/1672/877 987/1673/877 988/1674/877
f 941/1675/878 940/1676/879 934/1677/880 988/1678/880 916/1679/881
f 912/1680/882 932/1681/883 933/1682/882 915/1683/884
f 909/1684/884 931/1685/882 932/1681/883 912/1680/882
f 919/1686/885 936/1687/885 947/1688/885 924/1689/885
f 920/1690/886 919/1691/887 924/1692/887 929/1693/886
f 921/1694/888 920/1690/886 929/1693/886 928/1695/888
f 927/1696/889 922/1697/889 950/1698/889 951/1699/889
f 923/1621/890 922/1628/891 927/1700/891 926/1701/892
f 918/1622/893 923/1621/890 926/1701/892 925/1702/893
f 924/1689/894 947/1688/894 946/1703/894 930/1704/894
f 929/1693/895 924/1692/895 930/1668/895 981/1667/895 935/1705/895
f 928/1695/896 929/1693/896 935/1705/896 982/1672/896 934/1671/896
f 933/1706/897 927/1696/897 951/1699/897 952/1707/897
f 926/1701/898 927/1700/899 933/1682/882 932/1681/883
f 925/1702/900 926/1701/898 932/1681/883 931/1685/882
f 904/1611/830 901/1614/833 944/1708/828 943/1709/828
f 907/1617/830 904/1611/830 943/1709/828 942/1710/829
f 919/1711/901 920/1712/902 937/1713/903 936/1714/904
f 937/1713/903 920/1712/902 921/1715/905 938/1716/906
f 944/1717/907 901/1637/854 960/1640/857 961/1718/908
f 954/1719/909 966/1720/910 967/1654/867 942/1653/866
f 946/1703/875 945/1721/911 910/1722/912 984/1723/913 930/1704/913
f 953/1724/914 952/1707/915 940/1676/879 941/1675/878
f 936/1687/916 948/1725/916 959/1726/916 947/1688/916
f 921/1727/917 928/1728/917 939/1729/918 938/1730/918
f 947/1688/919 959/1726/919 958/1665/919 946/1703/919
f 928/1728/920 934/1677/920 940/1676/920 939/1729/921
f 943/1709/828 944/1708/828 956/1609/828 955/1608/828
f 942/1710/829 943/1709/828 955/1608/828 954/1616/835
f 936/1731/904 937/1732/903 949/1733/837 948/1734/836
f 949/1735/837 937/1736/903 938/1737/906 950/1738/844
f 956/1634/851 944/1717/907 961/1718/908 962/1635/852
f 945/1721/911 946/1703/875 958/1665/874 957/1664/873
f 938/1730/922 939/1729/922 951/1699/922 950/1698/922
f 939/1729/923 940/1676/923 952/1707/923 951/1699/923
f 906/1739/924 965/1740/924 966/1720/910 954/1719/909
f 915/1741/925 933/1706/926 952/1707/915 953/1724/914
f 948/1725/927 918/1742/927 925/1743/927 959/1726/927
f 959/1726/928 925/1743/928 931/1666/928 958/1665/928
f 957/1664/873 909/1663/872 963/1636/853 962/1635/852
f 911/1744/929 979/1745/929 972/1639/856 971/1746/930
f 914/1747/931 990/1748/931 991/1643/859 970/1642/859
f 917/1749/932 994/1750/931 995/1647/859 969/1646/859
f 968/1655/868 916/1679/881 977/1751/864 976/1650/863
f 967/1654/867 941/1675/878 916/1679/881 968/1655/868
f 912/1680/882 915/1683/884 965/1659/871 964/1658/871
f 909/1684/884 912/1680/882 964/1658/871 963/1662/871
f 910/1722/912 945/1721/911 961/1718/908 960/1640/857
f 966/1720/910 953/1724/914 941/1675/878 967/1654/867
f 945/1721/911 957/1664/873 962/1635/852 961/1718/908
f 965/1740/924 915/1741/925 953/1724/914 966/1720/910
f 973/1613/832 974/1612/831 905/1752/832 992/1753/933 902/1754/933
f 974/1612/831 975/1618/831 908/1755/830 996/1756/830 905/1752/832
f 914/1757/934 978/1623/840 989/1626/843 990/1758/935
f 917/1759/936 977/1629/846 993/1632/849 994/1760/937
f 902/1761/930 971/1746/930 972/1639/856 973/1638/855
f 907/1656/869 968/1655/868 976/1650/863 975/1649/862
f 979/1745/929 910/1722/912 960/1640/857 972/1639/856
f 917/1762/938 969/1651/864 976/1650/863 977/1751/864
f 935/1705/939 981/1667/939 985/1670/939 986/1763/939
f 982/1672/940 935/1705/940 986/1763/940 987/1673/940
f 910/1764/941 980/1765/942 985/1670/941 984/1669/942
f 980/1765/943 913/1766/943 986/1763/943 985/1670/943
f 913/1766/944 983/1767/944 987/1673/944 986/1763/944
f 983/1767/945 916/1768/945 988/1674/945 987/1673/945
f 910/1769/847 979/1770/846 989/1626/843 980/1625/842
f 979/1770/846 911/1771/946 990/1758/935 989/1626/843
f 911/1772/931 971/1773/859 991/1643/859 990/1748/931
f 971/1773/859 902/1774/947 992/1644/860 991/1643/859
f 913/1624/841 978/1623/840 993/1632/849 983/1631/848
f 978/1623/840 914/1757/934 994/1760/937 993/1632/849
f 994/1750/931 914/1747/931 970/1642/859 995/1647/859
f 995/1647/859 970/1642/859 905/1641/858 996/1648/861
f 1000/1775/948 1052/1776/829 1053/1777/949 997/1778/830
f 1001/1779/949 1071/1780/831 1070/1781/830 998/1782/833
f 1003/1783/829 1051/1784/828 1052/1776/829 1000/1775/948
f 1004/1785/950 1072/1786/832 1071/1780/831 1001/1779/949
f 1045/1787/836 1046/1788/837 1020/1789/951 1015/1790/952
f 1075/1791/953 1010/1792/954 1077/1793/842 1086/1794/843
f 1020/1789/951 1046/1788/837 1047/1795/844 1019/1796/955
f 1074/1797/846 1013/1798/956 1080/1799/848 1090/1800/957
f 997/1801/850 1053/1802/851 1059/1803/958 1060/1804/853
f 998/1805/959 1070/1806/960 1069/1807/856 1057/1808/857
f 1002/1809/947 1067/1810/859 1088/1811/859 1089/1812/947
f 1005/1813/947 1066/1814/961 1092/1815/859 1093/1816/962
f 1072/1817/963 1073/1818/964 1066/1819/965 1005/1820/966
f 1039/1821/967 1064/1822/867 1065/1823/968 1004/1824/969
f 1000/1825/870 1061/1826/871 1062/1827/970 1003/1828/870
f 997/1829/870 1060/1830/871 1061/1826/871 1000/1825/870
f 1006/1831/872 1054/1832/971 1055/1833/972 1028/1834/973
f 1078/1835/974 1027/1836/974 1081/1837/974 1082/1838/975
f 1031/1839/976 1079/1840/976 1084/1841/976 1085/1842/976
f 1038/1843/977 1037/1844/978 1031/1845/979 1085/1846/979 1013/1847/980
f 1009/1848/882 1029/1849/981 1030/1850/884 1012/1851/982
f 1006/1852/884 1028/1853/983 1029/1849/981 1009/1848/882
f 1016/1854/984 1033/1855/984 1044/1856/984 1021/1857/984
f 1017/1858/985 1016/1859/887 1021/1860/887 1026/1861/985
f 1018/1862/986 1017/1858/985 1026/1861/985 1025/1863/986
f 1024/1864/987 1019/1865/987 1047/1866/987 1048/1867/987
f 1020/1789/988 1019/1796/989 1024/1868/989 1023/1869/990
f 1015/1790/991 1020/1789/988 1023/1869/990 1022/1870/991
f 1021/1857/992 1044/1856/992 1043/1871/992 1027/1872/992
f 1026/1861/993 1021/1860/993 1027/1836/993 1078/1835/993 1032/1873/993
f 1025/1863/994 1026/1861/995 1032/1873/995 1079/1840/995 1031/1839/995
f 1030/1874/996 1024/1864/996 1048/1867/996 1049/1875/996
f 1023/1869/900 1024/1868/997 1030/1850/884 1029/1849/981
f 1022/1870/900 1023/1869/900 1029/1849/981 1028/1853/983
f 1001/1779/949 998/1782/833 1041/1876/829 1040/1877/827
f 1004/1785/950 1001/1779/949 1040/1877/827 1039/1878/828
f 1016/1859/998 1017/1858/999 1034/1879/903 1033/1880/904
f 1034/1881/903 1017/1882/999 1018/1883/905 1035/1884/906
f 1041/1885/1000 998/1805/959 1057/1808/857 1058/1886/1001
f 1051/1887/1002 1063/1888/1003 1064/1822/867 1039/1821/967
f 1043/1871/1004 1042/1889/1005 1007/1890/912 1081/1891/1006 1027/1872/1006
f 1050/1892/1007 1049/1875/1008 1037/1844/978 1038/1843/977
f 1033/1855/1009 1045/1893/1009 1056/1894/1009 1044/1856/1009
f 1018/1895/1010 1025/1896/1011 1036/1897/1011 1035/1898/1011
f 1044/1856/1012 1056/1894/1012 1055/1833/1013 1043/1871/1012
f 1025/1896/920 1031/1845/920 1037/1844/920 1036/1897/920
f 1040/1877/827 1041/1876/829 1053/1777/949 1052/1776/829
f 1039/1878/828 1040/1877/827 1052/1776/829 1051/1784/828
f 1033/1899/904 1034/1900/903 1046/1901/837 1045/1902/836
f 1046/1903/837 1034/1904/903 1035/1905/906 1047/1906/844
f 1053/1802/851 1041/1885/1000 1058/1886/1001 1059/1803/958
f 1042/1889/1005 1043/1871/1004 1055/1833/972 1054/1832/971
f 1035/1898/1014 1036/1897/1014 1048/1867/1014 1047/1866/1014
f 1036/1897/1015 1037/1844/1016 1049/1875/1015 1048/1867/1015
f 1003/1907/1017 1062/1908/864 1063/1888/1003 1051/1887/1002
f 1012/1909/925 1030/1874/1018 1049/1875/1008 1050/1892/1007
f 1045/1893/927 1015/1910/927 1022/1911/927 1056/1894/927
f 1056/1894/1019 1022/1911/1019 1028/1834/1019 1055/1833/1019
f 1054/1832/971 1006/1831/872 1060/1804/853 1059/1803/958
f 1008/1912/1020 1076/1913/929 1069/1807/856 1068/1914/1020
f 1011/1915/1021 1087/1916/931 1088/1811/859 1067/1810/859
f 1014/1917/1022 1091/1918/1022 1092/1815/859 1066/1814/961
f 1065/1823/968 1013/1847/980 1074/1919/1023 1073/1818/964
f 1064/1822/867 1038/1843/977 1013/1847/980 1065/1823/968
f 1009/1848/882 1012/1851/982 1062/1827/970 1061/1826/871
f 1006/1852/884 1009/1848/882 1061/1826/871 1060/1830/871
f 1007/1890/912 1042/1889/1005 1058/1886/1001 1057/1808/857
f 1063/1888/1003 1050/1892/1007 1038/1843/977 1064/1822/867
f 1042/1889/1005 1054/1832/971 1059/1803/958 1058/1886/1001
f 1062/1908/864 1012/1909/925 1050/1892/1007 1063/1888/1003
f 1070/1781/830 1071/1780/831 1002/1920/830 1089/1921/830 999/1922/830
f 1071/1780/831 1072/1786/832 1005/1923/1024 1093/1924/1024 1002/1920/830
f 1011/1925/1025 1075/1791/953 1086/1794/843 1087/1926/935
f 1014/1927/936 1074/1797/846 1090/1800/957 1091/1928/937
f 999/1929/1026 1068/1914/1020 1069/1807/856 1070/1806/960
f 1004/1824/969 1065/1823/968 1073/1818/964 1072/1817/963
f 1076/1913/929 1007/1890/912 1057/1808/857 1069/1807/856
f 1014/1930/864 1066/1819/965 1073/1818/964 1074/1919/1023
f 1032/1873/1027 1078/1835/1027 1082/1838/1027 1083/1931/1027
f 1079/1840/1028 1032/1873/1028 1083/1931/1028 1084/1841/1028
f 1007/1932/1029 1077/1933/1029 1082/1838/1029 1081/1837/1029
f 1077/1933/1030 1010/1934/1030 1083/1931/1030 1082/1838/1030
f 1010/1934/1031 1080/1935/1031 1084/1841/1031 1083/1931/1031
f 1080/1935/945 1013/1936/945 1085/1842/945 1084/1841/945
f 1007/1937/1032 1076/1938/846 1086/1794/843 1077/1793/842
f 1076/1938/846 1008/1939/946 1087/1926/935 1086/1794/843
f 1008/1940/931 1068/1941/859 1088/1811/859 1087/1916/931
f 1068/1941/859 999/1942/1033 1089/1812/947 1088/1811/859
f 1010/1792/954 1075/1791/953 1090/1800/957 1080/1799/848
f 1075/1791/953 1011/1925/1025 1091/1928/937 1090/1800/957
f 1091/1918/1022 1011/1915/1021 1067/1810/859 1092/1815/859
f 1092/1815/859 1067/1810/859 1002/1809/947 1093/1816/962
f 1097/1943/948 1149/1944/829 1150/1945/949 1094/1946/829
f 1098/1947/830 1168/1948/831 1167/1949/830 1095/1950/833
f 1100/1951/948 1148/1952/831 1149/1944/829 1097/1943/948
f 1101/1953/830 1169/1954/831 1168/1948/831 1098/1947/830
f 1142/1955/836 1143/1956/837 1117/1957/1034 1112/1958/1035
f 1172/1959/1036 1107/1960/1037 1174/1961/1038 1183/1962/843
f 1117/1957/1034 1143/1956/837 1144/1963/844 1116/1964/1039
f 1171/1965/846 1110/1966/956 1177/1967/848 1187/1968/957
f 1094/1969/850 1150/1970/1040 1156/1971/1041 1157/1972/853
f 1095/1973/1042 1167/1974/1043 1166/1975/856 1154/1976/1044
f 1099/1977/947 1164/1978/859 1185/1979/859 1186/1980/1033
f 1102/1981/1045 1163/1982/1046 1189/1983/859 1190/1984/962
f 1169/1985/963 1170/1986/964 1163/1987/965 1102/1988/1047
f 1136/1989/866 1161/1990/1048 1162/1991/1049 1101/1992/869
f 1097/1993/870 1158/1994/871 1159/1995/871 1100/1996/870
f 1094/1997/870 1157/1998/871 1158/1994/871 1097/1993/870
f 1103/1999/1050 1151/2000/971 1152/2001/972 1125/2002/973
f 1175/2003/1051 1124/2004/1051 1178/2005/1051 1179/2006/1051
f 1128/2007/1052 1176/2008/1052 1181/2009/1052 1182/2010/1052
f 1135/2011/1053 1134/2012/978 1128/2013/1054 1182/2014/1054 1110/2015/980
f 1106/2016/1055 1126/2017/982 1127/2018/983 1109/2019/982
f 1103/2020/883 1125/2021/983 1126/2017/982 1106/2016/1055
f 1113/2022/1056 1130/2023/1056 1141/2024/1056 1118/2025/1056
f 1114/2026/985 1113/2027/887 1118/2028/887 1123/2029/985
f 1115/2030/1057 1114/2026/985 1123/2029/985 1122/2031/1057
f 1121/2032/987 1116/2033/987 1144/2034/987 1145/2035/987
f 1117/1957/1058 1116/1964/1059 1121/2036/1059 1120/2037/1060
f 1112/1958/1061 1117/1957/1058 1120/2037/1060 1119/2038/893
f 1118/2025/1062 1141/2024/1062 1140/2039/1062 1124/2040/1062
f 1123/2029/1063 1118/2028/1063 1124/2004/1063 1175/2003/1063 1129/2041/1063
f 1122/2031/1064 1123/2029/1064 1129/2041/1064 1176/2008/1064 1128/2007/1064
f 1127/2042/1065 1121/2032/1065 1145/2035/1065 1146/2043/1065
f 1120/2037/1066 1121/2036/1067 1127/2018/983 1126/2017/982
f 1119/2038/1068 1120/2037/1066 1126/2017/982 1125/2021/983
f 1098/1947/830 1095/1950/833 1138/2044/829 1137/2045/829
f 1101/1953/830 1098/1947/830 1137/2045/829 1136/2046/828
f 1113/2027/1069 1114/2026/1070 1131/2047/903 1130/2048/904
f 1131/2049/903 1114/2050/1070 1115/2051/1071 1132/2052/906
f 1138/2053/1000 1095/1973/1042 1154/1976/1044 1155/2054/1072
f 1148/2055/909 1160/2056/910 1161/1990/1048 1136/1989/866
f 1140/2039/1004 1139/2057/1073 1104/2058/912 1178/2059/1006 1124/2040/1006
f 1147/2060/1074 1146/2043/1075 1134/2012/978 1135/2011/1053
f 1130/2023/1076 1142/2061/1076 1153/2062/1076 1141/2024/1076
f 1115/2063/1010 1122/2064/1010 1133/2065/1077 1132/2066/1010
f 1141/2024/1078 1153/2062/1078 1152/2001/1078 1140/2039/1078
f 1122/2064/920 1128/2013/920 1134/2012/920 1133/2065/920
f 1137/2045/829 1138/2044/829 1150/1945/949 1149/1944/829
f 1136/2046/828 1137/2045/829 1149/1944/829 1148/1952/831
f 1130/2067/904 1131/2068/903 1143/2069/837 1142/2070/836
f 1143/2071/837 1131/2072/903 1132/2073/906 1144/2074/844
f 1150/1970/1040 1138/2053/1000 1155/2054/1072 1156/1971/1041
f 1139/2057/1073 1140/2039/1004 1152/2001/972 1151/2000/971
f 1132/2066/1079 1133/2065/1080 1145/2035/1080 1144/2034/1080
f 1133/2065/1016 1134/2012/1016 1146/2043/1016 1145/2035/1016
f 1100/2075/1017 1159/2076/864 1160/2056/910 1148/2055/909
f 1109/2077/1081 1127/2042/915 1146/2043/1075 1147/2060/1074
f 1142/2061/1082 1112/2078/1082 1119/2079/1082 1153/2062/1082
f 1153/2062/1083 1119/2079/1083 1125/2002/1083 1152/2001/1083
f 1151/2000/971 1103/1999/1050 1157/1972/853 1156/1971/1041
f 1105/2080/1084 1173/2081/1085 1166/1975/856 1165/2082/1020
f 1108/2083/1021 1184/2084/931 1185/1979/859 1164/1978/859
f 1111/2085/931 1188/2086/1086 1189/1983/859 1163/1982/1046
f 1162/1991/1049 1110/2015/980 1171/2087/864 1170/1986/964
f 1161/1990/1048 1135/2011/1053 1110/2015/980 1162/1991/1049
f 1106/2016/1055 1109/2019/982 1159/1995/871 1158/1994/871
f 1103/2020/883 1106/2016/1055 1158/1994/871 1157/1998/871
f 1104/2058/912 1139/2057/1073 1155/2054/1072 1154/1976/1044
f 1160/2056/910 1147/2060/1074 1135/2011/1053 1161/1990/1048
f 1139/2057/1073 1151/2000/971 1156/1971/1041 1155/2054/1072
f 1159/2076/864 1109/2077/1081 1147/2060/1074 1160/2056/910
f 1167/1949/830 1168/1948/831 1099/2088/830 1186/2089/1024 1096/2090/1024
f 1168/1948/831 1169/1954/831 1102/2091/1024 1190/2092/1024 1099/2088/830
f 1108/2093/1087 1172/1959/1036 1183/1962/843 1184/2094/935
f 1111/2095/1088 1171/1965/846 1187/1968/957 1188/2096/937
f 1096/2097/1026 1165/2082/1020 1166/1975/856 1167/1974/1043
f 1101/1992/869 1162/1991/1049 1170/1986/964 1169/1985/963
f 1173/2081/1085 1104/2058/912 1154/1976/1044 1166/1975/856
f 1111/2098/864 1163/1987/965 1170/1986/964 1171/2087/864
f 1129/2041/1089 1175/2003/1089 1179/2006/1089 1180/2099/1089
f 1176/2008/1090 1129/2041/1090 1180/2099/1090 1181/2009/1090
f 1104/2100/1029 1174/2101/1029 1179/2006/1029 1178/2005/1029
f 1174/2101/1030 1107/2102/1030 1180/2099/1030 1179/2006/1030
f 1107/2102/1031 1177/2103/1031 1181/2009/1031 1180/2099/1031
f 1177/2103/1091 1110/2104/1091 1182/2010/1091 1181/2009/1091
f 1104/2105/1032 1173/2106/846 1183/1962/843 1174/1961/1038
f 1173/2106/846 1105/2107/1092 1184/2094/935 1183/1962/843
f 1105/2108/931 1165/2109/859 1185/1979/859 1184/2084/931
f 1165/2109/859 1096/2110/962 1186/1980/1033 1185/1979/859
f 1107/1960/1037 1172/1959/1036 1187/1968/957 1177/1967/848
f 1172/1959/1036 1108/2093/1087 1188/2096/937 1187/1968/957
f 1188/2086/1086 1108/2083/1021 1164/1978/859 1189/1983/859
f 1189/1983/859 1164/1978/859 1099/1977/947 1190/1984/962
f 1194/2111/948 1246/2112/829 1247/2113/949 1191/2114/829
f 1195/2115/1093 1265/2116/949 1264/2117/828 1192/2118/1093
f 1197/2119/828 1245/2120/831 1246/2112/829 1194/2111/948
f 1198/2121/829 1266/2122/1094 1265/2116/949 1195/2115/1093
f 1239/2123/836 1240/2124/837 1214/2125/1095 1209/2126/1096
f 1269/2127/840 1204/2128/1097 1271/2129/842 1280/2130/843
f 1214/2125/1095 1240/2124/837 1241/2131/844 1213/2132/1098
f 1268/2133/846 1207/2134/847 1274/2135/848 1284/2136/957
f 1191/2137/1099 1247/2138/1040 1253/2139/1100 1254/2140/853
f 1192/2141/959 1264/2142/1101 1263/2143/1102 1251/2144/1044
f 1196/2145/947 1261/2146/859 1282/2147/859 1283/2148/1033
f 1199/2149/1033 1260/2150/859 1286/2151/859 1287/2152/860
f 1266/2153/1103 1267/2154/1104 1260/2155/1105 1199/2156/1105
f 1233/2157/967 1258/2158/867 1259/2159/1106 1198/2160/1107
f 1194/2161/1108 1255/2162/1109 1256/2163/1110 1197/2164/1108
f 1191/2165/1108 1254/2166/1110 1255/2162/1109 1194/2161/1108
f 1200/2167/1050 1248/2168/1111 1249/2169/1112 1222/2170/1113
f 1272/2171/1114 1221/2172/1114 1275/2173/1114 1276/2174/1114
f 1225/2175/877 1273/2176/877 1278/2177/877 1279/2178/877
f 1232/2179/1053 1231/2180/1115 1225/2181/1116 1279/2182/1116 1207/2183/881
f 1203/2184/883 1223/2185/884 1224/2186/983 1206/2187/884
f 1200/2188/884 1222/2189/983 1223/2185/884 1203/2184/883
f 1210/2190/885 1227/2191/885 1238/2192/885 1215/2193/885
f 1211/2194/1117 1210/2195/1118 1215/2196/1118 1220/2197/1119
f 1212/2198/1120 1211/2194/1117 1220/2197/1119 1219/2199/1120
f 1218/2200/889 1213/2201/889 1241/2202/889 1242/2203/889
f 1214/2125/1121 1213/2132/1122 1218/2204/1122 1217/2205/1123
f 1209/2126/1061 1214/2125/1121 1217/2205/1123 1216/2206/1061
f 1215/2193/1124 1238/2192/1124 1237/2207/1124 1221/2208/1124
f 1220/2197/1125 1215/2196/1125 1221/2172/1125 1272/2171/1125 1226/2209/1125
f 1219/2199/1126 1220/2197/1126 1226/2209/1126 1273/2176/1126 1225/2175/1126
f 1224/2210/1065 1218/2200/1065 1242/2203/1065 1243/2211/1065
f 1217/2205/898 1218/2204/899 1224/2186/983 1223/2185/884
f 1216/2206/1127 1217/2205/898 1223/2185/884 1222/2189/983
f 1195/2115/1093 1192/2118/1093 1235/2212/1128 1234/2213/828
f 1198/2121/829 1195/2115/1093 1234/2213/828 1233/2214/829
f 1210/2195/1129 1211/2194/1130 1228/2215/903 1227/2216/904
f 1228/2217/903 1211/2218/1130 1212/2219/1131 1229/2220/906
f 1235/2221/1132 1192/2141/959 1251/2144/1044 1252/2222/1133
f 1245/2223/1002 1257/2224/1003 1258/2158/867 1233/2157/967
f 1237/2207/1134 1236/2225/1135 1201/2226/912 1275/2227/1006 1221/2208/1006
f 1244/2228/1136 1243/2211/1137 1231/2180/1115 1232/2179/1053
f 1227/2191/1138 1239/2229/1138 1250/2230/1138 1238/2192/1138
f 1212/2231/1139 1219/2232/1139 1230/2233/1139 1229/2234/1139
f 1238/2192/1012 1250/2230/1012 1249/2169/1012 1237/2207/1012
f 1219/2232/1140 1225/2181/1140 1231/2180/1140 1230/2233/1140
f 1234/2213/828 1235/2212/1128 1247/2113/949 1246/2112/829
f 1233/2214/829 1234/2213/828 1246/2112/829 1245/2120/831
f 1227/2235/904 1228/2236/903 1240/2237/837 1239/2238/836
f 1240/2239/837 1228/2240/903 1229/2241/906 1241/2242/844
f 1247/2138/1040 1235/2221/1132 1252/2222/1133 1253/2139/1100
f 1236/2225/1135 1237/2207/1134 1249/2169/1112 1248/2168/1111
f 1229/2234/1141 1230/2233/1141 1242/2203/1141 1241/2202/1141
f 1230/2233/1142 1231/2180/1142 1243/2211/1142 1242/2203/1142
f 1197/2243/1143 1256/2244/938 1257/2224/1003 1245/2223/1002
f 1206/2245/1081 1224/2210/1144 1243/2211/1137 1244/2228/1136
f 1239/2229/1145 1209/2246/1145 1216/2247/1145 1250/2230/1145
f 1250/2230/1146 1216/2247/1146 1222/2170/1146 1249/2169/1146
f 1248/2168/1111 1200/2167/1050 1254/2140/853 1253/2139/1100
f 1202/2248/1085 1270/2249/1147 1263/2143/1102 1262/2250/1148
f 1205/2251/931 1281/2252/1086 1282/2147/859 1261/2146/859
f 1208/2253/1149 1285/2254/1150 1286/2151/859 1260/2150/859
f 1259/2159/1106 1207/2183/881 1268/2255/1151 1267/2154/1104
f 1258/2158/867 1232/2179/1053 1207/2183/881 1259/2159/1106
f 1203/2184/883 1206/2187/884 1256/2163/1110 1255/2162/1109
f 1200/2188/884 1203/2184/883 1255/2162/1109 1254/2166/1110
f 1201/2226/912 1236/2225/1135 1252/2222/1133 1251/2144/1044
f 1257/2224/1003 1244/2228/1136 1232/2179/1053 1258/2158/867
f 1236/2225/1135 1248/2168/1111 1253/2139/1100 1252/2222/1133
f 1256/2244/938 1206/2245/1081 1244/2228/1136 1257/2224/1003
f 1264/2117/828 1265/2116/949 1196/2256/1128 1283/2257/1024 1193/2258/1024
f 1265/2116/949 1266/2122/1094 1199/2259/1152 1287/2260/1152 1196/2256/1128
f 1205/2261/1153 1269/2127/840 1280/2130/843 1281/2262/1154
f 1208/2263/1088 1268/2133/846 1284/2136/957 1285/2264/937
f 1193/2265/1155 1262/2250/1148 1263/2143/1102 1264/2142/1101
f 1198/2160/1107 1259/2159/1106 1267/2154/1104 1266/2153/1103
f 1270/2249/1147 1201/2226/912 1251/2144/1044 1263/2143/1102
f 1208/2266/864 1260/2155/1105 1267/2154/1104 1268/2255/1151
f 1226/2209/1156 1272/2171/1156 1276/2174/1156 1277/2267/1156
f 1273/2176/940 1226/2209/940 1277/2267/940 1278/2177/940
f 1201/2268/942 1271/2269/942 1276/2174/942 1275/2173/942
f 1271/2269/943 1204/2270/943 1277/2267/943 1276/2174/943
f 1204/2270/1157 1274/2271/1157 1278/2177/1157 1277/2267/1157
f 1274/2271/1158 1207/2272/1158 1279/2178/1158 1278/2177/1158
f 1201/2273/1032 1270/2274/846 1280/2130/843 1271/2129/842
f 1270/2274/846 1202/2275/1088 1281/2262/1154 1280/2130/843
f 1202/2276/1159 1262/2277/859 1282/2147/859 1281/2252/1086
f 1262/2277/859 1193/2278/1033 1283/2148/1033 1282/2147/859
f 1204/2128/1097 1269/2127/840 1284/2136/957 1274/2135/848
f 1269/2127/840 1205/2261/1153 1285/2264/937 1284/2136/957
f 1285/2254/1150 1205/2251/931 1261/2146/859 1286/2151/859
f 1286/2151/859 1261/2146/859 1196/2145/947 1287/2152/860
o Cart005
v 0.012683 -0.002645 -0.007074
v 0.011306 -0.003856 -0.006847
v -0.014607 -0.000215 -0.008816
v 0.008475 -0.000352 -0.008915
v 0.014081 -0.000433 -0.007131
v 0.008482 0.001216 -0.008811
v 0.014093 0.001171 -0.007057
v 0.008955 0.003477 -0.008046
v 0.012523 0.003422 -0.006642
v 0.012903 -0.002740 0.005825
v 0.008664 -0.000662 0.008157
v -0.014531 -0.000515 0.008285
v 0.014121 -0.000708 0.006107
v 0.014132 0.000942 0.006107
v 0.008679 0.000913 0.008116
v 0.012560 0.003205 0.005810
v 0.009050 0.003199 0.007427
v 0.015325 -0.002527 -0.003962
v 0.013622 -0.003864 -0.003726
v 0.016745 -0.000548 -0.004110
v 0.016778 0.001118 -0.004066
v 0.014850 0.003400 -0.003853
v 0.015992 -0.002583 -0.000407
v 0.013598 -0.004082 -0.000397
v 0.017441 -0.000607 -0.000376
v 0.017463 0.001053 -0.000347
v 0.015460 0.003345 -0.000302
v 0.015267 -0.002655 0.003166
v 0.013499 -0.003995 0.002833
v 0.016774 -0.000671 0.003309
v 0.016796 0.000989 0.003330
v 0.014867 0.003277 0.003212
v 0.009265 0.004991 -0.006701
v 0.011147 0.004985 -0.003760
v 0.011194 0.005055 -0.000964
v 0.011167 0.004862 0.003267
v 0.009327 0.004766 0.006164
v -0.015731 -0.001577 -0.000086
v -0.015345 -0.001711 0.004561
v -0.015886 0.000735 0.004814
v -0.016296 0.000926 -0.000035
v -0.013821 -0.003939 -0.000200
v -0.014097 -0.003744 0.003219
v -0.014752 0.005013 -0.000048
v -0.014151 0.004834 0.004024
v -0.014152 0.003960 0.003563
v -0.014571 0.004034 -0.000062
v 0.009721 0.005004 0.003003
v 0.009684 0.004008 0.002942
v 0.008288 0.003704 0.005499
v 0.008394 0.004887 0.005443
v 0.009952 0.005026 -0.000803
v 0.010011 0.004067 -0.000279
v 0.009706 0.005118 -0.003499
v 0.009672 0.004124 -0.003492
v 0.008354 0.005091 -0.005960
v 0.008273 0.003806 -0.006031
v 0.012918 -0.001542 0.004851
v 0.014316 -0.001567 0.002531
v 0.008956 -0.002918 0.002858
v 0.008223 -0.002747 0.005221
v 0.012920 0.002185 0.004916
v 0.014318 0.002225 0.002598
v 0.014411 -0.001516 -0.000385
v 0.014413 0.002276 -0.000318
v 0.014435 -0.001467 -0.003213
v 0.014437 0.002325 -0.003147
v 0.013684 -0.001369 -0.005094
v 0.013685 0.002358 -0.005029
v 0.008181 -0.002545 -0.005960
v 0.008939 -0.002805 -0.003658
v 0.009236 -0.002862 -0.000395
v -0.012150 -0.002765 0.003385
v -0.012485 -0.002754 -0.000318
v -0.015309 0.004688 0.003614
v -0.015693 0.004769 -0.000035
v -0.014174 0.004094 -0.003779
v -0.012152 -0.002646 -0.004578
v -0.011975 -0.002407 -0.005860
v -0.013260 0.004036 -0.006213
v -0.014167 0.004978 -0.004257
v -0.013485 0.005090 -0.006303
v -0.014442 0.003422 -0.008162
v -0.014623 0.001354 -0.008679
v -0.015908 0.000910 -0.004655
v -0.015324 0.004825 -0.003743
v -0.014435 0.004984 -0.007311
v -0.015357 -0.001558 -0.004553
v -0.014078 -0.003626 -0.003648
v -0.014545 0.001053 0.008201
v -0.014325 0.003149 0.007728
v -0.014358 0.004735 0.006932
v -0.013452 0.004874 0.005921
v -0.013240 0.003801 0.005787
v -0.012073 -0.002601 0.005158
v 0.007684 0.004661 0.006625
v 0.007132 0.003467 0.007433
v 0.007054 0.003743 -0.007983
v 0.007643 0.004900 -0.007089
v -0.000243 0.004111 -0.007240
v -0.000254 0.004350 -0.007734
v -0.001224 0.004973 -0.007502
v -0.001287 0.005008 -0.006854
v 0.000619 0.003329 -0.008271
v 0.000878 0.003259 -0.007548
v 0.002212 0.002730 -0.007932
v 0.002494 0.002755 -0.008382
v 0.003761 0.002222 -0.007970
v 0.005239 0.002167 -0.007987
v 0.005240 0.002232 -0.008521
v 0.003913 0.002336 -0.008522
v 0.006382 0.002546 -0.007612
v 0.006206 0.002605 -0.008363
v 0.007025 0.003808 -0.007134
v 0.007469 0.004833 -0.006571
v 0.000954 0.002943 0.006957
v -0.000533 0.004009 0.006676
v -0.000061 0.004054 0.007298
v 0.000910 0.002958 0.007756
v 0.003799 0.001915 0.007336
v 0.002253 0.002446 0.007240
v 0.002375 0.002309 0.007912
v 0.004023 0.002036 0.007927
v 0.005352 0.001931 0.007947
v 0.005278 0.001882 0.007433
v 0.007073 0.003566 0.006558
v 0.006430 0.002252 0.007010
v 0.006316 0.002310 0.007775
v -0.000912 0.004772 0.007108
v -0.000832 0.004796 0.006252
v -0.001381 0.004939 0.006178
v -0.002766 0.004937 0.006289
v -0.003257 0.004797 0.007006
v -0.002836 0.004913 -0.006877
v -0.002794 0.004860 -0.007550
v -0.010941 0.004382 -0.007715
v -0.010150 0.003462 -0.008140
v -0.011839 0.005011 -0.007483
v -0.010518 0.003364 0.007676
v -0.010787 0.004004 0.007296
v -0.011255 0.004427 0.007282
v -0.011709 0.004744 0.007076
v -0.009722 0.003282 -0.007512
v -0.008537 0.002674 -0.007746
v -0.008646 0.002742 -0.008323
v -0.006858 0.002207 -0.007946
v -0.006825 0.002215 -0.008606
v -0.005483 0.002163 -0.008032
v -0.005219 0.002231 -0.008503
v -0.004420 0.002308 -0.007753
v -0.003970 0.002736 -0.007778
v -0.004229 0.002639 -0.008351
v -0.009674 0.002962 0.006896
v -0.010844 0.003952 0.006487
v -0.009566 0.002945 0.007643
v -0.008578 0.002460 0.007807
v -0.008395 0.002333 0.007164
v -0.006939 0.001890 0.008077
v -0.006774 0.002004 0.007460
v -0.005484 0.001902 0.007471
v -0.005340 0.001799 0.008101
v -0.004263 0.002394 0.007788
v -0.004204 0.002238 0.007127
v -0.003210 0.004703 0.006389
v -0.011831 0.004758 0.006418
v -0.006532 0.001134 -0.009036
v 0.001173 0.001216 -0.009026
v -0.007712 0.001066 0.008422
v 0.001019 0.001211 0.008355
v 0.006446 -0.002727 0.005554
v 0.006217 -0.002447 -0.006162
v 0.007516 0.004609 0.006059
v 0.003751 -0.002857 0.005393
v -0.003628 0.003554 0.007512
v -0.003282 0.003680 -0.008056
v -0.011878 0.005007 -0.006859
v -0.010926 -0.002641 0.005459
v 0.000472 -0.002450 -0.006144
v 0.003637 -0.002609 -0.005969
v -0.010881 0.004234 -0.007070
v -0.003571 0.003573 -0.007363
v -0.003209 0.003618 0.006670
v -0.004167 -0.002876 0.005592
v -0.008228 -0.002718 0.005565
v -0.009850 -0.002679 0.005479
v 0.000771 -0.002741 0.005641
v -0.004121 -0.002599 -0.005900
v -0.008478 -0.002447 -0.006093
v -0.006943 -0.002459 -0.006096
v -0.009523 -0.002431 -0.006071
v -0.010572 -0.002406 -0.006038
v 0.008104 -0.002024 -0.008788
v 0.009907 -0.002092 -0.008282
v 0.010840 -0.002143 -0.007921
v 0.006294 -0.002122 -0.008844
v 0.010350 -0.003819 -0.006252
v 0.011652 -0.003172 -0.006838
v 0.005454 -0.004012 -0.005914
v 0.011878 -0.002615 -0.007427
v 0.011589 -0.002363 -0.007550
v 0.005059 -0.003835 -0.008187
v 0.005167 -0.003052 -0.008546
v 0.005281 -0.002563 -0.008804
v 0.005583 -0.002325 -0.008791
v 0.005518 -0.002513 -0.007378
v 0.005249 -0.003068 -0.007177
v 0.006614 -0.002391 -0.007195
v 0.010550 -0.002380 -0.007131
v 0.011662 -0.002531 -0.007172
v -0.009604 -0.002115 -0.008496
v -0.014577 -0.002175 -0.007145
v -0.014201 -0.001939 -0.008644
v -0.014456 -0.002032 -0.008048
v -0.014623 -0.002055 -0.007542
v -0.008361 -0.003990 -0.005974
v -0.013315 -0.003838 -0.006001
v -0.013982 -0.003222 -0.006539
v -0.008058 -0.003071 -0.008244
v -0.007914 -0.003848 -0.007980
v -0.008489 -0.002318 -0.008497
v -0.008179 -0.002555 -0.008719
v -0.009661 -0.002229 -0.007472
v -0.008478 -0.002476 -0.007486
v -0.008282 -0.003035 -0.007265
v -0.009488 -0.002400 0.007796
v -0.014103 -0.002223 0.008017
v -0.014400 -0.002296 0.007507
v -0.014618 -0.002287 0.007023
v -0.014555 -0.002423 0.006446
v -0.008337 -0.004312 0.005054
v -0.007910 -0.004121 0.007275
v -0.008027 -0.003353 0.007487
v -0.008144 -0.002848 0.008013
v -0.008430 -0.002604 0.007786
v -0.013296 -0.003991 0.005150
v -0.013994 -0.003127 0.006052
v -0.008299 -0.002717 0.006727
v -0.009293 -0.002468 0.006529
v -0.008104 -0.003262 0.006481
v 0.010754 -0.002398 0.006975
v 0.008210 -0.002319 0.007947
v 0.006512 -0.002422 0.008029
v 0.009690 -0.002362 0.007435
v 0.011627 -0.002892 0.006302
v 0.011871 -0.002763 0.006411
v 0.011637 -0.002580 0.006542
v 0.005431 -0.004201 0.005088
v 0.010220 -0.004236 0.005104
v 0.010608 -0.003234 0.006181
v 0.011262 -0.003725 0.005902
v 0.005039 -0.004107 0.007389
v 0.005195 -0.003337 0.007768
v 0.005637 -0.002623 0.008035
v 0.005299 -0.002862 0.008038
v 0.005295 -0.003297 0.006316
v 0.005565 -0.002740 0.006555
v 0.011516 -0.002645 0.006332
v 0.010298 -0.002436 0.006396
v 0.006749 -0.002484 0.006430
v -0.015814 0.002447 -0.004347
v -0.016188 0.002435 -0.000028
v -0.015797 0.002244 0.004448
v 0.005144 -0.004154 0.007001
v 0.005217 -0.003260 0.007357
v 0.005521 -0.002680 0.007544
v 0.006455 -0.002400 0.007576
v 0.008618 -0.002357 0.007182
v 0.010764 -0.002383 0.006686
v 0.005120 -0.003887 -0.007797
v 0.005180 -0.002984 -0.008140
v 0.005483 -0.002404 -0.008300
v 0.006301 -0.002120 -0.008441
v 0.007357 -0.002083 -0.008465
v 0.010336 -0.002109 -0.007833
v 0.008408 -0.002084 -0.008438
v 0.012055 0.004770 -0.000266
v 0.011018 0.005073 0.000119
v 0.010139 0.005091 0.000359
v -0.014576 0.005140 -0.003079
v -0.014572 0.005036 0.002871
v 0.004329 -0.003936 -0.008158
v 0.004648 -0.002594 -0.008802
v 0.005388 -0.001839 -0.008965
v 0.006026 -0.001787 -0.008974
v 0.008491 -0.001385 -0.008802
v 0.012983 -0.001853 -0.007209
v 0.013719 -0.002644 -0.006103
v 0.012136 -0.003994 -0.005455
v 0.009173 -0.004221 -0.004083
v 0.003272 -0.004209 -0.004556
v 0.011763 -0.003194 -0.007166
v 0.009453 0.003691 -0.005726
v 0.009450 -0.002343 -0.005832
v 0.010514 -0.002590 -0.003542
v 0.010790 -0.002645 -0.000396
v 0.010503 -0.002700 0.002769
v 0.009294 -0.002535 0.005175
v 0.009297 0.003499 0.005280
v 0.010507 0.003647 0.002880
v 0.010793 0.003702 -0.000285
v 0.010518 0.003757 -0.003431
v 0.011634 0.003368 -0.003350
v 0.011825 0.003314 -0.000294
v 0.011592 0.003260 0.002800
v 0.010314 0.003123 0.005259
v 0.010311 -0.002271 0.005165
v 0.011589 -0.002413 0.002701
v 0.011822 -0.002359 -0.000393
v 0.011631 -0.002306 -0.003449
v 0.010680 -0.002082 -0.005679
v 0.010683 0.003312 -0.005585
v 0.013051 0.002873 -0.003247
v 0.013133 0.002822 -0.000306
v 0.012971 0.002770 0.002698
v 0.011605 0.002645 0.005233
v 0.011603 -0.001936 0.005153
v 0.012968 -0.002049 0.002614
v 0.013131 -0.001996 -0.000390
v 0.013049 -0.001945 -0.003331
v 0.012241 -0.001750 -0.005485
v 0.012244 0.002830 -0.005406
v 0.008357 0.002397 -0.006198
v 0.009279 0.002576 -0.006061
v 0.010525 0.002315 -0.005909
v 0.012107 0.001985 -0.005717
v 0.013767 0.001657 -0.005244
v 0.014638 0.001573 -0.003144
v 0.014598 0.001524 -0.000332
v 0.014513 0.001474 0.002571
v 0.012870 0.001475 0.005193
v 0.011375 0.001788 0.005578
v 0.010101 0.002115 0.005587
v 0.009097 0.002373 0.005593
v 0.008130 0.002311 0.005718
v 0.008116 -0.000693 -0.006275
v 0.009277 -0.000619 -0.006117
v 0.010523 -0.000541 -0.005959
v 0.012105 -0.000441 -0.005759
v 0.013765 -0.000348 -0.005279
v 0.014636 -0.000370 -0.003178
v 0.014597 -0.000419 -0.000366
v 0.014512 -0.000470 0.002537
v 0.012869 -0.000530 0.005158
v 0.011374 -0.000637 0.005535
v 0.010100 -0.000741 0.005537
v 0.009096 -0.000823 0.005538
v 0.008142 -0.000982 0.005594
v 0.009897 0.004604 -0.000305
v 0.009553 0.004660 -0.003495
v 0.008171 0.004372 -0.005990
v 0.008478 0.004391 0.005109
v 0.009569 0.004527 0.002937
v 0.006330 0.001239 -0.007063
v 0.003747 0.000771 -0.007305
v 0.000690 0.001379 -0.007172
v -0.004047 0.001138 -0.007321
v -0.006772 0.000898 -0.007353
v -0.008521 0.001279 -0.007229
v -0.009684 0.001673 -0.007049
v -0.010972 0.002174 -0.006693
v -0.013087 0.002517 -0.006152
v 0.006435 0.000736 0.006447
v 0.003990 0.000157 0.006643
v 0.002616 0.000464 0.006568
v 0.000887 0.000736 0.006493
v -0.004063 0.000578 0.006637
v -0.008208 0.000201 0.006410
v -0.009788 0.000651 0.006256
v -0.011107 0.001362 0.006010
v -0.013091 0.002226 0.005666
v -0.013941 0.002293 0.003504
v -0.014359 0.002337 -0.000120
v -0.014017 0.002513 -0.003803
v -0.013690 0.002604 -0.005203
v 0.006417 0.001642 0.006633
v 0.003818 0.001069 0.006894
v 0.000810 0.001767 0.006703
v -0.003780 0.001576 0.006864
v -0.006214 0.001323 0.006837
v -0.008165 0.001247 0.006709
v -0.009728 0.001904 0.006527
v -0.011069 0.002858 0.006193
v -0.011028 0.003359 -0.006844
v -0.009752 0.002613 -0.007249
v -0.009175 0.002340 -0.007379
v -0.008518 0.002104 -0.007478
v -0.006771 0.001672 -0.007636
v -0.004072 0.001869 -0.007536
v 0.000655 0.002367 -0.007381
v 0.003755 0.001626 -0.007588
v 0.006338 0.002222 -0.007301
v -0.006777 -0.003931 -0.008116
v -0.007435 -0.002500 -0.008785
v -0.009779 -0.001800 -0.008933
v -0.014392 -0.001378 -0.008738
v -0.014914 -0.002003 -0.006204
v -0.013446 -0.003885 -0.004973
v -0.011086 -0.004210 -0.004106
v -0.006026 -0.004199 -0.004861
v -0.009710 -0.003802 -0.006055
v -0.010743 -0.003267 -0.006530
v -0.014215 -0.002662 -0.006984
v -0.012205 -0.003823 -0.006071
v -0.012932 -0.002752 -0.006884
v -0.013157 -0.002185 -0.007302
v 0.007110 -0.003727 -0.006144
v -0.009835 -0.004089 0.005159
v -0.007260 -0.004201 0.007396
v -0.007295 -0.002831 0.008075
v -0.008270 -0.001804 0.008313
v -0.014331 -0.001654 0.008130
v -0.014969 -0.002162 0.005846
v -0.013568 -0.004036 0.004162
v -0.011176 -0.004338 0.003270
v -0.007588 -0.004358 0.004299
v -0.009401 -0.003178 0.005858
v -0.008255 -0.003803 0.005631
v 0.004031 -0.004207 0.007373
v 0.004385 -0.002868 0.008041
v 0.005100 -0.001999 0.008248
v 0.008440 -0.001840 0.008032
v 0.010890 -0.002135 0.007096
v 0.012524 -0.003702 0.004889
v 0.011611 -0.004297 0.004172
v 0.008856 -0.004354 0.003540
v 0.003849 -0.004367 0.004445
v 0.006409 -0.003996 0.005219
v 0.006246 -0.003526 0.005606
v 0.007215 -0.003070 0.005946
v 0.007852 -0.004061 0.005205
v -0.007894 -0.004346 0.006379
v -0.007269 -0.004391 0.006173
v 0.003339 -0.004397 0.006163
v 0.005021 -0.004353 0.006300
v -0.007868 -0.004106 -0.006963
v -0.005758 -0.004168 -0.006677
v 0.003126 -0.004172 -0.006677
v 0.005007 -0.004112 -0.006971
v -0.008075 -0.004224 -0.003384
v -0.008602 -0.004333 0.002867
v 0.005094 -0.004284 0.005704
v 0.005606 -0.004346 0.003203
v 0.005508 -0.004238 -0.003007
v 0.004952 -0.004286 -0.000223
v -0.008799 -0.004280 -0.000134
v -0.004466 -0.002817 -0.004257
v -0.004489 -0.002886 -0.000351
v -0.004416 -0.002948 0.003239
v 0.003447 -0.002828 -0.003912
v 0.003485 -0.002889 -0.000376
v 0.003483 -0.002949 0.003025
v -0.002866 0.004169 -0.006938
v -0.001114 0.004383 -0.006907
v -0.005358 0.000790 0.008468
v -0.005926 -0.000597 0.008488
v -0.005320 -0.002834 0.008068
v -0.005195 -0.004208 0.007397
v -0.004626 -0.004387 0.005882
v -0.005635 -0.004286 0.000125
v 0.002842 0.000852 0.008428
v 0.002679 -0.000625 0.008463
v 0.002158 -0.002860 0.008046
v 0.001835 -0.004054 0.007510
v -0.005498 -0.001621 0.008338
v 0.002340 -0.001760 0.008296
v -0.002696 0.004646 0.007261
v -0.002968 0.003362 0.007711
v -0.003143 0.000937 0.008413
v -0.003163 -0.000607 0.008481
v -0.003177 -0.001653 0.008327
v -0.003198 -0.002842 0.008062
v -0.002880 -0.004051 0.007521
v -0.000819 0.003172 0.007771
v -0.000698 0.000917 0.008416
v -0.000564 -0.000607 0.008473
v -0.000532 -0.001701 0.008313
v -0.000490 -0.002851 0.008054
v -0.000476 -0.004052 0.007516
v -0.014861 -0.002183 0.006496
v -0.014973 -0.001666 0.006699
v -0.015315 0.000121 0.006777
v -0.015279 0.001760 0.006515
v -0.015022 0.004249 0.005753
v -0.014773 -0.002030 -0.007074
v -0.014922 -0.001457 -0.007165
v -0.015353 0.000383 -0.006892
v -0.015323 0.002038 -0.006608
v -0.015055 0.004467 -0.005969
v -0.012882 -0.002000 -0.008674
v -0.012696 -0.001364 -0.008986
v -0.012535 -0.000332 -0.009101
v -0.012618 0.001219 -0.008990
v -0.012979 0.003454 -0.008239
v -0.013182 0.004876 -0.007708
v -0.012044 -0.004062 0.005234
v -0.012641 -0.003084 0.006099
v -0.012863 -0.002418 0.006577
v -0.012600 -0.002290 0.008007
v -0.012389 -0.001637 0.008351
v -0.012174 -0.000601 0.008501
v -0.012304 0.000936 0.008439
v -0.012686 0.003213 0.007777
v -0.012911 0.004620 0.007293
v 0.006288 -0.001067 -0.006567
v 0.003725 -0.001215 -0.006658
v 0.000708 -0.001089 -0.006583
v -0.004034 -0.001113 -0.006552
v -0.006765 -0.001190 -0.006596
v -0.008492 -0.001099 -0.006527
v -0.009645 -0.000994 -0.006436
v -0.010811 -0.000845 -0.006284
v -0.012663 -0.000777 -0.006001
v 0.006509 -0.001595 0.005932
v 0.003842 -0.001758 0.006019
v 0.001029 -0.001637 0.005975
v -0.004089 -0.001832 0.006103
v -0.008284 -0.001665 0.005896
v -0.009890 -0.001483 0.005796
v -0.011123 -0.001274 0.005686
v -0.012406 -0.001522 0.005527
v -0.012938 -0.000528 0.005271
v -0.013447 -0.001206 0.003425
v -0.013835 -0.001409 -0.000260
v -0.013469 -0.001101 -0.004409
v 0.001818 -0.000452 -0.009120
v 0.002326 -0.002435 -0.008817
v 0.001958 -0.003778 -0.008289
v -0.005947 -0.000439 -0.009102
v -0.004636 -0.002422 -0.008801
v -0.003373 -0.003775 -0.008276
v 0.011667 0.000338 -0.008225
v 0.011304 0.002309 -0.007860
v 0.011764 0.000067 0.007348
v 0.011356 0.002049 0.007051
v 0.012572 -0.003356 -0.006579
v 0.013410 -0.002351 -0.006786
v 0.015970 0.000293 -0.005743
v 0.015093 0.002266 -0.005534
v 0.015003 -0.003432 -0.002315
v 0.016654 -0.001550 -0.002275
v 0.017520 0.000232 -0.002282
v 0.016643 0.002207 -0.002198
v 0.015013 -0.003498 0.001475
v 0.016663 -0.001615 0.001493
v 0.017529 0.000165 0.001558
v 0.016652 0.002142 0.001547
v 0.013263 -0.003702 0.004235
v 0.015129 -0.001671 0.004717
v 0.015996 0.000108 0.004846
v 0.015118 0.002087 0.004709
v 0.012106 0.004367 -0.005383
v 0.012937 0.004465 -0.001749
v 0.012944 0.004413 0.001199
v 0.012141 0.004191 0.004737
v -0.015981 -0.000271 0.002617
v -0.014963 -0.002968 0.002149
v 0.010334 0.003877 0.006619
v 0.010279 0.004120 -0.007301
v -0.014426 0.004662 0.002120
v 0.008979 0.004770 0.004346
v 0.009858 0.004889 0.001071
v 0.009830 0.004898 -0.001939
v 0.008957 0.004949 -0.004867
v 0.013034 -0.001873 0.004040
v 0.008654 -0.002009 0.005518
v 0.013797 -0.001164 0.004016
v 0.013037 0.002473 0.004116
v 0.014664 -0.001113 0.001066
v 0.014657 -0.001063 -0.001822
v 0.010286 0.003901 -0.001920
v 0.014328 -0.001018 -0.004407
v 0.013478 -0.001724 -0.004508
v 0.010290 -0.002800 0.001242
v 0.013894 -0.001770 -0.001866
v 0.008728 -0.001805 -0.006206
v 0.009457 0.003953 -0.004832
v 0.013903 0.002524 0.001166
v -0.014371 0.003350 0.001828
v -0.015871 0.003614 0.002156
v -0.013829 0.003399 -0.005067
v -0.013876 0.004680 -0.005207
v -0.014921 0.003392 -0.007472
v -0.014974 -0.002889 -0.002379
v -0.015993 -0.000179 -0.002609
v -0.015878 0.003709 -0.002188
v -0.015387 0.003405 0.005227
v -0.013852 0.004504 0.004912
v -0.013762 0.003317 0.004870
v -0.014431 0.004738 -0.002275
v -0.014385 0.003454 -0.002037
v 0.008124 0.004201 0.007107
v 0.008072 0.004457 -0.007614
v -0.000469 0.004719 -0.007189
v 0.001515 0.003068 -0.008035
v 0.004574 0.002176 -0.008314
v 0.005904 0.002261 -0.008204
v 0.007201 0.004504 -0.007088
v 0.000441 0.003592 0.007196
v 0.002983 0.002221 0.007613
v 0.004614 0.001897 0.007742
v 0.006785 0.002838 0.007238
v -0.000802 0.004979 0.006276
v -0.002269 0.004972 0.006707
v -0.002104 0.005207 -0.007116
v -0.011814 0.004387 -0.007926
v -0.013821 0.004154 0.007488
v -0.009192 0.003071 -0.007971
v -0.007726 0.002496 -0.008193
v -0.006118 0.002170 -0.008308
v -0.004729 0.002314 -0.008153
v -0.009118 0.002769 0.007439
v -0.007688 0.002220 0.007652
v -0.004765 0.002025 0.007670
v -0.003299 0.004977 0.006453
v -0.011126 0.004472 0.006922
v 0.007991 0.005227 -0.006581
v 0.005608 0.002091 0.008091
v 0.004938 0.002503 -0.008646
v 0.005197 0.001608 0.007059
v 0.007280 -0.001957 -0.006323
v 0.000378 0.003874 -0.007662
v 0.002945 0.002498 -0.008264
v 0.006749 0.003100 -0.007827
v 0.001579 0.002776 0.007409
v 0.005943 0.001985 0.007636
v 0.007233 0.004266 0.006581
v -0.000475 0.004545 0.006793
v 0.000235 0.001978 0.008138
v -0.003532 0.002323 -0.008680
v -0.000153 0.003859 0.007564
v -0.001453 0.004393 -0.007972
v -0.012953 0.005249 -0.007182
v -0.009771 0.002363 -0.008642
v -0.012060 0.004185 0.006147
v 0.002391 -0.002042 -0.006380
v -0.013821 0.002043 0.008148
v -0.010338 0.003889 -0.007651
v -0.011234 0.004816 -0.007257
v -0.003944 0.003125 -0.007880
v -0.003544 0.004371 -0.007272
v -0.006079 0.001889 0.007772
v -0.003896 0.002906 0.007313
v -0.003463 0.004280 0.006861
v -0.006022 0.001775 0.007049
v -0.009144 0.002107 0.006789
v -0.010284 0.002971 0.006461
v -0.002005 0.004605 0.006150
v 0.002384 0.002036 0.006948
v 0.007460 0.003633 0.006084
v 0.005037 -0.002045 -0.006378
v -0.001670 -0.002019 -0.006291
v -0.007707 -0.002041 -0.006276
v -0.005631 -0.002038 -0.006254
v -0.009103 -0.002007 -0.006231
v -0.010131 -0.001962 -0.006172
v -0.011652 -0.001912 -0.006107
v 0.010863 -0.002112 -0.007966
v 0.005294 -0.002639 -0.007747
v 0.005749 -0.002241 -0.007821
v 0.011422 -0.002221 -0.007496
v 0.005143 -0.003656 -0.007279
v -0.014887 -0.000730 -0.007998
v -0.014548 -0.002923 -0.005141
v -0.008540 -0.002231 -0.008000
v -0.008069 -0.003652 -0.007382
v -0.015008 -0.001991 0.006348
v -0.014410 -0.003024 0.005728
v -0.008504 -0.002497 0.007266
v -0.008036 -0.003958 0.006434
v -0.008123 -0.002875 0.007388
v 0.011414 -0.001532 0.007125
v 0.011882 -0.003147 0.006236
v 0.011856 -0.002747 0.006378
v 0.011416 -0.002448 0.006641
v 0.005786 -0.002516 0.007928
v 0.005179 -0.003787 0.007444
v -0.010194 0.003531 0.007238
v -0.009856 0.000365 -0.009120
v 0.005488 0.000050 0.008490
v 0.006431 -0.002977 0.004558
v 0.011387 -0.003664 -0.006794
v 0.008359 -0.002093 -0.007961
v 0.011863 -0.002723 -0.007252
v 0.005638 -0.003155 -0.006673
v 0.004987 -0.003229 -0.008564
v 0.006008 -0.002049 -0.008937
v -0.011217 -0.002082 -0.008003
v -0.008160 -0.002604 -0.008128
v -0.014065 -0.002348 0.007344
v -0.008418 -0.003060 0.006032
v 0.008773 -0.004202 -0.005186
v -0.007779 -0.003510 0.007805
v -0.013673 -0.002020 0.008288
v 0.005347 -0.002886 0.007874
v -0.015073 0.000764 -0.007907
v -0.016178 0.001712 -0.002501
v -0.016168 0.001605 0.002545
v -0.015633 0.001205 0.005919
v 0.005176 -0.003977 0.006268
v 0.005329 -0.002895 0.006950
v 0.005784 -0.002500 0.007004
v 0.008615 -0.002364 0.007564
v 0.008554 -0.002352 0.006911
v 0.011516 -0.002493 0.006400
v 0.005141 -0.003513 -0.008232
v 0.005307 -0.002597 -0.008629
v 0.005747 -0.002226 -0.008699
v 0.007173 -0.002079 -0.008725
v 0.009509 -0.002087 -0.008334
v 0.008033 0.005005 0.006108
v 0.011070 0.005112 -0.000254
v 0.010446 0.005146 -0.001419
v 0.010433 0.005094 0.001529
v 0.009523 0.005041 0.004632
v 0.009489 0.005211 -0.005146
v -0.014531 0.005225 -0.005219
v -0.015078 0.005167 -0.001861
v -0.015076 0.005104 0.001726
v -0.014510 0.005048 0.004943
v -0.012838 0.005004 0.006776
v -0.006091 -0.003313 -0.008500
v 0.011258 -0.000993 -0.008166
v 0.014927 -0.001593 -0.005779
v 0.013831 -0.003383 -0.005115
v 0.011952 -0.003088 -0.007253
v 0.009424 -0.002851 0.004192
v 0.009572 0.003011 0.005603
v 0.009427 0.003793 0.004308
v 0.011252 0.003547 -0.001885
v 0.009453 -0.002691 -0.004948
v 0.011256 -0.002538 0.001202
v 0.010282 -0.002743 -0.002036
v 0.009865 -0.001626 -0.006060
v 0.010533 0.003597 -0.004725
v 0.010294 0.003844 0.001358
v 0.010390 -0.002589 0.004151
v 0.010393 0.003440 0.004257
v 0.010530 -0.002433 -0.004830
v 0.011249 -0.002482 -0.001990
v 0.011259 0.003491 0.001307
v 0.010710 0.002623 0.005594
v 0.012452 0.003106 -0.001842
v 0.012456 -0.002213 0.001151
v 0.011278 -0.001405 -0.005880
v 0.011870 0.003155 -0.004592
v 0.011589 -0.002264 0.004101
v 0.011592 0.003001 0.004193
v 0.011867 -0.002111 -0.004684
v 0.012449 -0.002159 -0.001934
v 0.012459 0.003052 0.001243
v 0.012079 0.002156 0.005583
v 0.013896 0.002576 -0.001790
v 0.013901 -0.001822 0.001090
v 0.012979 -0.001138 -0.005662
v 0.013480 0.002622 -0.004432
v 0.008656 0.003324 0.005611
v 0.013799 0.001935 0.004070
v 0.014665 0.001986 0.001120
v 0.014658 0.002036 -0.001768
v 0.014330 0.002082 -0.004353
v 0.008731 0.003528 -0.006113
v 0.009571 0.000781 0.005565
v 0.009868 0.003213 -0.005976
v 0.010709 0.000675 0.005560
v 0.011280 0.002822 -0.005806
v 0.012079 0.000548 0.005554
v 0.012981 0.002350 -0.005601
v 0.008655 0.000866 0.005568
v 0.013798 0.000506 0.004045
v 0.014665 0.000557 0.001096
v 0.014658 0.000608 -0.001792
v 0.014329 0.000653 -0.004377
v 0.008730 0.001070 -0.006156
v 0.009866 0.000983 -0.006015
v 0.011279 0.000874 -0.005840
v 0.012980 0.000743 -0.005629
v 0.009569 -0.001828 0.005519
v 0.010707 -0.001604 0.005520
v 0.012078 -0.001333 0.005522
v 0.009835 0.004353 -0.001937
v 0.008957 0.004405 -0.004876
v 0.008979 0.004226 0.004337
v 0.009843 0.004286 0.001381
v 0.007292 0.003887 -0.006734
v 0.005153 0.002017 -0.007682
v 0.002331 0.002447 -0.007642
v -0.002017 0.004694 -0.006716
v -0.005596 0.001988 -0.007759
v -0.007737 0.002166 -0.007678
v -0.009206 0.002616 -0.007444
v -0.010277 0.003376 -0.007138
v -0.012073 0.004462 -0.006664
v 0.007429 0.000190 0.005923
v 0.005197 -0.000689 0.006319
v 0.002763 -0.000421 0.006358
v -0.001449 -0.000477 0.006313
v -0.006448 -0.000704 0.006288
v -0.009254 -0.000592 0.006088
v -0.010416 -0.000173 0.005938
v -0.012177 0.000079 0.005778
v -0.013391 0.000668 0.004735
v -0.013966 0.000457 0.001776
v -0.013977 0.000543 -0.002315
v -0.013526 0.001237 -0.005192
v 0.007393 0.002260 0.006149
v 0.005171 0.000792 0.006758
v 0.002711 0.000862 0.006695
v -0.001515 0.001356 0.006696
v -0.006007 0.001021 0.006733
v -0.009189 0.000968 0.006490
v -0.010335 0.001763 0.006259
v -0.012172 0.002758 0.006053
v -0.012138 0.003224 -0.006624
v -0.010255 0.002590 -0.006998
v -0.009201 0.002115 -0.007311
v -0.007733 0.001571 -0.007478
v -0.005643 0.001426 -0.007533
v -0.001701 0.001880 -0.007375
v 0.002392 0.001650 -0.007391
v 0.005103 0.001316 -0.007436
v 0.007326 0.002982 -0.006750
v -0.007759 -0.003225 -0.008532
v -0.009000 -0.001363 -0.008995
v -0.009709 -0.001994 -0.008906
v -0.014594 -0.001892 -0.007971
v -0.014748 -0.002068 -0.007194
v -0.007732 -0.004406 0.007034
v -0.010939 -0.004193 -0.005069
v -0.009752 -0.002901 -0.006761
v -0.010958 -0.003429 -0.006399
v -0.013674 -0.003335 -0.006617
v -0.014156 -0.002316 -0.007094
v 0.008563 -0.003147 -0.006555
v 0.011386 -0.002964 -0.006771
v -0.013867 -0.002671 0.006329
v 0.003306 -0.003601 0.007739
v -0.015384 -0.000844 0.006010
v -0.014576 -0.003080 0.004755
v -0.013299 -0.003690 0.005686
v -0.008640 -0.003985 0.005318
v 0.004920 -0.003514 0.007776
v 0.005380 -0.001367 0.008357
v 0.006170 -0.002388 0.008177
v 0.010744 -0.002356 0.007089
v 0.011764 -0.003986 0.005143
v -0.000535 -0.004412 0.007161
v 0.004882 -0.004412 0.006972
v 0.009861 -0.002721 0.006248
v 0.009496 -0.003783 0.005723
v 0.005794 -0.003228 0.005856
v 0.006600 -0.003621 0.005518
v -0.011084 -0.004355 0.004230
v -0.011665 -0.004234 -0.002726
v 0.008106 -0.004369 0.004465
v -0.007667 -0.004151 -0.007599
v -0.000980 -0.004150 -0.007826
v 0.004945 -0.004155 -0.007718
v -0.007567 -0.004188 -0.005450
v 0.010296 -0.004245 -0.002728
v -0.007693 -0.004366 0.004771
v 0.004853 -0.004376 0.004922
v -0.001322 -0.004227 -0.003385
v 0.004704 -0.004201 -0.005075
v 0.010118 -0.004333 0.002304
v 0.000976 -0.004342 0.003129
v -0.011788 -0.004317 0.002084
v 0.006774 -0.002860 -0.002135
v 0.006783 -0.002921 0.001321
v 0.006332 -0.002805 -0.005276
v -0.008778 -0.002790 -0.005722
v -0.008931 -0.002845 -0.002540
v -0.008902 -0.002918 0.001626
v -0.009157 -0.002976 0.004965
v -0.000060 -0.002800 -0.005389
v -0.000322 -0.002853 -0.002319
v -0.000294 -0.002919 0.001459
v 0.000094 -0.002977 0.004728
v -0.001665 0.002706 0.006770
v -0.002089 0.003206 -0.007288
v -0.006026 0.001329 0.008357
v -0.013825 0.000059 0.008537
v -0.013771 -0.001169 0.008436
v -0.006359 -0.003596 0.007762
v -0.006484 -0.004407 0.007029
v -0.007224 -0.004337 0.003049
v -0.007798 -0.004260 -0.001347
v 0.001653 0.001776 0.008198
v 0.000887 0.000196 0.008504
v 0.000824 -0.001197 0.008397
v 0.000885 -0.003600 0.007745
v -0.006456 -0.002163 0.008246
v 0.000852 -0.002255 0.008213
v 0.003520 -0.002290 0.008201
v -0.003316 0.004274 0.007425
v -0.004130 0.002139 0.008097
v -0.004245 0.000055 0.008514
v -0.004259 -0.001135 0.008420
v -0.004285 -0.002192 0.008236
v -0.004351 -0.003597 0.007757
v -0.001955 0.004191 0.007463
v -0.001940 0.002097 0.008106
v -0.001923 0.000054 0.008508
v -0.001908 -0.001164 0.008409
v -0.001894 -0.002221 0.008225
v -0.001873 -0.003599 0.007751
v -0.014801 -0.002265 0.006628
v -0.014604 -0.002130 0.007412
v -0.014873 -0.000997 0.007549
v -0.015025 0.000467 0.007606
v -0.014880 0.003123 0.007145
v -0.014322 -0.002863 -0.006530
v -0.014923 -0.001835 -0.006821
v -0.015381 -0.000644 -0.006081
v -0.015669 0.001455 -0.005815
v -0.015416 0.003625 -0.005281
v -0.014222 -0.002081 -0.007962
v -0.013861 -0.001728 -0.008933
v -0.013952 -0.000872 -0.009051
v -0.014004 0.000368 -0.009110
v -0.014018 0.002328 -0.008641
v -0.014049 0.004415 -0.007906
v -0.010964 -0.003670 0.005588
v -0.011026 -0.002651 0.006230
v -0.010975 -0.002349 0.007286
v -0.009486 -0.002303 0.008229
v -0.008905 -0.001215 0.008417
v -0.008630 0.000201 0.008527
v -0.009650 0.002233 0.008079
v -0.011516 0.004138 0.007487
v 0.007484 0.001240 -0.006481
v 0.005074 -0.000172 -0.006970
v 0.002392 0.000017 -0.006947
v -0.001687 0.000194 -0.006912
v -0.005638 -0.000033 -0.006994
v -0.007722 0.000002 -0.006956
v -0.009126 0.000273 -0.006838
v -0.010199 0.000564 -0.006632
v -0.011909 0.000836 -0.006386
v 0.007472 -0.002263 0.005651
v 0.005229 -0.002457 0.005796
v 0.002623 -0.002437 0.005783
v -0.001373 -0.002494 0.005892
v -0.006478 -0.002479 0.005839
v -0.009325 -0.002334 0.005637
v -0.010504 -0.002256 0.005592
v -0.011857 -0.002190 0.005555
v -0.012950 -0.001995 0.004791
v -0.013573 -0.002345 0.001725
v -0.013580 -0.002292 -0.002595
v -0.013013 -0.002029 -0.005555
v 0.005115 0.000358 -0.009156
v 0.005257 -0.001513 -0.009010
v 0.004098 -0.003318 -0.008524
v -0.002413 0.000362 -0.009138
v -0.001571 -0.001423 -0.009005
v -0.000701 -0.003315 -0.008513
v 0.008505 0.000352 -0.008927
v 0.011592 0.001191 -0.008127
v 0.014267 0.000318 -0.007135
v 0.011549 -0.000355 -0.008216
v 0.008445 0.002365 -0.008488
v 0.010851 0.003386 -0.007545
v 0.013518 0.002290 -0.006848
v 0.011680 -0.000693 0.007286
v 0.014314 0.000086 0.006155
v 0.011658 0.000923 0.007280
v 0.008703 0.000053 0.008201
v 0.013553 0.002067 0.005939
v 0.010899 0.003136 0.006788
v 0.008662 0.002051 0.007837
v 0.012138 -0.003284 -0.007026
v 0.013196 -0.002693 -0.006647
v 0.014474 -0.003403 -0.003962
v 0.012535 -0.004010 -0.004513
v 0.012678 -0.002244 -0.007241
v 0.015697 -0.000539 -0.005759
v 0.016075 -0.001544 -0.004093
v 0.013896 0.003417 -0.005398
v 0.016108 0.002238 -0.003967
v 0.015763 0.001147 -0.005685
v 0.015820 -0.002550 -0.002275
v 0.015242 -0.003465 -0.000421
v 0.013422 -0.004046 -0.002448
v 0.017291 -0.000574 -0.002287
v 0.016803 -0.001583 -0.000391
v 0.016985 0.000264 -0.004107
v 0.015266 0.003399 -0.002050
v 0.016793 0.002174 -0.000326
v 0.017313 0.001086 -0.002255
v 0.015829 -0.002616 0.001462
v 0.014343 -0.003565 0.003113
v 0.013385 -0.004118 0.001700
v 0.017301 -0.000641 0.001536
v 0.016137 -0.001646 0.003242
v 0.017003 0.000134 0.003340
v 0.015274 0.003338 0.001448
v 0.016126 0.002112 0.003274
v 0.017322 0.001019 0.001562
v 0.014241 -0.002708 0.004539
v 0.015767 -0.000697 0.004807
v 0.013576 -0.001647 0.005989
v 0.013923 0.003242 0.004642
v 0.015789 0.000963 0.004818
v 0.011085 0.004318 -0.006574
v 0.010408 0.005003 -0.005347
v 0.012878 0.004379 -0.003764
v 0.011359 0.004982 -0.001851
v 0.011546 0.004947 -0.000631
v 0.010894 0.005127 -0.000544
v 0.012897 0.004258 0.003184
v 0.010450 0.004826 0.004799
v 0.011135 0.004101 0.005876
v -0.015594 -0.001622 0.002489
v -0.015698 -0.000438 0.004829
v -0.016160 0.000876 0.002611
v -0.016118 -0.000224 -0.000053
v -0.013793 -0.003976 0.001910
v -0.014733 -0.003016 0.003955
v -0.015099 -0.002928 -0.000137
v 0.009124 0.004096 0.006953
v 0.009063 0.004348 -0.007523
v -0.014627 0.004995 0.001756
v -0.014168 0.004553 0.003625
v -0.014431 0.004009 0.001907
v -0.014579 0.004645 -0.000053
v 0.008225 0.004066 0.005419
v 0.009115 0.004976 0.004420
v 0.009897 0.004881 -0.000366
v 0.009957 0.004037 0.001376
v 0.009569 0.004252 0.002953
v 0.009988 0.005044 0.001376
v 0.009983 0.005089 -0.001810
v 0.009552 0.004925 -0.003491
v 0.009949 0.004097 -0.001932
v 0.009082 0.004148 -0.004868
v 0.013606 -0.001592 0.004018
v 0.013730 -0.001847 0.002566
v 0.008451 -0.002943 0.004293
v 0.008846 -0.002652 0.005179
v 0.012871 0.001977 0.005201
v 0.013608 0.002199 0.004084
v 0.014514 0.001960 0.002580
v 0.012319 0.002381 0.005218
v 0.009091 0.003983 0.004327
v 0.010029 0.003817 0.002915
v 0.014475 0.002250 0.001134
v 0.014599 0.002011 -0.000323
v 0.014468 0.002301 -0.001771
v 0.014638 0.002060 -0.003136
v 0.010027 0.003928 -0.003467
v 0.013856 0.002550 -0.000312
v 0.014118 0.002346 -0.004370
v 0.013767 0.002159 -0.005235
v 0.013104 -0.001567 -0.005378
v 0.008423 -0.002780 -0.005057
v 0.010023 -0.002715 -0.003583
v 0.014116 -0.001445 -0.004436
v 0.009189 -0.002891 0.001271
v 0.014473 -0.001541 0.001068
v 0.013854 -0.001796 -0.000388
v 0.009181 -0.002832 -0.002071
v 0.014466 -0.001491 -0.001837
v 0.013106 0.002564 -0.005306
v 0.008155 0.003029 -0.006237
v -0.014085 0.003319 0.003531
v -0.012365 -0.002774 0.001695
v -0.013700 -0.002369 -0.000297
v -0.015903 0.001470 0.004699
v -0.015562 0.004731 0.001902
v -0.016004 0.003669 -0.000030
v -0.014120 0.003470 -0.003785
v -0.011901 -0.002599 -0.005609
v -0.012511 -0.001932 -0.005956
v -0.013865 0.004088 -0.005177
v -0.014185 0.004683 -0.003821
v -0.013256 0.004637 -0.006224
v -0.014040 0.005089 -0.005206
v -0.014599 0.002599 -0.008345
v -0.014635 0.000467 -0.008808
v -0.015037 0.000055 -0.007963
v -0.015923 0.001666 -0.004542
v -0.015098 0.004823 -0.005069
v -0.014606 0.004165 -0.007795
v -0.014739 -0.002878 -0.004180
v -0.013769 -0.003902 -0.002339
v -0.015606 -0.001534 -0.002564
v -0.015713 -0.000274 -0.004727
v -0.016172 0.000971 -0.002570
v -0.015568 0.004804 -0.001991
v -0.015597 0.000417 0.006023
v -0.014557 0.000162 0.008305
v -0.014520 0.002313 0.007898
v -0.014520 0.003898 0.007402
v -0.014771 0.004554 0.006241
v -0.014016 0.004912 0.004925
v -0.013231 0.004414 0.005810
v -0.013830 0.003935 0.004897
v -0.013194 0.003183 0.005745
v -0.011968 -0.002726 0.004707
v -0.014440 0.004088 -0.002067
v -0.014361 0.005090 -0.003726
v -0.012380 -0.002704 -0.002611
v 0.008164 0.004800 0.006571
v 0.007454 0.004241 0.007007
v 0.007432 0.003275 0.007638
v 0.007415 0.004494 -0.007494
v 0.008113 0.005038 -0.007037
v 0.007227 0.003580 -0.008190
v -0.000119 0.004332 -0.007432
v -0.000742 0.004676 -0.007700
v -0.001069 0.005085 -0.007127
v -0.000899 0.004764 -0.006826
v 0.000947 0.003425 -0.007867
v 0.001736 0.002892 -0.007744
v 0.002156 0.002769 -0.008168
v 0.002353 0.002947 -0.008381
v 0.004700 0.002132 -0.007936
v 0.005289 0.002165 -0.008272
v 0.004683 0.002262 -0.008617
v 0.003783 0.002289 -0.008316
v 0.005706 0.002193 -0.007813
v 0.007227 0.004349 -0.006724
v 0.007484 0.005042 -0.006740
v 0.007002 0.003797 -0.007494
v -0.000084 0.003369 0.006872
v -0.000087 0.004092 0.007030
v 0.000290 0.003661 0.007505
v 0.001024 0.003127 0.007315
v 0.003648 0.002182 0.007956
v 0.003822 0.002009 0.007705
v 0.004883 0.001942 0.008036
v 0.005330 0.001887 0.007720
v 0.004739 0.001828 0.007365
v 0.007037 0.003545 0.006932
v 0.006955 0.003046 0.006638
v 0.006435 0.002274 0.007479
v 0.006489 0.002642 0.007763
v -0.000716 0.004868 0.006528
v -0.001112 0.004889 0.005998
v -0.001164 0.004975 0.006507
v -0.003041 0.004974 0.006611
v -0.003011 0.004793 0.007138
v -0.002099 0.004887 0.006179
v -0.002076 0.005074 -0.006724
v -0.001949 0.005008 -0.007623
v -0.003091 0.004998 -0.007163
v -0.010730 0.004040 -0.007935
v -0.011193 0.003438 -0.008252
v -0.013781 0.005047 -0.007587
v -0.011384 0.004719 -0.007686
v -0.013821 0.003203 0.007782
v -0.010629 0.003772 0.007489
v -0.011091 0.004211 0.007348
v -0.012207 0.004781 0.007180
v -0.009764 0.003431 -0.007836
v -0.009176 0.002937 -0.007639
v -0.008540 0.002772 -0.008081
v -0.009355 0.002914 -0.008339
v -0.007735 0.002411 -0.007861
v -0.006876 0.002283 -0.008278
v -0.008230 0.002466 -0.008508
v -0.005414 0.002174 -0.008270
v -0.005465 0.002211 -0.008608
v -0.003871 0.002571 -0.007753
v -0.004269 0.002609 -0.008097
v -0.004459 0.002335 -0.008539
v -0.009861 0.003028 0.007720
v -0.009654 0.003101 0.007331
v -0.009125 0.002608 0.007041
v -0.008171 0.002219 0.007973
v -0.006838 0.002003 0.007730
v -0.007279 0.002113 0.007286
v -0.008493 0.002491 0.007550
v -0.005394 0.001892 0.007758
v -0.004597 0.002071 0.008003
v -0.004247 0.002345 0.007518
v -0.005088 0.001946 0.007288
v -0.002976 0.004887 0.006188
v -0.003340 0.004801 0.006649
v -0.011257 0.004429 0.007282
v -0.010760 0.004062 0.006990
v -0.011752 0.004867 0.006755
v -0.014005 0.001218 -0.008986
v -0.009484 0.000998 0.008421
v 0.007715 0.004888 -0.006422
v 0.007782 0.004666 0.005888
v 0.007518 0.004815 0.006276
v 0.005871 0.002010 0.007993
v 0.001595 0.002528 0.007844
v 0.001048 0.001903 0.008160
v 0.006293 0.002953 -0.008340
v 0.005672 0.002329 -0.008576
v 0.003451 0.002500 -0.008547
v 0.000880 0.002341 -0.008689
v 0.005745 0.001892 0.007248
v 0.006426 0.002168 0.006713
v 0.005534 -0.002856 0.005407
v 0.003834 -0.002463 0.005799
v 0.008172 0.004060 -0.005988
v 0.006888 0.003295 -0.007246
v 0.006343 0.002569 -0.007360
v -0.000097 0.004025 -0.007976
v -0.000222 0.003686 -0.007332
v 0.006397 0.002545 -0.008070
v 0.001782 0.002589 0.007057
v 0.002200 0.002490 0.007501
v 0.007292 0.004116 0.006162
v -0.000865 0.004565 0.006346
v -0.000387 0.004368 0.007273
v 0.000099 0.003051 0.007806
v -0.003945 0.002738 0.007772
v -0.006658 0.000771 0.008486
v -0.006058 0.001745 0.008123
v -0.007286 0.001570 0.008283
v -0.003840 0.002935 -0.008332
v -0.001954 0.003468 -0.008285
v -0.002864 0.001213 -0.009017
v -0.006714 0.002002 -0.008784
v -0.003425 0.004282 0.007282
v -0.003024 0.004420 -0.007792
v -0.012529 0.005046 -0.006714
v -0.011824 0.005134 -0.007147
v -0.012482 0.004805 0.006280
v -0.011393 0.004449 0.006368
v -0.011027 0.003527 0.006267
v 0.001778 -0.002604 -0.006026
v 0.003715 -0.002054 -0.006382
v 0.002783 0.002485 -0.007921
v 0.000570 0.002879 -0.007431
v -0.010849 0.004375 -0.007447
v -0.010299 0.003735 -0.007307
v -0.011438 0.004717 -0.006848
v -0.003482 0.003136 -0.007480
v -0.003231 0.003828 -0.007117
v -0.003716 0.003750 -0.007579
v -0.003653 0.003590 0.007083
v -0.003347 0.002832 0.006913
v -0.003099 0.004359 0.006403
v -0.004023 0.002031 0.006942
v -0.006073 0.001865 0.007386
v -0.007153 -0.002859 0.005552
v -0.008303 -0.002384 0.005695
v -0.009296 -0.002820 0.005384
v -0.009929 -0.002301 0.005618
v -0.010182 -0.002800 0.005375
v -0.010248 0.003424 0.006708
v 0.000729 0.002412 0.006801
v -0.000995 -0.002865 0.005549
v 0.002824 0.002181 0.007223
v 0.002001 -0.002850 0.005445
v 0.007218 -0.002808 0.005338
v 0.005354 -0.002607 -0.005985
v -0.004137 0.002309 -0.007597
v -0.001264 -0.002598 -0.005956
v -0.008544 0.002412 -0.007564
v -0.007973 -0.002600 -0.006013
v -0.006762 -0.002049 -0.006284
v -0.005994 0.002121 -0.007963
v -0.005040 0.002189 -0.007894
v -0.006417 -0.002600 -0.005983
v -0.009713 0.002954 -0.007337
v -0.009017 -0.002591 -0.006000
v -0.011023 0.003879 -0.006896
v -0.009782 -0.002580 -0.005984
v 0.011898 -0.002868 -0.007311
v 0.011912 -0.002560 -0.007449
v 0.011585 -0.002437 -0.007569
v 0.005201 -0.002797 -0.008696
v 0.005812 -0.002179 -0.008866
v 0.006255 -0.002115 -0.008740
v 0.010205 -0.002094 -0.008191
v 0.010822 -0.002125 -0.007853
v 0.011313 -0.002206 -0.007728
v 0.005102 -0.003440 -0.008422
v 0.005182 -0.002965 -0.008468
v -0.014509 -0.000844 -0.008786
v -0.014380 -0.002028 -0.008309
v -0.014479 -0.002034 -0.007931
v -0.014427 -0.002447 -0.006960
v 0.004955 -0.003920 -0.008160
v -0.007992 -0.003474 -0.008185
v 0.005225 -0.002564 -0.008812
v -0.008577 -0.002361 -0.008684
v -0.013934 -0.001984 -0.008667
v -0.009361 -0.002119 -0.008005
v -0.008833 -0.002164 -0.008666
v -0.008090 -0.003009 -0.007830
v -0.008552 -0.002701 -0.007287
v -0.008488 -0.003409 -0.006797
v -0.015133 -0.001887 0.005532
v -0.013523 -0.004023 0.003624
v -0.013881 -0.003526 0.005709
v -0.014586 -0.002322 0.006844
v -0.008748 -0.002457 0.007969
v -0.009273 -0.002386 0.007279
v -0.014323 -0.002299 0.007709
v -0.008193 -0.002926 0.006522
v -0.008483 -0.002630 0.006496
v -0.007970 -0.003762 0.007398
v -0.008054 -0.003285 0.007029
v -0.008022 -0.003083 0.007825
v 0.008494 -0.001368 0.008052
v 0.009222 -0.002365 0.007640
v 0.011570 -0.002626 0.006600
v 0.011881 -0.002753 0.006417
v 0.010992 -0.003552 0.006127
v 0.011918 -0.003496 0.005890
v 0.011880 -0.002900 0.006332
v 0.005114 -0.003720 0.007629
v -0.008491 -0.002654 0.007981
v -0.008158 -0.002843 0.008079
v 0.011102 -0.002549 0.006309
v 0.011753 -0.002630 0.006393
v 0.011298 -0.002450 0.006786
v 0.010614 -0.002378 0.006906
v 0.006629 -0.002390 0.006993
v 0.005883 -0.002486 0.008104
v 0.005221 -0.003247 0.007700
v 0.005444 -0.002973 0.006353
v 0.017670 0.000198 -0.000362
v 0.009090 0.005144 -0.004934
v 0.008146 -0.002115 0.005551
v -0.009250 0.002631 0.007835
v 0.004986 0.001255 -0.009022
v 0.005235 -0.000470 -0.009126
v -0.013814 -0.000608 0.008505
v 0.005506 0.000921 0.008397
v 0.007038 -0.002585 -0.006013
v -0.011160 -0.002783 0.005367
v -0.010893 -0.002567 -0.005966
v 0.009430 -0.002089 -0.008453
v 0.008319 -0.001864 -0.008725
v 0.010449 -0.004055 -0.006283
v 0.011337 -0.003493 -0.006577
v 0.005532 -0.002376 -0.008833
v 0.005485 -0.002393 -0.008647
v 0.005381 -0.002773 -0.007186
v 0.005722 -0.002475 -0.007202
v 0.006827 -0.002069 -0.008884
v 0.008539 -0.002363 -0.007209
v 0.011715 -0.002436 -0.007370
v 0.011444 -0.002424 -0.007152
v 0.011749 -0.002811 -0.006996
v 0.008588 -0.003931 -0.005910
v 0.005268 -0.003474 -0.006765
v 0.005034 -0.004052 -0.006386
v -0.014710 -0.002017 -0.007411
v -0.013866 -0.003406 -0.006542
v -0.013097 -0.003856 -0.005643
v -0.014605 -0.002084 -0.007409
v -0.008046 -0.002797 -0.008545
v -0.010911 -0.002294 -0.007247
v -0.008293 -0.002398 -0.008028
v -0.008842 -0.002406 -0.007251
v -0.007971 -0.004026 -0.007542
v -0.009366 -0.003863 -0.005912
v -0.014243 -0.002053 0.008069
v -0.014424 -0.002294 0.007412
v -0.014364 -0.002761 0.006191
v -0.008257 -0.002666 0.007289
v -0.014006 -0.002420 0.006598
v -0.010568 -0.002345 0.007989
v -0.012552 -0.004196 0.005016
v -0.008190 -0.004143 0.005498
v -0.007953 -0.004274 0.005737
v 0.009978 -0.002360 0.007324
v 0.010715 -0.004062 0.005538
v 0.010629 -0.004276 0.004722
v 0.011316 -0.002998 0.006263
v 0.004864 -0.004190 0.007366
v 0.005094 -0.004278 0.005355
v 0.008992 -0.004228 0.005057
v 0.005214 -0.003087 0.007924
v 0.007266 -0.002375 0.008024
v 0.005603 -0.002681 0.008073
v 0.005330 -0.003679 0.005863
v 0.005786 -0.002676 0.006369
v 0.008928 -0.002439 0.006442
v 0.011365 -0.002763 0.006301
v 0.005525 -0.002681 0.007896
v -0.015635 0.003704 -0.004033
v -0.015025 0.001756 -0.007765
v -0.016303 0.001667 -0.000028
v -0.016063 0.002480 -0.002381
v -0.015618 0.003531 0.004025
v -0.016055 0.002368 0.002400
v -0.015545 0.002031 0.005665
v 0.005104 -0.004257 0.007179
v 0.005215 -0.003290 0.006765
v 0.005178 -0.003833 0.007049
v 0.005518 -0.002672 0.006978
v 0.005334 -0.002899 0.007505
v 0.006646 -0.002405 0.007855
v 0.005786 -0.002510 0.007583
v 0.007857 -0.002362 0.007478
v 0.010624 -0.002384 0.006529
v 0.009137 -0.002357 0.007168
v 0.011491 -0.002482 0.006513
v 0.005092 -0.003993 -0.007968
v 0.005180 -0.003018 -0.007622
v 0.005142 -0.003551 -0.007887
v 0.005483 -0.002414 -0.007774
v 0.005296 -0.002623 -0.008260
v 0.006553 -0.002130 -0.007885
v 0.005747 -0.002231 -0.008373
v 0.007357 -0.002083 -0.008465
v 0.010535 -0.002130 -0.007579
v 0.007805 -0.002084 -0.008458
v 0.009223 -0.002090 -0.008140
v 0.008151 -0.002081 -0.008643
v 0.010167 0.005183 -0.003529
v 0.013266 0.004348 -0.000278
v 0.011362 0.004923 0.001485
v 0.011548 0.004934 0.000111
v 0.010046 0.005072 -0.000202
v 0.010461 0.005122 -0.000072
v 0.010181 0.005066 0.003169
v 0.008721 0.005020 0.005689
v 0.008675 0.005227 -0.006191
v -0.013937 0.005247 -0.006633
v -0.014626 0.005059 -0.001916
v -0.014819 0.005198 -0.003623
v -0.015200 0.005135 -0.000042
v -0.014352 0.004964 0.003499
v -0.014812 0.005075 0.003401
v -0.013886 0.005022 0.006262
v 0.002966 -0.003940 -0.008176
v 0.004250 -0.002452 -0.008819
v 0.004592 -0.003295 -0.008535
v 0.005077 -0.002104 -0.008927
v 0.005381 -0.001809 -0.008969
v 0.008356 -0.001022 -0.008853
v 0.006336 -0.001522 -0.009011
v 0.013577 -0.001244 -0.007094
v 0.010970 -0.001578 -0.008081
v 0.014517 -0.002524 -0.005286
v 0.013890 -0.002119 -0.006461
v 0.011209 -0.003979 -0.006214
v 0.013166 -0.003368 -0.005934
v 0.010535 -0.004221 -0.004165
v 0.008707 -0.004234 -0.003321
v 0.002865 -0.004210 -0.004531
v 0.011791 -0.003171 -0.007018
v 0.011578 -0.003516 -0.007120
v 0.008912 0.003858 -0.005789
v 0.008909 -0.002458 -0.005899
v 0.011042 -0.002456 -0.003498
v 0.010336 -0.002771 -0.000397
v 0.010026 -0.002827 0.002799
v 0.009774 -0.002411 0.005170
v 0.008849 0.003665 0.005289
v 0.011020 0.003464 0.002842
v 0.010340 0.003873 -0.000281
v 0.011045 0.003573 -0.003393
v 0.009889 -0.002725 0.004173
v 0.009098 0.003173 0.005607
v 0.009893 0.003623 0.004283
v 0.010752 0.003730 -0.001903
v 0.009972 -0.002566 -0.004891
v 0.010756 -0.002674 0.001223
v 0.010748 -0.002617 -0.002014
v 0.009276 -0.001719 -0.006136
v 0.009976 0.003781 -0.004780
v 0.010759 0.003674 0.001334
v 0.012310 0.003132 -0.003301
v 0.011281 0.003519 -0.000289
v 0.012250 0.003026 0.002751
v 0.009777 0.003321 0.005270
v 0.010928 -0.002111 0.005159
v 0.011016 -0.002565 0.002737
v 0.011277 -0.002510 -0.000394
v 0.012308 -0.002134 -0.003393
v 0.010031 -0.002220 -0.005760
v 0.010034 0.003512 -0.005660
v 0.010948 -0.002438 0.004128
v 0.010951 0.003236 0.004227
v 0.011152 -0.002283 -0.004762
v 0.011807 -0.002332 -0.001964
v 0.011818 0.003287 0.001277
v 0.010102 0.002831 0.005599
v 0.011810 0.003342 -0.001865
v 0.011815 -0.002387 0.001178
v 0.010523 -0.001523 -0.005976
v 0.011155 0.003391 -0.004663
v 0.013834 0.002600 -0.003190
v 0.012449 0.003079 -0.000300
v 0.013732 0.002498 0.002642
v 0.010930 0.002895 0.005247
v 0.012317 -0.001750 0.005146
v 0.012247 -0.002239 0.002660
v 0.012446 -0.002186 -0.000391
v 0.013832 -0.001746 -0.003266
v 0.011425 -0.001924 -0.005587
v 0.011428 0.003082 -0.005499
v 0.012292 -0.002074 0.004071
v 0.012295 0.002745 0.004155
v 0.012650 -0.001923 -0.004599
v 0.013151 -0.001970 -0.001901
v 0.013161 0.002796 0.001205
v 0.011376 0.002396 0.005588
v 0.013154 0.002848 -0.001817
v 0.013159 -0.002023 0.001121
v 0.012105 -0.001275 -0.005774
v 0.012653 0.002896 -0.004514
v 0.008154 0.001133 -0.006270
v 0.009279 0.003376 -0.006047
v 0.010525 0.003031 -0.005897
v 0.012107 0.002593 -0.005706
v 0.013766 0.000686 -0.005261
v 0.014637 0.000632 -0.003161
v 0.014598 0.000583 -0.000348
v 0.014513 0.000532 0.002555
v 0.012870 0.000504 0.005176
v 0.011375 0.000613 0.005557
v 0.010100 0.000732 0.005562
v 0.009097 0.000825 0.005566
v 0.008128 0.003130 0.005747
v 0.008656 0.002486 0.005596
v 0.013798 0.001448 0.004062
v 0.014665 0.001499 0.001112
v 0.014658 0.001549 -0.001776
v 0.014330 0.001595 -0.004361
v 0.008730 0.002690 -0.006127
v 0.009572 0.002251 0.005590
v 0.009867 0.002453 -0.005989
v 0.010709 0.001959 0.005582
v 0.011280 0.002158 -0.005818
v 0.012079 0.001608 0.005573
v 0.012981 0.001802 -0.005611
v 0.008102 -0.001884 -0.006269
v 0.009278 0.001028 -0.006088
v 0.010524 0.000932 -0.005933
v 0.012106 0.000810 -0.005737
v 0.013765 -0.001038 -0.005291
v 0.014636 -0.001039 -0.003190
v 0.014597 -0.001088 -0.000377
v 0.014512 -0.001139 0.002526
v 0.012869 -0.001219 0.005146
v 0.011374 -0.001472 0.005521
v 0.010099 -0.001724 0.005520
v 0.009095 -0.001922 0.005518
v 0.008136 0.000717 0.005658
v 0.008654 -0.000859 0.005538
v 0.013797 -0.000496 0.004028
v 0.014664 -0.000445 0.001078
v 0.014657 -0.000394 -0.001810
v 0.014329 -0.000349 -0.004395
v 0.008729 -0.000654 -0.006186
v 0.009866 -0.000582 -0.006042
v 0.011278 -0.000493 -0.005864
v 0.012979 -0.000385 -0.005649
v 0.009570 -0.000784 0.005537
v 0.010708 -0.000692 0.005536
v 0.012078 -0.000580 0.005535
v 0.009899 0.004322 -0.000281
v 0.009553 0.004381 -0.003498
v 0.008164 0.004695 -0.005977
v 0.009833 0.004633 -0.001938
v 0.008957 0.004685 -0.004871
v 0.008226 0.004475 0.005426
v 0.009573 0.004811 0.002882
v 0.008979 0.004496 0.004342
v 0.009845 0.004576 0.001303
v 0.006343 0.000226 -0.006812
v 0.007362 0.002365 -0.006654
v 0.003753 0.001289 -0.007474
v 0.005092 0.000765 -0.007264
v 0.000699 0.000200 -0.006891
v 0.002392 0.001083 -0.007236
v -0.004041 0.000086 -0.006962
v -0.001697 0.001337 -0.007229
v -0.006773 0.001396 -0.007534
v -0.005642 0.000960 -0.007361
v -0.008505 0.000149 -0.006896
v -0.007729 0.001043 -0.007302
v -0.009663 0.000402 -0.006757
v -0.009152 0.001485 -0.007156
v -0.010894 0.000721 -0.006497
v -0.010236 0.001922 -0.006878
v -0.013215 0.003412 -0.006160
v -0.012054 0.002372 -0.006540
v 0.006471 -0.000388 0.006199
v 0.007405 0.001568 0.006075
v 0.003864 0.000679 0.006780
v 0.005179 0.000295 0.006610
v 0.003219 0.000235 0.006625
v 0.000994 -0.000385 0.006258
v 0.002575 0.000459 0.006560
v -0.004089 -0.000613 0.006373
v -0.001492 0.000740 0.006568
v -0.008115 0.000796 0.006576
v -0.006327 0.000358 0.006555
v -0.009754 0.001352 0.006407
v -0.009215 0.000344 0.006329
v -0.011144 0.000008 0.005844
v -0.010368 0.000988 0.006131
v -0.012927 0.000594 0.005532
v -0.012157 0.001778 0.005953
v -0.013696 0.000542 0.003458
v -0.013625 0.002334 0.004820
v -0.014508 0.003399 -0.000081
v -0.014223 0.002296 0.001809
v -0.013744 0.000791 -0.004137
v -0.014239 0.002414 -0.002136
v -0.013674 0.002611 -0.005259
v -0.013847 0.002623 -0.004683
v 0.006418 0.001289 0.006568
v 0.007407 0.002778 0.006150
v 0.003796 0.001606 0.007065
v 0.005176 0.001122 0.006872
v 0.000888 0.001306 0.006623
v 0.002509 0.001388 0.006797
v -0.003985 0.001199 0.006779
v -0.001559 0.001852 0.006748
v -0.005148 0.001444 0.006896
v -0.008093 0.001845 0.006902
v -0.006252 0.001322 0.006836
v -0.009700 0.002502 0.006659
v -0.009168 0.001488 0.006625
v -0.011089 0.002224 0.006117
v -0.010310 0.002356 0.006358
v -0.012161 0.003425 0.006109
v -0.011014 0.002922 -0.006792
v -0.012149 0.003789 -0.006658
v -0.009704 0.002298 -0.007189
v -0.010265 0.002948 -0.007062
v -0.009380 0.002410 -0.007342
v -0.008538 0.001845 -0.007394
v -0.009113 0.002309 -0.007387
v -0.006763 0.001988 -0.007754
v -0.007735 0.001855 -0.007573
v -0.004050 0.001605 -0.007478
v -0.005632 0.001667 -0.007627
v 0.000686 0.001984 -0.007315
v -0.001799 0.002333 -0.007383
v 0.003755 0.002021 -0.007729
v 0.002377 0.002008 -0.007497
v 0.006331 0.001842 -0.007214
v 0.005119 0.001670 -0.007552
v 0.007320 0.003388 -0.006774
v -0.007718 -0.003914 -0.008107
v -0.008187 -0.002546 -0.008781
v -0.007076 -0.003290 -0.008507
v -0.008678 -0.001744 -0.008943
v -0.014306 -0.001776 -0.008691
v -0.010239 -0.001464 -0.008978
v -0.015120 -0.001714 -0.005661
v -0.014711 -0.001433 -0.008004
v -0.013463 -0.003889 -0.004252
v -0.014406 -0.002944 -0.005759
v -0.012009 -0.004211 -0.004027
v -0.010606 -0.004218 -0.003646
v -0.005629 -0.004199 -0.004896
v -0.010863 -0.003995 -0.005818
v -0.009531 -0.003327 -0.006451
v -0.014125 -0.002990 -0.006846
v -0.010746 -0.002922 -0.006737
v -0.012729 -0.003971 -0.005870
v -0.013969 -0.002680 -0.006969
v -0.012762 -0.003375 -0.006491
v -0.014240 -0.002147 -0.007317
v -0.012826 -0.002468 -0.007003
v 0.006490 -0.003933 -0.005936
v 0.006664 -0.003149 -0.006582
v 0.010436 -0.003102 -0.006612
v -0.009308 -0.004270 0.004919
v -0.009315 -0.002746 0.006143
v -0.007753 -0.004185 0.007405
v -0.006332 -0.002830 0.008071
v -0.007203 -0.003574 0.007774
v -0.007797 -0.002190 0.008244
v -0.014441 -0.001131 0.008214
v -0.009855 -0.001672 0.008339
v -0.014866 -0.002273 0.006149
v -0.014721 -0.001681 0.007458
v -0.013182 -0.004025 0.004774
v -0.014474 -0.003102 0.005146
v -0.012268 -0.004337 0.003237
v -0.010834 -0.004332 0.002896
v -0.007313 -0.004359 0.004308
v -0.009519 -0.003741 0.005484
v -0.013635 -0.003095 0.006153
v -0.008132 -0.003603 0.005994
v -0.008526 -0.003560 0.005623
v 0.002357 -0.004212 0.007406
v 0.005214 -0.002868 0.008044
v 0.004265 -0.003580 0.007747
v 0.004837 -0.002324 0.008192
v 0.008366 -0.002255 0.007925
v 0.006304 -0.001872 0.008267
v 0.010662 -0.001872 0.007314
v 0.011831 -0.002084 0.006728
v 0.012554 -0.003692 0.004886
v 0.012244 -0.004189 0.003564
v 0.012302 -0.004096 0.004474
v 0.010049 -0.004357 0.003699
v 0.008333 -0.004351 0.003415
v 0.003565 -0.004366 0.004407
v 0.006285 -0.004088 0.005095
v 0.006128 -0.003519 0.005600
v 0.006243 -0.003144 0.005849
v 0.009370 -0.003140 0.006069
v 0.007067 -0.002792 0.006109
v 0.007131 -0.004187 0.005008
v 0.007593 -0.003665 0.005571
v -0.007961 -0.004294 0.006885
v -0.007267 -0.004406 0.007032
v -0.007713 -0.004393 0.006291
v 0.003306 -0.004412 0.007024
v -0.006681 -0.004386 0.005855
v 0.005103 -0.004301 0.006695
v 0.004828 -0.004399 0.006274
v -0.007944 -0.004045 -0.006446
v -0.005793 -0.004151 -0.007657
v -0.007614 -0.004165 -0.006786
v 0.003316 -0.004154 -0.007741
v -0.001226 -0.004175 -0.006377
v 0.005093 -0.004032 -0.007497
v 0.004835 -0.004171 -0.006821
v -0.005857 -0.004214 -0.004020
v -0.008659 -0.004195 -0.004996
v -0.007479 -0.004341 0.003313
v -0.008895 -0.004248 -0.001967
v -0.008717 -0.004356 0.004191
v 0.005095 -0.004285 0.005747
v 0.003757 -0.004351 0.003538
v 0.005825 -0.004367 0.004386
v 0.003016 -0.004230 -0.003352
v 0.005355 -0.004326 0.002052
v 0.005944 -0.004209 -0.004681
v 0.004822 -0.004251 -0.002247
v 0.010105 -0.004287 -0.000302
v -0.008779 -0.004316 0.001898
v -0.000615 -0.004283 -0.000214
v -0.011496 -0.004277 -0.000267
v 0.006809 -0.002891 -0.000387
v 0.006666 -0.002949 0.002974
v 0.006631 -0.002831 -0.003803
v -0.008836 -0.002811 -0.004499
v -0.004407 -0.002797 -0.005407
v -0.008981 -0.002883 -0.000335
v -0.004493 -0.002849 -0.002428
v -0.008894 -0.002948 0.003381
v -0.004454 -0.002919 0.001540
v -0.004402 -0.002974 0.004741
v -0.000264 -0.002822 -0.004097
v 0.003422 -0.002805 -0.005218
v -0.000307 -0.002888 -0.000364
v 0.003470 -0.002857 -0.002220
v -0.000190 -0.002949 0.003155
v 0.003484 -0.002920 0.001385
v 0.003497 -0.002974 0.004504
v -0.001865 0.003750 0.006526
v -0.003130 0.004550 -0.006862
v -0.000752 0.004182 -0.007062
v -0.001999 0.004070 -0.006951
v -0.004215 0.000936 0.008416
v -0.005198 0.001516 0.008296
v -0.004250 -0.000603 0.008484
v -0.005849 0.000092 0.008518
v -0.004309 -0.002838 0.008065
v -0.005923 -0.001149 0.008421
v -0.006441 -0.004207 0.007391
v -0.005368 -0.003597 0.007760
v -0.000197 -0.004390 0.005890
v -0.004526 -0.004408 0.007060
v -0.007588 -0.004289 0.000304
v -0.004788 -0.004340 0.003150
v -0.006115 -0.004247 -0.002133
v 0.001501 0.000879 0.008432
v 0.002892 0.001778 0.008195
v 0.005473 -0.000665 0.008451
v 0.002692 0.000087 0.008498
v 0.003349 -0.002865 0.008043
v 0.002655 -0.001248 0.008384
v 0.000540 -0.004211 0.007411
v 0.002146 -0.003600 0.007742
v -0.005330 -0.002179 0.008241
v -0.007168 -0.001618 0.008342
v 0.002198 -0.002272 0.008207
v -0.004272 -0.001634 0.008333
v 0.004103 -0.001812 0.008283
v -0.002037 0.004772 0.007161
v -0.003563 0.003395 0.007701
v -0.002903 0.004247 0.007437
v -0.001931 0.000925 0.008414
v -0.003116 0.002143 0.008094
v -0.001915 -0.000611 0.008477
v -0.003157 0.000054 0.008511
v -0.001901 -0.001676 0.008320
v -0.003170 -0.001148 0.008415
v -0.001885 -0.002846 0.008058
v -0.003185 -0.002206 0.008231
v -0.003422 -0.004209 0.007420
v -0.003216 -0.003598 0.007755
v -0.001948 0.003282 0.007737
v -0.000897 0.004073 0.007505
v 0.000438 0.000930 0.008418
v -0.000767 0.002033 0.008123
v 0.000833 -0.000584 0.008470
v -0.000568 0.000089 0.008506
v 0.000838 -0.001726 0.008305
v -0.000551 -0.001180 0.008403
v 0.000868 -0.002855 0.008050
v -0.000513 -0.002238 0.008219
v -0.001532 -0.004210 0.007416
v -0.000460 -0.003599 0.007748
v -0.014749 -0.002215 0.006891
v -0.014736 -0.002436 0.006299
v -0.015123 -0.001671 0.006230
v -0.014878 -0.002036 0.006691
v -0.014996 -0.000231 0.007619
v -0.015157 -0.000868 0.006720
v -0.014980 0.001463 0.007462
v -0.015345 0.000855 0.006717
v -0.015072 0.004640 0.004891
v -0.015150 0.003261 0.006142
v -0.014779 -0.002129 -0.006686
v -0.014653 -0.002261 -0.006983
v -0.015070 -0.001492 -0.006566
v -0.014803 -0.001859 -0.007242
v -0.015627 0.000643 -0.005951
v -0.015155 -0.000630 -0.006994
v -0.015576 0.002285 -0.005612
v -0.015393 0.001135 -0.006783
v -0.014805 0.004780 -0.006549
v -0.015189 0.003508 -0.006304
v -0.010780 -0.002052 -0.008674
v -0.013155 -0.002081 -0.007990
v -0.013901 -0.001345 -0.008985
v -0.012561 -0.001787 -0.008928
v -0.013994 -0.000303 -0.009101
v -0.012391 -0.000988 -0.009039
v -0.009910 0.001225 -0.008994
v -0.012603 0.000367 -0.009113
v -0.014036 0.003470 -0.008229
v -0.012601 0.002332 -0.008644
v -0.012430 0.005035 -0.007595
v -0.013152 0.004402 -0.007915
v -0.010972 -0.004191 0.004989
v -0.011001 -0.003065 0.006008
v -0.012412 -0.003682 0.005649
v -0.011023 -0.002416 0.006555
v -0.012796 -0.002663 0.006291
v -0.013752 -0.002274 0.008022
v -0.012832 -0.002348 0.007303
v -0.013717 -0.001636 0.008355
v -0.012290 -0.002086 0.008273
v -0.008940 -0.000585 0.008492
v -0.012160 -0.001175 0.008431
v -0.013822 0.000916 0.008446
v -0.012095 0.000095 0.008533
v -0.011016 0.003245 0.007763
v -0.012344 0.002091 0.008130
v -0.013575 0.004791 0.007180
v -0.012811 0.004149 0.007487
v 0.006259 -0.002014 -0.006361
v 0.007336 -0.000742 -0.006410
v 0.003736 -0.000169 -0.007000
v 0.005054 -0.001205 -0.006644
v 0.000714 -0.002026 -0.006355
v 0.002392 -0.001155 -0.006627
v -0.004029 -0.002023 -0.006240
v -0.001677 -0.001082 -0.006556
v -0.006768 -0.000086 -0.006996
v -0.005634 -0.001162 -0.006577
v -0.008482 -0.002023 -0.006252
v -0.007714 -0.001158 -0.006571
v -0.009631 -0.001989 -0.006207
v -0.009112 -0.001049 -0.006486
v -0.010754 -0.001934 -0.006136
v -0.010159 -0.000919 -0.006363
v -0.012901 0.000983 -0.006038
v -0.011757 -0.000790 -0.006221
v 0.006534 -0.002397 0.005754
v 0.007455 -0.001284 0.005759
v 0.003873 -0.000704 0.006350
v 0.005217 -0.001746 0.006007
v 0.001065 -0.002430 0.005798
v 0.002648 -0.001655 0.006001
v -0.004089 -0.002541 0.005945
v -0.001404 -0.001740 0.006049
v -0.008258 -0.000711 0.006159
v -0.006466 -0.001779 0.006019
v -0.009838 -0.000397 0.006030
v -0.009294 -0.001574 0.005835
v -0.011122 -0.002214 0.005568
v -0.010467 -0.001371 0.005740
v -0.012527 -0.002133 0.005360
v -0.011959 -0.001226 0.005651
v -0.012673 -0.001093 0.005457
v -0.013292 -0.002220 0.003434
v -0.013140 -0.001001 0.004697
v -0.014095 0.000447 -0.000190
v -0.013711 -0.001358 0.001743
v -0.013317 -0.002162 -0.004552
v -0.013718 -0.001308 -0.002494
v -0.013195 -0.000831 -0.005452
v -0.002030 -0.000445 -0.009111
v 0.001481 0.000360 -0.009147
v -0.001105 -0.002427 -0.008809
v 0.002196 -0.001446 -0.009011
v -0.000583 -0.003939 -0.008168
v 0.002626 -0.003317 -0.008521
v -0.009567 -0.000427 -0.009095
v -0.006286 0.000364 -0.009128
v -0.006858 -0.002411 -0.008797
v -0.005488 -0.001407 -0.008998
v -0.004773 -0.003937 -0.008158
v -0.004175 -0.003314 -0.008505
vn 0.1471 -0.0713 -0.9865
vn 0.1426 0.0569 -0.9881
vn 0.3127 0.0371 -0.9491
vn 0.3112 -0.1403 -0.9399
vn 0.1364 0.2059 -0.9690
vn 0.3094 0.2206 -0.9250
vn 0.5091 0.2950 -0.8086
vn 0.5373 0.0215 -0.8431
vn 0.5164 -0.2439 -0.8209
vn 0.1354 0.2888 -0.9478
vn 0.3140 0.3509 -0.8822
vn 0.1852 0.3893 -0.9023
vn 0.3278 0.4492 -0.8311
vn 0.4432 0.6424 -0.6253
vn 0.4800 0.4763 -0.7367
vn 0.1870 -0.1311 0.9736
vn 0.3541 -0.1998 0.9136
vn 0.3558 0.0032 0.9346
vn 0.1831 0.0165 0.9830
vn 0.5200 -0.2883 0.8040
vn 0.5388 -0.0105 0.8424
vn 0.5102 0.2671 0.8175
vn 0.3505 0.2015 0.9146
vn 0.1791 0.1719 0.9687
vn 0.3565 0.3257 0.8757
vn 0.1850 0.2523 0.9498
vn 0.4817 0.4330 0.7619
vn 0.4589 0.5753 0.6771
vn 0.3740 0.4090 0.8324
vn 0.2366 0.3479 0.9072
vn -0.1503 -0.6798 -0.7178
vn 0.4392 -0.6188 -0.6513
vn 0.4587 -0.7558 -0.4673
vn 0.1668 -0.9749 -0.1475
vn 0.4586 -0.4171 -0.7847
vn 0.5604 -0.5875 -0.5838
vn 0.6188 -0.5839 -0.5255
vn 0.4834 -0.7672 -0.4215
vn 0.2460 -0.9448 -0.2163
vn 0.4064 -0.2930 -0.8654
vn 0.5932 -0.3267 -0.7358
vn 0.4644 -0.2746 -0.8420
vn 0.6311 -0.3896 -0.6708
vn 0.7150 0.3512 -0.6045
vn 0.7698 -0.0037 -0.6383
vn 0.8530 0.3694 -0.3688
vn 0.9187 -0.0111 -0.3948
vn 0.8367 -0.3972 -0.3771
vn 0.7075 -0.3584 -0.6091
vn 0.6237 0.5727 -0.5319
vn 0.5070 0.7540 -0.4177
vn 0.5460 0.8082 -0.2209
vn 0.7198 0.6202 -0.3118
vn 0.3275 -0.9303 -0.1652
vn 0.5719 -0.7754 -0.2679
vn 0.5804 -0.8029 -0.1359
vn 0.2166 -0.9747 -0.0556
vn 0.7065 -0.6333 -0.3158
vn 0.7439 -0.6507 -0.1523
vn 0.7657 -0.6430 -0.0174
vn 0.5905 -0.8068 -0.0186
vn 0.2221 -0.9749 -0.0138
vn 0.7515 -0.5555 -0.3559
vn 0.7962 -0.5834 -0.1602
vn 0.8974 -0.4066 -0.1714
vn 0.9114 -0.4114 -0.0095
vn 0.8080 -0.5890 -0.0135
vn 0.9133 0.3749 -0.1593
vn 0.9843 -0.0153 -0.1759
vn 0.9269 0.3753 0.0045
vn 0.9998 -0.0194 -0.0026
vn 0.7601 0.6363 -0.1318
vn 0.5406 0.8372 -0.0830
vn 0.5525 0.8334 0.0146
vn 0.7719 0.6357 0.0103
vn 0.5664 -0.8156 0.1184
vn 0.2277 -0.9731 0.0340
vn 0.7452 -0.6520 0.1398
vn 0.6808 -0.6516 0.3346
vn 0.5244 -0.8057 0.2754
vn 0.3329 -0.9327 0.1390
vn 0.7962 -0.5894 0.1370
vn 0.8988 -0.4103 0.1543
vn 0.8364 -0.3988 0.3761
vn 0.7418 -0.5772 0.3415
vn 0.9846 -0.0213 0.1735
vn 0.9131 0.3699 0.1713
vn 0.8463 0.3565 0.3959
vn 0.9128 -0.0223 0.4078
vn 0.7633 0.6283 0.1505
vn 0.5385 0.8360 0.1056
vn 0.5436 0.7988 0.2577
vn 0.7214 0.5951 0.3542
vn 0.4362 -0.8160 0.3794
vn 0.2006 -0.9757 0.0881
vn 0.5812 -0.6210 0.5259
vn 0.5124 -0.5485 0.6608
vn 0.4297 -0.7413 0.5156
vn 0.3495 -0.9164 0.1950
vn 0.3592 -0.9190 0.1624
vn 0.1432 -0.9836 0.1100
vn 0.6231 -0.5341 0.5713
vn 0.6944 -0.3622 0.6217
vn 0.5096 -0.4224 0.7496
vn 0.7497 -0.0200 0.6615
vn 0.6982 0.3268 0.6369
vn 0.6162 0.5366 0.5765
vn 0.5136 0.7174 0.4707
vn 0.3724 0.8011 -0.4685
vn 0.3966 0.8706 -0.2912
vn 0.2453 0.8737 -0.4201
vn 0.2796 0.9413 -0.1890
vn 0.2719 0.9593 -0.0759
vn 0.3950 0.9099 -0.1267
vn 0.3667 0.9297 -0.0334
vn 0.2520 0.9672 -0.0310
vn 0.2383 0.9710 -0.0197
vn 0.3124 0.9499 -0.0097
vn 0.3290 0.9442 0.0156
vn 0.3813 0.9243 0.0152
vn 0.3670 0.9281 0.0634
vn 0.2916 0.9530 0.0824
vn 0.1330 0.9872 0.0878
vn 0.2557 0.9655 0.0490
vn 0.2719 0.9562 0.1086
vn 0.3940 0.9064 0.1526
vn 0.4012 0.8557 0.3269
vn 0.2760 0.9368 0.2150
vn 0.2646 0.8556 0.4449
vn 0.4003 0.7514 0.5245
vn -0.9368 -0.3499 -0.0047
vn -0.9309 -0.3583 0.0707
vn -0.9734 -0.2155 0.0775
vn -0.9768 -0.2139 -0.0025
vn -0.9219 -0.3698 0.1158
vn -0.9654 -0.2169 0.1448
vn -0.9832 -0.0669 0.1698
vn -0.9934 -0.0771 0.0849
vn -0.9967 -0.0809 -0.0005
vn -0.4097 -0.9121 -0.0156
vn -0.4034 -0.9143 0.0358
vn -0.7869 -0.6147 0.0539
vn -0.7876 -0.6161 -0.0095
vn -0.5960 -0.8026 0.0256
vn -0.7997 -0.5940 0.0873
vn 0.3344 0.6268 0.7038
vn 0.2458 0.5892 0.7697
vn 0.1997 0.6369 -0.7447
vn 0.2849 0.6781 -0.6775
vn 0.6256 0.7800 0.0109
vn 0.6156 0.7859 -0.0576
vn 0.9642 0.2350 -0.1229
vn 0.9749 0.2225 0.0019
vn 0.3011 0.9533 -0.0244
vn 0.5700 0.8177 -0.0805
vn 0.8209 0.5596 -0.1141
vn 0.9758 0.1198 -0.1829
vn 0.9770 0.0790 -0.1979
vn 0.9912 0.0660 -0.1144
vn 0.9985 0.0556 -0.0022
vn -0.4247 0.8995 -0.1025
vn -0.9042 0.3579 -0.2332
vn -0.8434 0.3559 -0.4026
vn -0.4514 0.8683 -0.2056
vn -0.9601 -0.0297 -0.2781
vn -0.8839 0.0112 -0.4676
vn -0.8101 0.0146 -0.5862
vn -0.7320 0.2024 -0.6505
vn -0.5254 0.7359 -0.4271
vn -0.6321 0.7747 0.0160
vn -0.9872 0.1591 -0.0048
vn -0.9096 0.4097 -0.0693
vn -0.3715 0.9283 0.0147
vn -1.0000 -0.0033 0.0020
vn -0.9938 -0.0328 -0.1065
vn -0.4266 0.9039 -0.0321
vn -0.2876 0.9575 0.0197
vn -0.4866 0.8717 0.0583
vn -0.9477 0.2984 0.1134
vn -0.4502 0.8815 0.1424
vn -0.9022 0.3284 0.2796
vn -0.9583 -0.0054 0.2857
vn -0.9941 -0.0072 0.1084
vn -0.4362 0.8748 0.2109
vn -0.8310 0.3549 0.4284
vn -0.5357 0.7711 0.3441
vn -0.7285 0.1279 0.6730
vn -0.7375 -0.0266 0.6748
vn -0.8738 -0.0080 0.4862
vn -0.5558 0.6363 -0.5349
vn -0.6430 0.6537 -0.3990
vn -0.3531 0.9035 -0.2430
vn -0.3356 0.7641 -0.5510
vn -0.7170 0.6708 -0.1896
vn -0.3596 0.9285 -0.0926
vn -0.2598 0.9638 -0.0603
vn -0.2609 0.9463 -0.1910
vn -0.2102 0.8166 -0.5375
vn -0.1151 0.8243 -0.5543
vn -0.1452 0.2610 -0.9544
vn -0.0800 0.2409 -0.9672
vn -0.1722 0.7869 -0.5926
vn -0.1812 0.0403 -0.9826
vn -0.0553 0.0203 -0.9983
vn -0.0024 0.0176 -0.9998
vn -0.0520 0.2491 -0.9671
vn -0.2032 0.7699 -0.6049
vn -0.8390 0.1850 -0.5118
vn -0.9469 0.2032 -0.2493
vn -0.6169 0.2406 -0.7494
vn -0.6279 0.0139 -0.7782
vn -0.8460 0.0098 -0.5330
vn -0.9642 0.0051 -0.2650
vn -0.5229 -0.7125 -0.4679
vn -0.3897 -0.7793 -0.4907
vn -0.3891 -0.8821 -0.2653
vn -0.5960 -0.7050 -0.3843
vn -0.3094 -0.8233 -0.4758
vn -0.3436 -0.9089 -0.2362
vn -0.3421 -0.9322 -0.1185
vn -0.3910 -0.9107 -0.1330
vn -0.6440 -0.7388 -0.1984
vn -0.7196 0.6943 0.0136
vn -0.7296 0.6838 -0.0114
vn -0.9784 0.2051 -0.0243
vn -0.9786 0.2058 0.0066
vn -0.9996 0.0010 -0.0287
vn -1.0000 0.0005 0.0024
vn -0.7217 0.6829 0.1129
vn -0.7251 0.6886 0.0067
vn -0.9779 0.2087 -0.0080
vn -0.9693 0.2097 0.1281
vn -0.9999 0.0007 -0.0131
vn -0.9916 -0.0017 0.1296
vn -0.7432 -0.6690 -0.0101
vn -0.7328 -0.6772 0.0659
vn -0.4205 -0.9070 0.0251
vn -0.4295 -0.9029 -0.0148
vn -0.7031 -0.6829 0.1983
vn -0.4045 -0.9091 0.0998
vn -0.3352 -0.9390 0.0766
vn -0.3459 -0.9382 0.0145
vn -0.3519 -0.9359 -0.0150
vn -0.5682 0.6503 0.5042
vn -0.6679 0.6690 0.3262
vn -0.9039 0.2019 0.3771
vn -0.6775 0.2362 0.6965
vn -0.9212 -0.0063 0.3891
vn -0.6792 -0.0124 0.7339
vn -0.3427 0.7481 0.5682
vn -0.3400 0.9155 0.2150
vn -0.2379 0.7764 0.5836
vn -0.2466 0.9500 0.1913
vn -0.2511 0.9658 0.0650
vn -0.3465 0.9351 0.0738
vn -0.0480 0.9987 0.0175
vn -0.0494 0.9987 0.0126
vn -0.1777 0.9841 -0.0008
vn -0.1769 0.9841 0.0176
vn -0.0520 0.9986 0.0035
vn -0.1816 0.9826 -0.0401
vn -0.2595 0.9638 -0.0611
vn -0.2625 0.9649 -0.0073
vn -0.2670 0.9635 0.0172
vn -0.3532 0.9354 0.0184
vn -0.2602 0.9653 0.0238
vn -0.2660 0.9638 0.0164
vn -0.3561 0.9343 0.0159
vn -0.0963 0.7963 0.5972
vn -0.1710 0.7666 0.6190
vn -0.1347 0.1971 0.9711
vn -0.0997 0.2227 0.9698
vn -0.2352 0.7313 0.6402
vn -0.1563 0.1931 0.9687
vn -0.1246 -0.0172 0.9921
vn -0.1336 -0.0096 0.9910
vn -0.1567 0.0242 0.9873
vn -0.6360 -0.6588 0.4018
vn -0.3958 -0.8894 0.2288
vn -0.3889 -0.4210 0.8194
vn -0.2140 -0.8371 0.5034
vn -0.3076 -0.8089 0.5010
vn -0.3268 -0.9257 0.1906
vn -0.3921 -0.9193 -0.0326
vn -0.6523 -0.7572 -0.0345
vn -0.3449 -0.9380 -0.0350
vn -0.3505 -0.9364 -0.0142
vn -0.3949 -0.9186 -0.0136
vn -0.6443 -0.7647 -0.0104
vn 0.9722 0.1267 -0.1969
vn 0.9860 0.1221 -0.1137
vn 0.9698 0.1414 -0.1986
vn 0.9835 0.1401 -0.1143
vn 0.9904 0.1379 -0.0020
vn 0.9930 0.1185 -0.0018
vn -0.9660 0.1837 0.1820
vn -0.9538 0.2467 0.1717
vn -0.9686 0.2268 0.1023
vn -0.9818 0.1634 0.0963
vn -0.7977 0.5845 0.1483
vn -0.8146 0.5716 0.0985
vn -0.8279 0.5608 0.0120
vn -0.9774 0.2114 0.0058
vn -0.9889 0.1482 0.0037
vn 0.9813 0.0574 0.1838
vn 0.9791 0.0905 0.1821
vn 0.9348 0.0887 0.3438
vn 0.9312 0.0706 0.3575
vn 0.9774 0.1193 0.1743
vn 0.9642 0.1176 0.2378
vn 0.9524 0.1174 0.2814
vn 0.9056 0.1124 0.4089
vn 0.6474 0.1173 0.7531
vn 0.6904 0.1029 0.7161
vn 0.6819 0.0577 0.7292
vn 0.7923 0.5941 0.1392
vn 0.9784 0.1084 0.1760
vn 0.9144 0.1897 0.3577
vn 0.5796 0.7827 0.2266
vn 0.6414 0.2238 0.7339
vn 0.4118 0.8255 0.3860
vn -0.9478 0.2601 -0.1846
vn -0.8237 0.5255 -0.2129
vn -0.9121 0.1809 -0.3679
vn -0.9560 0.1836 -0.2288
vn -0.5472 0.7381 -0.3947
vn -0.7222 0.3394 -0.6027
vn -0.5339 0.2983 -0.7912
vn -0.6838 0.2215 -0.6952
vn -0.7056 0.1576 -0.6909
vn -0.9240 0.1184 -0.3635
vn -0.9541 0.1316 -0.2689
vn -0.9222 -0.3640 -0.1308
vn -0.7833 -0.6099 -0.1201
vn -0.7870 -0.6123 -0.0754
vn -0.9321 -0.3526 -0.0834
vn -0.6382 -0.7626 -0.1055
vn -0.4208 -0.9065 -0.0356
vn -0.9843 -0.0666 -0.1632
vn -0.9657 -0.2132 -0.1480
vn -0.9735 -0.2121 -0.0853
vn -0.9935 -0.0738 -0.0866
vn -0.8157 0.5738 -0.0733
vn -0.9704 0.2240 -0.0906
vn -0.8045 0.5813 -0.1215
vn -0.9585 0.2378 -0.1571
vn -0.9702 0.1756 -0.1672
vn -0.9832 0.1597 -0.0881
vn -0.9222 0.2996 0.2446
vn -0.7934 0.5797 0.1854
vn -0.9437 0.2327 0.2351
vn -0.9375 0.2020 0.2832
vn -0.9426 0.1752 0.2842
vn -0.9327 0.1417 0.3316
vn 0.8992 0.2267 -0.3742
vn 0.9186 0.0761 -0.3877
vn 0.5845 0.7806 -0.2214
vn 0.3981 0.8266 -0.3977
vn 0.5952 0.2540 -0.7624
vn 0.6363 0.0596 -0.7691
vn 0.9166 0.1286 -0.3785
vn 0.9156 0.1448 -0.3750
vn 0.6453 0.1155 -0.7551
vn 0.6544 0.1299 -0.7449
vn 0.9928 0.0537 0.1067
vn 0.9659 0.2281 0.1227
vn 0.5698 0.8154 0.1016
vn 0.2667 0.9615 0.0656
vn 0.6134 0.7860 0.0770
vn 0.9886 0.1080 0.1052
vn 0.9863 0.1294 0.1020
vn 0.0584 0.8245 0.5628
vn 0.0836 0.5681 0.8187
vn -0.3195 0.7575 0.5693
vn -0.4795 0.6172 0.6238
vn -0.6099 0.5897 0.5295
vn -0.0174 0.4420 0.8968
vn -0.6308 0.6531 -0.4191
vn -0.4760 0.6551 -0.5867
vn 0.0527 0.6200 -0.7828
vn -0.0524 0.5192 -0.8530
vn -0.3278 0.7735 -0.5425
vn 0.0335 0.8403 -0.5411
vn 0.4979 0.0265 0.8668
vn 0.7644 0.6182 0.1832
vn 0.7057 0.6559 0.2678
vn 0.2607 -0.1939 0.9457
vn 0.5078 0.7236 -0.4674
vn 0.3579 0.7120 -0.6041
vn 0.2138 0.8456 -0.4891
vn 0.3747 0.9258 0.0508
vn 0.2212 0.7340 0.6421
vn 0.5062 0.2028 0.8382
vn 0.2179 -0.3152 0.9237
vn 0.2197 0.6345 -0.7411
vn 0.4800 0.8772 0.0087
vn 0.3942 0.9076 0.1446
vn 0.2988 0.5220 0.7989
vn 0.3508 0.5195 0.7792
vn 0.3819 0.7481 0.5427
vn 0.4201 0.8615 0.2852
vn 0.4464 0.8016 0.3977
vn 0.3417 0.5531 0.7598
vn 0.1767 0.8957 0.4080
vn 0.0116 0.9615 0.2746
vn 0.0761 0.9766 0.2012
vn 0.2139 0.9345 0.2845
vn -0.0886 0.9810 0.1726
vn -0.0869 0.9854 0.1465
vn -0.0787 0.8877 0.4536
vn 0.0737 0.6928 0.7173
vn 0.1496 0.7554 0.6379
vn -0.6523 0.7529 -0.0874
vn -0.7414 0.6169 0.2642
vn -0.4124 0.8884 0.2016
vn -0.2993 0.9514 -0.0724
vn -0.5729 0.3326 0.7491
vn -0.3029 0.5398 0.7854
vn -0.9654 0.2310 0.1212
vn -0.8266 0.1358 0.5462
vn -0.8792 0.4632 -0.1119
vn -0.9294 0.3645 -0.0576
vn -0.7088 0.3019 0.6375
vn -0.6139 0.7871 0.0606
vn 0.3483 0.5302 -0.7730
vn 0.2506 0.1356 -0.9585
vn 0.6133 0.7206 -0.3234
vn 0.5809 0.8138 -0.0162
vn 0.4309 -0.0776 -0.8991
vn 0.7432 0.5556 -0.3728
vn 0.6809 0.7214 0.1265
vn 0.5524 0.6965 0.4580
vn 0.3434 0.6071 0.7166
vn 0.1840 0.8551 -0.4847
vn 0.3085 0.8178 -0.4857
vn 0.2225 0.9643 -0.1439
vn 0.2320 0.9223 -0.3090
vn 0.4275 0.8315 -0.3548
vn 0.3464 0.9303 0.1209
vn 0.1500 0.7908 0.5934
vn 0.1843 0.7511 -0.6340
vn 0.1822 0.8385 -0.5136
vn 0.0926 0.9727 -0.2129
vn 0.0532 0.9421 -0.3311
vn 0.0476 0.7619 -0.6459
vn -0.0953 0.9162 -0.3892
vn -0.0767 0.9897 -0.1211
vn -0.0995 0.9642 -0.2457
vn -0.9343 0.3469 0.0822
vn -0.8652 0.4812 -0.1411
vn -0.6681 0.1848 -0.7208
vn -0.9632 0.1983 -0.1814
vn -0.9015 0.3352 -0.2740
vn -0.7100 0.6956 -0.1094
vn -0.7401 0.6481 -0.1794
vn -0.6871 0.4847 -0.5412
vn 0.2435 0.8086 0.5356
vn 0.8027 0.5899 -0.0879
vn 0.7477 0.5627 -0.3526
vn 0.0236 0.9919 0.1247
vn 0.8133 0.1019 -0.5728
vn 0.1947 0.3695 -0.9086
vn -0.1406 0.9116 -0.3864
vn -0.0136 0.9644 -0.2642
vn -0.0508 0.9936 0.1008
vn 0.0015 0.9879 0.1551
vn -0.0254 0.7548 -0.6555
vn -0.6019 0.6755 0.4260
vn -0.1326 0.7945 0.5926
vn 0.0433 0.6221 0.7817
vn 0.0114 0.7708 0.6369
vn -0.3304 0.5912 0.7357
vn -0.0706 0.6843 0.7258
vn -0.0759 0.9970 -0.0143
vn -0.6115 0.7896 0.0497
vn -0.0344 0.7738 -0.6325
vn -0.2681 0.7040 -0.6576
vn 0.4862 0.7343 -0.4737
vn 0.3700 0.6053 -0.7048
vn 0.0678 0.4412 -0.8948
vn 0.3595 0.6938 -0.6240
vn 0.2948 0.6085 -0.7368
vn 0.0425 0.3679 -0.9289
vn -0.0039 0.3306 -0.9438
vn -0.0033 0.3755 -0.9268
vn -0.0078 0.4782 -0.8782
vn 0.0765 0.7704 -0.6329
vn 0.2217 0.8190 -0.5292
vn -0.4399 0.2694 0.8567
vn -0.0663 0.2976 0.9524
vn -0.1492 0.4071 0.9011
vn -0.6568 0.3532 0.6662
vn 0.0019 0.2985 0.9544
vn 0.0110 0.3483 0.9373
vn 0.0127 0.4720 0.8815
vn -0.1397 0.7990 0.5848
vn -0.5024 0.7347 0.4558
vn 0.5649 0.8200 -0.0923
vn 0.4612 0.8823 -0.0939
vn 0.2366 0.6407 -0.7304
vn 0.5934 0.6246 0.5077
vn 0.4657 0.6818 0.5642
vn 0.3643 0.7653 0.5307
vn 0.3431 0.9393 -0.0058
vn 0.1894 0.8378 -0.5121
vn 0.2652 0.9611 -0.0765
vn 0.1458 0.7183 -0.6803
vn 0.2852 0.8114 0.5101
vn 0.1826 0.8712 0.4558
vn 0.1740 0.9847 0.0016
vn 0.0920 0.8846 -0.4572
vn 0.0483 0.9934 0.1045
vn -0.0351 0.8774 0.4784
vn 0.0116 0.9332 0.3592
vn -0.1067 0.9605 0.2569
vn -0.1127 0.9919 0.0579
vn -0.1260 0.9920 0.0064
vn -0.2106 0.9223 0.3241
vn -0.2918 0.9563 0.0206
vn -0.2864 0.7302 0.6203
vn -0.3986 0.4513 0.7984
vn -0.5889 0.2801 0.7581
vn -0.6990 0.7109 0.0777
vn -0.6807 0.6728 -0.2898
vn -0.3027 0.7515 -0.5861
vn 0.4085 0.7316 0.5458
vn 0.2206 0.6925 0.6869
vn 0.4687 0.8826 0.0374
vn 0.6001 0.7999 -0.0111
vn 0.2550 0.8872 0.3845
vn 0.3294 0.9442 -0.0054
vn 0.2822 0.7730 -0.5681
vn 0.4597 0.6597 -0.5945
vn 0.5994 0.6052 -0.5239
vn 0.1888 0.7215 0.6662
vn 0.2627 0.9458 0.1908
vn 0.1235 0.7736 0.6215
vn 0.1922 0.9617 0.1953
vn 0.2244 0.9742 -0.0256
vn 0.1884 0.9202 -0.3432
vn -0.1055 0.9936 -0.0395
vn -0.1410 0.9747 0.1733
vn -0.3755 0.9228 0.0861
vn -0.1875 0.9733 -0.1327
vn -0.1360 0.7964 0.5893
vn -0.3725 0.7941 0.4803
vn -0.6476 0.7134 0.2677
vn -0.6307 0.7374 -0.2417
vn -0.4084 0.6908 -0.5966
vn -0.6757 0.6979 -0.2375
vn -0.9850 0.1540 -0.0784
vn -0.2717 0.4575 -0.8467
vn -0.7250 -0.2601 -0.6378
vn 0.6454 0.5017 -0.5759
vn 0.4849 0.5816 -0.6531
vn 0.6466 0.7628 0.0006
vn 0.7248 0.6877 -0.0415
vn 0.2864 0.7450 -0.6024
vn 0.3296 0.9438 -0.0252
vn 0.2849 0.8212 0.4945
vn 0.4173 0.7013 0.5779
vn 0.3588 0.7126 0.6029
vn -0.2375 0.1248 0.9633
vn 0.4446 0.5358 0.7178
vn 0.4703 0.5218 0.7117
vn 0.5369 0.7282 0.4260
vn -0.2330 0.9665 0.1082
vn -0.0382 0.9990 -0.0214
vn -0.5793 0.4260 0.6949
vn -0.0963 0.9790 0.1798
vn 0.0459 0.1776 0.9830
vn -0.3758 0.7365 -0.5624
vn -0.0036 0.3543 0.9351
vn 0.0075 0.1671 0.9859
vn -0.0397 0.9989 0.0233
vn -0.4826 -0.0078 0.8758
vn 0.0301 0.2208 -0.9749
vn -0.0023 0.2136 -0.9769
vn 0.0008 0.3352 -0.9421
vn 0.2104 0.4964 0.8422
vn -0.3431 0.9305 -0.1284
vn -0.1643 0.6286 -0.7602
vn -0.6892 0.4782 -0.5443
vn -0.4384 0.1625 -0.8840
vn -0.1691 0.3335 -0.9274
vn 0.0567 0.2877 -0.9560
vn 0.1031 0.4864 -0.8676
vn -0.0220 0.7342 0.6786
vn -0.0399 0.8187 0.5728
vn -0.0834 0.2735 0.9583
vn -0.0650 0.3140 0.9472
vn -0.1602 0.0743 0.9843
vn -0.1738 0.1991 0.9644
vn 0.3420 0.6349 -0.6928
vn 0.7160 0.6645 0.2140
vn 0.2676 -0.1769 0.9472
vn 0.2971 0.8891 0.3482
vn 0.3048 0.8770 0.3715
vn -0.8975 0.4328 0.0846
vn -0.8518 0.4678 0.2357
vn 0.3950 0.7436 -0.5395
vn 0.4719 0.8693 0.1470
vn 0.2294 0.6699 0.7061
vn -0.3890 0.9162 -0.0962
vn -0.6219 0.7831 0.0019
vn -0.8882 0.4473 0.1048
vn -0.7242 0.3366 -0.6018
vn -0.8094 0.1527 -0.5670
vn 0.5236 -0.3345 -0.7836
vn 0.8035 0.5508 -0.2258
vn 0.5125 0.7199 0.4681
vn -0.0009 0.2474 0.9689
vn 0.0289 0.3248 0.9453
vn -0.0008 0.2786 0.9604
vn -0.0068 0.1836 0.9830
vn 0.0436 0.3088 0.9501
vn 0.0011 0.2896 0.9571
vn 0.0004 0.2752 0.9614
vn -0.0028 0.1818 0.9833
vn -0.0502 0.3740 -0.9261
vn -0.3984 0.5896 -0.7026
vn -0.3578 0.4917 -0.7939
vn -0.0305 0.3582 -0.9331
vn -0.0003 0.2167 -0.9762
vn -0.0055 0.1991 -0.9800
vn -0.0054 0.4623 -0.8867
vn 0.0274 0.4006 0.9159
vn 0.1896 0.4658 0.8643
vn 0.0353 0.4274 -0.9034
vn -0.3996 0.4987 -0.7691
vn 0.2295 0.7528 0.6170
vn 0.0594 0.9944 -0.0879
vn -0.0562 0.9972 -0.0491
vn 0.2897 0.6840 0.6695
vn 0.3083 0.9499 0.0509
vn -0.1645 0.8255 -0.5399
vn -0.0029 0.2214 -0.9752
vn 0.0316 0.3699 -0.9285
vn -0.0024 0.2214 -0.9752
vn -0.0028 0.3178 -0.9482
vn 0.2325 0.2031 -0.9512
vn 0.2102 0.0513 -0.9763
vn 0.2235 0.7732 -0.5934
vn 0.3356 0.1803 -0.9246
vn 0.2125 0.1002 -0.9720
vn 0.0200 0.5790 0.8151
vn -0.0071 0.8276 0.5613
vn 0.0116 0.4075 0.9131
vn 0.0213 0.3445 0.9386
vn -0.0062 0.8513 0.5246
vn -0.0030 0.4614 0.8872
vn 0.0135 0.3008 0.9536
vn 0.0351 0.2598 0.9650
vn 0.0196 0.2374 0.9712
vn -0.5906 0.2230 0.7755
vn -0.1127 0.2684 0.9567
vn -0.6066 0.1541 0.7800
vn -0.1413 0.1746 0.9745
vn 0.0016 0.1866 0.9824
vn 0.0033 0.2798 0.9601
vn 0.7049 0.7087 0.0282
vn 0.6479 0.7602 -0.0486
vn 0.6605 0.4718 0.5841
vn 0.6640 0.5728 0.4806
vn 0.6268 0.7777 0.0484
vn 0.4690 0.4956 0.7310
vn -0.6505 -0.1576 0.7430
vn -0.9401 0.3404 -0.0177
vn -0.9093 0.3765 0.1773
vn -0.3330 -0.3827 0.8618
vn -0.3320 -0.2848 0.8993
vn -0.9288 0.3589 0.0927
vn -0.0737 -0.2986 0.9515
vn -0.5434 0.2029 0.8146
vn 0.0690 0.9855 -0.1551
vn 0.0657 0.9843 0.1638
vn 0.0401 0.7656 0.6421
vn -0.7680 0.5458 0.3351
vn -0.8801 0.2690 -0.3913
vn -0.8604 0.3869 0.3317
vn -0.9271 0.1906 -0.3227
vn -0.4208 -0.1932 -0.8863
vn -0.3268 -0.1341 -0.9355
vn -0.9523 0.1518 -0.2649
vn -0.8410 0.4261 0.3333
vn -0.4859 -0.2081 -0.8489
vn 0.0295 0.7908 -0.6114
vn -0.1612 0.3575 -0.9199
vn -0.0640 0.2042 -0.9768
vn -0.0503 0.3915 -0.9188
vn 0.0202 0.3131 -0.9495
vn 0.0304 0.3749 -0.9266
vn 0.1020 0.2916 -0.9511
vn 0.1535 0.4416 -0.8840
vn 0.3102 0.3264 -0.8929
vn 0.2299 0.2364 -0.9441
vn 0.3531 0.1844 -0.9172
vn 0.4433 0.2769 -0.8525
vn 0.4436 0.2595 -0.8578
vn 0.6365 0.5853 -0.5022
vn 0.3403 0.1427 -0.9294
vn 0.0324 -0.3062 -0.9514
vn -0.0196 -0.2097 -0.9776
vn 0.2259 0.4373 -0.8705
vn 0.1216 0.2366 -0.9640
vn 0.0415 0.1583 -0.9865
vn 0.0924 0.1795 -0.9794
vn -0.6504 -0.0141 -0.7595
vn -0.6018 0.4233 -0.6773
vn -0.6184 -0.2712 -0.7376
vn -0.4649 -0.3637 -0.8072
vn -0.5092 -0.0159 -0.8605
vn -0.0036 0.4415 0.8973
vn -0.0418 0.2932 0.9551
vn 0.0054 0.8481 0.5298
vn -0.0122 0.3230 0.9463
vn 0.0016 0.4222 0.9065
vn 0.0207 0.3997 0.9164
vn 0.0023 0.2726 0.9621
vn -0.0054 0.7831 0.6219
vn 0.0212 0.8067 0.5906
vn 0.0802 0.2837 0.9556
vn 0.0340 0.3231 0.9458
vn 0.0277 0.3626 0.9315
vn 0.0577 0.3139 0.9477
vn 0.0218 0.5260 0.8502
vn 0.0101 0.6815 0.7318
vn -0.0198 0.5006 0.8655
vn -0.0148 0.3886 0.9213
vn 0.0092 0.3381 0.9411
vn -0.0240 0.4119 0.9109
vn -0.0216 0.3434 0.9389
vn -0.0282 0.7245 0.6887
vn 0.1434 0.2217 0.9645
vn 0.0661 0.2672 0.9614
vn 0.0547 0.3097 0.9493
vn 0.1013 0.2553 0.9616
vn 0.0253 0.3696 0.9288
vn 0.0068 0.6519 0.7583
vn 0.1033 0.1409 0.9846
vn 0.0446 0.1808 0.9825
vn 0.0807 0.2479 0.9654
vn 0.1514 0.1812 0.9717
vn -0.0098 0.3463 0.9381
vn 0.1836 0.8750 0.4480
vn 0.5142 0.0831 0.8536
vn 0.4133 0.3132 0.8550
vn 0.1228 0.2223 0.9672
vn 0.1614 0.1079 0.9810
vn 0.2814 0.6464 0.7092
vn 0.0780 0.7589 0.6465
vn -0.3009 0.4272 0.8527
vn 0.1815 -0.7431 -0.6441
vn 0.2585 -0.4983 -0.8275
vn -0.3253 -0.6534 0.6836
vn 0.1078 -0.5297 -0.8413
vn 0.1929 -0.0626 -0.9792
vn 0.1838 -0.1494 -0.9716
vn 0.3008 -0.2626 -0.9168
vn 0.3184 -0.2353 -0.9183
vn -0.1376 -0.5993 -0.7886
vn -0.6176 -0.7747 0.1358
vn -0.7099 -0.5224 0.4723
vn -0.4496 -0.6891 0.5683
vn -0.3157 -0.7660 0.5600
vn 0.5818 -0.7436 -0.3294
vn 0.7398 -0.5035 -0.4464
vn 0.8622 -0.4927 -0.1174
vn 0.6334 -0.7616 -0.1372
vn 0.8832 -0.3241 -0.3391
vn 0.9712 -0.2179 -0.0966
vn 0.9821 -0.1884 -0.0055
vn 0.8756 -0.4830 -0.0080
vn 0.6577 -0.7531 -0.0177
vn 0.0462 -0.8248 -0.5635
vn 0.2859 -0.7953 -0.5345
vn 0.3166 -0.9337 -0.1674
vn 0.0655 -0.9781 -0.1978
vn 0.3669 -0.9299 -0.0255
vn 0.1194 -0.9913 -0.0554
vn -0.7931 -0.6089 -0.0148
vn -0.3669 -0.9195 -0.1407
vn -0.5414 -0.6204 -0.5675
vn -0.2239 -0.7393 -0.6351
vn -0.0170 -0.7556 -0.6548
vn -0.0269 -0.9622 -0.2710
vn -0.0204 -0.9997 -0.0147
vn -0.1296 -0.9898 0.0587
vn 0.8135 -0.4588 -0.3574
vn 0.9792 -0.1980 -0.0450
vn 0.2009 -0.9131 -0.3548
vn 0.5839 -0.8027 -0.1215
vn 0.7113 -0.7018 0.0394
vn 0.8838 -0.4676 0.0177
vn 0.9923 -0.1238 -0.0011
vn 0.9970 -0.0771 -0.0088
vn -0.9628 -0.0880 -0.2554
vn -0.9371 -0.0968 -0.3353
vn -0.9279 -0.1950 -0.3178
vn -0.9523 -0.1908 -0.2381
vn -0.7379 -0.0912 -0.6687
vn -0.7336 -0.1819 -0.6548
vn -0.7262 -0.2224 -0.6505
vn -0.9161 -0.2370 -0.3235
vn -0.9438 -0.2214 -0.2453
vn -0.4215 -0.9002 -0.1091
vn -0.3819 -0.9224 -0.0576
vn -0.7654 -0.6302 -0.1304
vn -0.7429 -0.6538 -0.1437
vn -0.9130 -0.3863 -0.1314
vn -0.8863 -0.4494 -0.1121
vn -0.6686 -0.6804 0.3001
vn -0.7598 -0.6372 -0.1288
vn -0.4059 -0.9018 -0.1484
vn -0.3002 -0.8808 0.3663
vn -0.7141 -0.5260 -0.4619
vn -0.3801 -0.6270 -0.6800
vn -0.0516 -0.9330 -0.3561
vn -0.0843 -0.9885 -0.1257
vn -0.0660 -0.9917 -0.1102
vn -0.7657 -0.5068 -0.3961
vn -0.7607 -0.6286 -0.1618
vn -0.9093 -0.3539 -0.2190
vn -0.8464 -0.3184 -0.4269
vn -0.4257 -0.9048 0.0092
vn -0.4183 -0.9034 -0.0944
vn -0.2446 -0.9184 -0.3110
vn -0.5948 -0.6101 -0.5235
vn -0.8449 -0.2698 -0.4620
vn -0.9530 -0.2127 -0.2159
vn -0.9397 -0.2039 -0.2746
vn -0.9256 -0.2312 0.2997
vn -0.9411 -0.2773 0.1933
vn -0.9236 -0.3678 0.1083
vn -0.8905 -0.3512 0.2891
vn -0.8853 -0.4510 0.1130
vn -0.8450 -0.5189 0.1291
vn -0.8642 -0.4679 0.1850
vn -0.3530 -0.6204 0.7003
vn -0.3668 -0.6992 0.6137
vn -0.6670 -0.6902 0.2806
vn -0.5256 -0.7971 0.2972
vn -0.2994 -0.8530 0.4275
vn -0.8078 -0.5835 0.0833
vn -0.7101 -0.6875 0.1519
vn -0.4877 -0.8705 0.0663
vn -0.3175 -0.9456 0.0706
vn -0.4360 -0.8827 0.1751
vn -0.0877 -0.9363 0.3401
vn -0.4297 -0.8207 0.3766
vn -0.3809 -0.9238 0.0388
vn -0.0767 -0.9964 0.0371
vn -0.7074 -0.6788 0.1971
vn -0.7285 -0.6849 -0.0096
vn -0.6568 -0.7027 -0.2736
vn -0.3703 -0.5896 -0.7178
vn -0.0494 -0.9977 -0.0467
vn -0.9661 -0.2101 0.1499
vn -0.9142 -0.2530 0.3166
vn -0.9786 -0.1767 0.1050
vn -0.9821 -0.1753 0.0693
vn -0.6385 -0.4047 0.6546
vn -0.9319 0.1359 0.3362
vn -0.1864 -0.9500 0.2507
vn -0.4534 -0.8848 0.1074
vn -0.4555 -0.8902 -0.0020
vn -0.8108 -0.5684 0.1399
vn -0.8363 -0.4089 0.3652
vn -0.9196 -0.2426 0.3091
vn -0.9811 -0.1672 0.0970
vn -0.8196 -0.4984 0.2826
vn -0.8900 -0.4556 -0.0198
vn -0.8732 -0.4731 0.1172
vn -0.6931 -0.7016 0.1657
vn -0.4948 -0.8189 -0.2909
vn 0.3891 -0.3189 0.8642
vn 0.4137 -0.3362 0.8461
vn 0.3573 -0.2958 0.8859
vn 0.3301 -0.2685 0.9050
vn 0.1886 -0.1289 0.9736
vn 0.2065 -0.1695 0.9636
vn -0.0855 -0.2529 0.9637
vn -0.0375 -0.1965 0.9798
vn 0.6937 -0.3269 0.6418
vn -0.9233 -0.1312 0.3610
vn -0.0763 -0.2460 0.9663
vn -0.0033 -0.5801 0.8146
vn 0.2134 -0.8087 0.5482
vn 0.4405 -0.7131 0.5453
vn 0.3485 -0.4717 0.8100
vn -0.4780 -0.6461 0.5950
vn -0.1542 -0.2484 0.9563
vn -0.0659 -0.1729 0.9827
vn -0.6491 -0.6579 0.3819
vn -0.7055 -0.6841 0.1852
vn -0.5565 0.0733 -0.8276
vn -0.7500 -0.4397 -0.4941
vn -0.4104 -0.6571 -0.6323
vn -0.3680 -0.9191 -0.1406
vn -0.3573 -0.9340 -0.0007
vn -0.0290 -0.9904 0.1353
vn -0.0544 -0.9979 -0.0360
vn -0.0816 -0.9963 0.0255
vn 0.5817 -0.7539 -0.3055
vn 0.6813 -0.7171 -0.1470
vn 0.3844 -0.9221 -0.0446
vn 0.3382 -0.8601 -0.3818
vn 0.6596 -0.7515 -0.0120
vn 0.3532 -0.9355 -0.0128
vn 0.1061 -0.9939 -0.0289
vn 0.0396 -0.9973 -0.0625
vn 0.0764 -0.9838 0.1623
vn 0.4529 -0.5986 0.6607
vn 0.6682 -0.6619 0.3396
vn 0.9443 -0.2440 0.2209
vn 0.5925 -0.4329 0.6794
vn 0.9784 -0.1976 0.0614
vn 0.9946 -0.1018 0.0182
vn 0.9819 -0.1893 -0.0032
vn 0.9669 -0.2371 0.0948
vn 0.8150 -0.3708 0.4452
vn 0.4126 0.6417 0.6465
vn 0.6497 0.7570 0.0703
vn 0.1127 0.3905 0.9137
vn 0.2957 0.6034 0.7406
vn -0.0024 -0.0711 -0.9975
vn -0.0018 -0.0697 -0.9976
vn -0.0022 0.0563 -0.9984
vn -0.0035 0.0430 -0.9991
vn -0.0001 -0.0563 -0.9984
vn -0.0017 0.0625 -0.9980
vn 0.0464 0.0246 0.9986
vn 0.0048 0.0200 0.9998
vn 0.0026 -0.0875 0.9962
vn 0.0496 -0.0993 0.9938
vn -0.0060 0.9139 -0.4058
vn -0.0147 0.9015 -0.4325
vn -0.0203 0.9966 -0.0794
vn -0.0019 0.9985 -0.0548
vn -0.0414 0.7167 -0.6962
vn -0.1216 0.8705 -0.4770
vn -0.0639 0.9919 -0.1102
vn -0.0067 0.9998 0.0163
vn 0.0005 0.9998 0.0174
vn -0.6895 0.0165 -0.7241
vn -0.9222 0.2596 -0.2866
vn -0.7487 0.4782 -0.4590
vn -0.5591 0.1482 -0.8158
vn -0.8489 0.3638 -0.3833
vn -0.5116 -0.1362 -0.8483
vn -0.1877 -0.8191 -0.5421
vn -0.2697 -0.3280 -0.9054
vn 0.2196 -0.9055 -0.3632
vn -0.0005 -0.9998 -0.0174
vn 0.0117 -0.9844 -0.1753
vn 0.0203 -0.7733 0.6337
vn -0.0006 -0.9998 -0.0177
vn -0.0043 -0.9996 -0.0296
vn 0.0177 -0.8273 -0.5615
vn -0.7633 -0.1985 -0.6148
vn -0.8629 -0.3514 -0.3631
vn -0.7204 -0.2749 -0.6367
vn 0.3612 -0.6120 -0.7036
vn 0.0348 -0.6278 -0.7776
vn 0.0105 -0.6541 -0.7564
vn 0.0356 -0.7845 -0.6191
vn 0.8716 -0.2937 -0.3925
vn 0.6647 -0.4044 -0.6282
vn 0.1817 -0.4154 -0.8913
vn 0.7922 -0.4463 -0.4163
vn 0.6064 -0.5268 -0.5956
vn 0.2378 -0.7506 -0.6165
vn 0.0176 -0.7619 -0.6475
vn 0.0010 -0.4329 -0.9014
vn -0.0359 -0.2984 -0.9538
vn 0.0556 -0.3285 -0.9429
vn 0.4791 -0.5990 -0.6416
vn -0.0024 -0.1369 -0.9906
vn -0.0001 -0.1367 -0.9906
vn 0.0732 -0.3812 -0.9216
vn -0.0325 -0.1746 -0.9841
vn 0.0436 0.4093 -0.9114
vn 0.0992 -0.6427 -0.7597
vn 0.0768 -0.9544 -0.2884
vn 0.4234 -0.9031 -0.0713
vn 0.5760 -0.8115 0.0984
vn 0.6328 -0.7343 0.2456
vn -0.0175 -0.9229 -0.3847
vn -0.0395 -0.9622 -0.2695
vn -0.0124 -0.9863 -0.1644
vn -0.0146 -0.9898 -0.1419
vn -0.0108 -0.8546 -0.5192
vn -0.0274 -0.9142 -0.4044
vn -0.6921 -0.7218 -0.0053
vn -0.8792 -0.4576 -0.1326
vn -0.8505 -0.5064 -0.1423
vn -0.4838 -0.7675 0.4205
vn -0.5157 -0.5487 -0.6580
vn -0.0163 -0.9387 0.3444
vn -0.0512 -0.9118 0.4074
vn -0.0510 -0.9936 0.1007
vn -0.0021 -0.9962 0.0871
vn -0.2883 -0.7640 0.5772
vn -0.4375 -0.8458 0.3055
vn -0.4376 -0.8896 0.1308
vn -0.4026 -0.9051 0.1365
vn -0.5266 -0.8250 0.2052
vn -0.3600 -0.9167 0.1733
vn -0.0334 -0.9288 0.3690
vn 0.0099 -0.9294 0.3689
vn -0.4770 -0.6025 0.6399
vn -0.2623 -0.5458 0.7958
vn -0.0606 -0.6970 0.7145
vn -0.0063 -0.5622 0.8270
vn -0.0026 -0.9839 -0.1784
vn -0.0010 -0.9969 -0.0792
vn -0.0202 -0.8346 -0.5505
vn 0.0728 -0.9965 -0.0410
vn -0.0005 -0.9999 -0.0168
vn -0.0010 -0.9998 -0.0177
vn -0.0006 -0.9998 -0.0175
vn -0.3774 -0.4639 0.8014
vn -0.4412 -0.7084 0.5509
vn -0.3532 -0.6833 0.6390
vn -0.0070 -0.7341 0.6790
vn 0.0004 -0.4490 0.8935
vn 0.0059 -0.3143 0.9493
vn 0.0025 -0.1713 0.9852
vn -0.1712 -0.1898 0.9668
vn -0.1293 -0.4582 0.8794
vn -0.0212 -0.5218 0.8528
vn -0.6411 -0.2516 0.7251
vn -0.6014 -0.3922 0.6960
vn 0.3963 -0.6269 0.6708
vn 0.6101 -0.4885 0.6238
vn 0.7880 -0.6020 0.1293
vn 0.5800 -0.6493 -0.4919
vn 0.8764 -0.4815 -0.0139
vn -0.7220 0.0415 -0.6907
vn -0.9314 0.0349 -0.3624
vn -0.9578 0.0560 -0.2820
vn -0.9806 0.0957 -0.1713
vn -0.9928 0.0819 -0.0874
vn -0.9975 0.0705 0.0018
vn -0.9924 0.0810 0.0924
vn -0.9768 0.1039 0.1873
vn -0.9446 0.1064 0.3106
vn -0.9599 -0.0768 0.2695
vn -0.9445 -0.0901 0.3159
vn -0.9343 0.0627 0.3509
vn 0.7855 -0.6187 0.0139
vn 0.9723 -0.2284 0.0494
vn 0.4310 -0.9021 -0.0192
vn 0.7916 -0.6106 -0.0254
vn 0.9686 -0.2485 -0.0064
vn 0.5236 -0.8434 0.1205
vn 0.2268 -0.8884 0.3991
vn 0.7459 -0.5007 0.4393
vn 0.8624 -0.3734 0.3418
vn 0.9697 -0.2262 0.0922
vn 0.8667 -0.4900 0.0938
vn 0.7361 -0.5195 0.4339
vn 0.5995 -0.7509 0.2770
vn 0.6437 -0.7595 0.0939
vn 0.3409 -0.9340 0.1067
vn 0.3251 -0.8168 0.4766
vn 0.0708 -0.8944 0.4416
vn 0.0794 -0.9928 0.0901
vn 0.0002 -0.9998 -0.0201
vn -0.0213 -0.9994 -0.0262
vn 0.0067 -0.9997 0.0252
vn -0.0004 -0.9998 -0.0183
vn 0.2817 -0.5652 0.7754
vn 0.1167 -0.5361 0.8360
vn 0.0999 -0.8451 0.5251
vn 0.0126 -0.9991 -0.0408
vn -0.0005 -0.9998 -0.0175
vn 0.0102 -0.9960 0.0887
vn 0.0171 -0.8564 0.5161
vn 0.0157 -0.7831 0.6217
vn -0.0441 -0.9674 0.2495
vn -0.3195 -0.8527 0.4133
vn -0.0428 -0.4974 0.8665
vn 0.6623 -0.6582 -0.3579
vn 0.9749 -0.1660 -0.1484
vn 0.9784 -0.2027 -0.0393
vn 0.8264 -0.5524 -0.1090
vn 0.6733 -0.7384 0.0361
vn 0.3998 -0.9155 -0.0450
vn 0.1430 -0.9885 0.0498
vn 0.0200 -0.9982 -0.0572
vn 0.0374 -0.9792 -0.1996
vn -0.0181 -0.9998 -0.0043
vn -0.2446 0.9696 0.0089
vn -0.0047 0.9965 0.0831
vn 0.1504 0.9880 0.0352
vn 0.0177 0.9993 0.0327
vn -0.0085 1.0000 0.0051
vn -0.0037 0.9998 0.0205
vn 0.0447 0.9990 0.0030
vn 0.0469 0.9986 0.0253
vn 0.0543 0.9977 0.0408
vn 0.0514 0.9964 0.0678
vn 0.0395 0.9989 -0.0256
vn -0.1879 0.9821 -0.0163
vn -0.8091 0.5676 -0.1521
vn -0.2047 0.9785 -0.0237
vn -0.2046 0.9788 -0.0036
vn -0.2111 0.9773 0.0162
vn -0.2142 0.9761 0.0371
vn -0.2056 0.9766 0.0635
vn -0.1852 0.9812 0.0551
vn -0.7984 0.5394 0.2675
vn -0.0498 0.9950 0.0869
vn 0.0663 0.9923 0.1047
vn 0.0992 0.7805 0.6172
vn 0.0129 -0.5839 -0.8117
vn -0.0138 -0.7615 -0.6480
vn -0.0027 -0.4061 -0.9138
vn -0.0018 -0.3841 -0.9233
vn -0.0167 -0.7721 -0.6353
vn -0.0090 -0.4351 -0.9003
vn 0.0101 -0.2613 -0.9652
vn 0.0083 -0.2421 -0.9702
vn -0.0028 -0.2557 -0.9667
vn 0.1343 -0.1040 -0.9855
vn 0.3075 -0.2448 -0.9195
vn 0.4942 -0.3510 -0.7953
vn 0.6556 -0.4869 -0.5772
vn 0.6583 -0.5901 -0.4674
vn 0.5108 -0.7737 -0.3747
vn 0.2067 -0.9695 -0.1317
vn 0.1513 -0.3959 -0.9057
vn -0.1870 0.9666 -0.1753
vn -0.2627 0.9414 -0.2117
vn -0.2981 -0.7928 -0.5316
vn -0.3026 -0.7991 -0.5194
vn -0.1334 -0.3538 -0.9258
vn -0.1258 -0.3458 -0.9298
vn -0.3045 -0.8063 -0.5071
vn -0.1391 -0.3693 -0.9188
vn -0.0025 0.0174 -0.9998
vn -0.0023 0.0175 -0.9998
vn -0.0021 0.0174 -0.9998
vn -0.2605 -0.7930 -0.5507
vn -0.4134 -0.8690 -0.2719
vn -0.3438 -0.9082 -0.2387
vn -0.6566 -0.6296 -0.4154
vn -0.7016 -0.6769 -0.2225
vn -0.4098 -0.9017 -0.1379
vn -0.3416 -0.9322 -0.1199
vn -0.3334 -0.9402 0.0700
vn -0.3444 -0.9388 0.0107
vn -0.3329 -0.9408 0.0637
vn -0.3447 -0.9387 0.0059
vn -0.3508 -0.9363 -0.0144
vn -0.3511 -0.9362 -0.0144
vn -0.1742 0.9635 0.2034
vn -0.2497 0.9402 0.2317
vn -0.0669 0.9858 0.1541
vn -0.0528 0.9981 0.0330
vn -0.1763 0.9818 0.0705
vn -0.2521 0.9638 0.0867
vn -0.2590 0.9640 -0.0607
vn -0.2618 0.9651 -0.0052
vn -0.2595 0.9638 -0.0605
vn -0.2617 0.9652 -0.0030
vn -0.2663 0.9637 0.0165
vn -0.2661 0.9638 0.0167
vn -0.1769 0.9836 0.0347
vn -0.2610 0.9645 0.0397
vn -0.0492 0.9985 0.0224
vn -0.2357 0.7400 0.6299
vn -0.1576 0.2009 0.9668
vn -0.2364 0.7501 0.6176
vn -0.1593 0.2105 0.9645
vn -0.1240 -0.0172 0.9921
vn -0.1243 -0.0173 0.9921
vn -0.3066 -0.8184 0.4860
vn -0.3248 -0.9282 0.1813
vn -0.3073 -0.8264 0.4718
vn -0.3245 -0.9300 0.1725
vn -0.4188 -0.9063 -0.0570
vn -0.3454 -0.9372 -0.0481
vn -0.7277 -0.6803 -0.0877
vn -0.2627 0.9422 -0.2082
vn -0.2628 0.9430 -0.2041
vn -0.2050 0.7795 -0.5919
vn -0.2069 0.7902 -0.5768
vn -0.3438 -0.9083 -0.2382
vn -0.3437 -0.9086 -0.2374
vn -0.3420 -0.9321 -0.1197
vn -0.3417 -0.9322 -0.1197
vn -0.2490 0.9424 0.2235
vn -0.2482 0.9447 0.2143
vn -0.2520 0.9642 0.0823
vn -0.2516 0.9647 0.0774
vn -0.2609 0.9647 0.0364
vn -0.2606 0.9649 0.0327
vn -0.3450 -0.9375 -0.0457
vn -0.3452 -0.9376 -0.0426
vn -0.3068 -0.8144 -0.4925
vn -0.1461 -0.3875 -0.9102
vn -0.1538 -0.4083 -0.8998
vn -0.0024 0.0172 -0.9998
vn -0.0024 0.0174 -0.9998
vn -0.3331 -0.9412 0.0560
vn -0.3445 -0.9388 0.0004
vn -0.3324 -0.9420 0.0472
vn -0.3439 -0.9390 -0.0058
vn -0.3510 -0.9363 -0.0141
vn -0.2592 0.9640 -0.0600
vn -0.2616 0.9652 -0.0003
vn -0.2611 0.9653 0.0028
vn -0.2661 0.9638 0.0165
vn -0.2372 0.7622 0.6023
vn -0.1615 0.2229 0.9614
vn -0.1640 0.2386 0.9572
vn -0.1243 -0.0175 0.9921
vn -0.1243 -0.0174 0.9921
vn -0.3080 -0.8359 0.4544
vn -0.3241 -0.9320 0.1622
vn -0.3087 -0.8466 0.4336
vn -0.3237 -0.9341 0.1504
vn -0.2628 0.9440 -0.1997
vn -0.2091 0.8028 -0.5584
vn -0.3436 -0.9087 -0.2369
vn -0.3421 -0.9321 -0.1190
vn -0.2474 0.9473 0.2035
vn -0.2515 0.9652 0.0716
vn -0.2603 0.9651 0.0287
vn -0.3449 -0.9378 -0.0390
vn -0.2849 -0.3717 -0.8835
vn -0.6157 -0.3077 -0.7255
vn -0.2274 0.0171 -0.9737
vn -0.3796 -0.9240 0.0464
vn -0.3896 -0.9209 -0.0122
vn -0.6389 -0.7654 0.0770
vn -0.6450 -0.7640 -0.0173
vn -0.3582 0.9336 0.0013
vn -0.2954 0.2294 0.9274
vn -0.2816 -0.0166 0.9594
vn -0.3764 -0.8222 0.4270
vn -0.3653 -0.9184 0.1517
vn -0.5268 -0.7628 0.3751
vn -0.6068 -0.7519 0.2576
vn -0.3562 0.0355 -0.9337
vn -0.1962 -0.2293 -0.9534
vn -0.0723 -0.4553 -0.8874
vn -0.1160 0.0204 -0.9930
vn -0.8244 -0.2574 -0.5040
vn -0.9246 -0.2876 -0.2496
vn -0.9642 0.0050 -0.2650
vn -0.9536 -0.2993 -0.0322
vn -0.9996 0.0008 -0.0286
vn -0.9524 -0.3048 -0.0024
vn -1.0000 0.0009 0.0026
vn -0.9520 -0.3056 -0.0166
vn -0.9999 0.0005 -0.0133
vn -0.9440 -0.3092 0.1148
vn -0.9916 -0.0017 0.1295
vn -0.8840 -0.3075 0.3521
vn -0.6701 -0.3611 0.6485
vn -0.2097 -0.3498 0.9131
vn -0.1725 -0.3625 0.9159
vn -0.1551 -0.0138 0.9878
vn 0.1547 -0.1866 0.9702
vn -0.2049 -0.0142 0.9787
vn -0.0025 0.0175 -0.9998
vn -0.0022 0.0175 -0.9998
vn -0.0024 0.0175 -0.9998
vn -0.1241 -0.0172 0.9921
vn -0.2154 -0.3721 0.9029
vn -0.2123 -0.3599 0.9085
vn -0.0025 0.0176 -0.9998
vn -0.1244 -0.0174 0.9921
vn -0.2237 -0.4059 0.8861
vn -0.2192 -0.3873 0.8955
vn -0.1242 -0.0173 0.9921
vn -0.2274 0.0171 -0.9736
vn -0.3310 -0.3876 0.8604
vn -0.2783 0.0384 -0.9597
vn -0.0877 0.0205 -0.9959
vn -0.8461 0.0098 -0.5330
vn -0.9999 0.0008 -0.0132
vn -0.1241 -0.0173 0.9921
vn -0.1594 -0.0187 0.9870
vn -0.2480 -0.0120 0.9687
vn -0.1241 -0.0175 0.9921
vn -0.0589 0.2771 -0.9590
vn -0.0551 0.2619 -0.9635
vn -0.0696 0.3190 -0.9452
vn -0.0638 0.2960 -0.9530
vn -0.2401 0.2961 -0.9245
vn -0.9361 -0.2099 0.2823
vn -0.9719 -0.2116 0.1029
vn -0.9774 -0.2113 -0.0019
vn -0.6939 -0.1484 0.7046
vn -0.8466 -0.1732 0.5033
vn -0.9336 -0.2167 -0.2854
vn -0.8533 -0.1659 -0.4943
vn -0.9682 -0.2245 -0.1100
vn -0.6522 -0.0629 0.7555
vn -0.5817 -0.0242 0.8130
vn -0.7088 0.6011 0.3692
vn -0.4592 0.1865 0.8685
vn -0.1760 0.7141 0.6776
vn -0.1753 0.3307 0.9273
vn 0.1074 0.5808 0.8069
vn 0.0596 0.3264 0.9433
vn 0.2533 0.5580 0.7902
vn 0.1362 0.3067 0.9420
vn 0.1030 0.1550 0.9825
vn 0.0611 0.1518 0.9865
vn -0.0167 -0.1537 0.9880
vn 0.0214 -0.3538 0.9351
vn -0.1086 0.1512 0.9825
vn -0.2802 0.4745 0.8345
vn -0.0720 0.6590 0.7487
vn -0.0458 0.3701 0.9278
vn 0.1000 0.5356 0.8385
vn 0.0632 0.3474 0.9356
vn 0.2062 0.4549 0.8663
vn 0.1672 0.3145 0.9344
vn 0.2636 0.4192 0.8688
vn 0.2193 0.2836 0.9335
vn 0.2537 0.2505 0.9343
vn 0.2429 0.2574 0.9353
vn 0.3318 0.3411 0.8795
vn 0.3356 0.2641 0.9042
vn 0.4527 0.3076 0.8370
vn 0.4001 0.2145 0.8910
vn 0.4907 0.2756 0.8266
vn 0.3965 0.1698 0.9022
vn 0.3665 0.1552 0.9174
vn 0.2677 0.1021 0.9581
vn 0.2717 0.1360 0.9527
vn 0.2778 0.0219 0.9604
vn -0.3685 0.0985 -0.9244
vn -0.4655 0.0906 -0.8804
vn -0.2414 0.1031 -0.9649
vn -0.1645 0.2011 -0.9657
vn -0.2611 0.1983 -0.9447
vn -0.3436 0.1931 -0.9190
vn -0.0947 0.2755 -0.9566
vn -0.1383 0.2798 -0.9501
vn -0.0558 0.2757 -0.9596
vn 0.0090 0.2938 -0.9558
vn 0.0143 0.3013 -0.9534
vn -0.0039 0.2955 -0.9553
vn 0.0719 0.2684 -0.9606
vn 0.1068 0.2698 -0.9570
vn 0.0267 0.2707 -0.9623
vn -0.0050 0.2240 -0.9746
vn 0.0168 0.2147 -0.9765
vn 0.0205 0.2149 -0.9764
vn 0.1155 0.2528 -0.9606
vn 0.1727 0.2583 -0.9505
vn -0.0303 0.2045 -0.9784
vn -0.0326 0.2047 -0.9783
vn -0.0302 0.2049 -0.9783
vn 0.0071 0.2177 -0.9760
vn -0.0020 0.2172 -0.9761
vn -0.0115 0.2213 -0.9751
vn 0.0475 0.2401 -0.9696
vn 0.0360 0.2414 -0.9698
vn 0.0594 0.2438 -0.9680
vn 0.0771 0.2609 -0.9623
vn 0.0786 0.2572 -0.9632
vn 0.0804 0.2553 -0.9635
vn 0.1295 0.2362 -0.9630
vn 0.1684 0.2317 -0.9581
vn 0.0863 0.2421 -0.9664
vn 0.1130 0.2041 -0.9724
vn 0.1930 0.1957 -0.9615
vn 0.2655 0.1872 -0.9458
vn 0.1926 0.1555 -0.9689
vn 0.2618 0.1464 -0.9539
vn 0.1177 0.1608 -0.9800
vn 0.0774 0.1270 -0.9889
vn 0.1189 0.1247 -0.9850
vn 0.1629 0.1186 -0.9795
vn 0.2260 0.1066 -0.9683
vn 0.2197 0.1017 -0.9703
vn 0.1246 0.1269 -0.9841
vn 0.2915 0.1763 -0.9402
vn 0.6300 0.1448 -0.7630
vn 0.8487 0.1205 -0.5150
vn 0.6829 0.1277 -0.7193
vn 0.9195 0.1421 -0.3666
vn 0.9302 0.1415 -0.3386
vn 0.9665 0.1460 -0.2113
vn 0.9690 0.1420 -0.2024
vn 0.9835 0.1402 -0.1139
vn 0.9834 0.1403 -0.1150
vn 0.9903 0.1388 -0.0038
vn 0.9904 0.1381 -0.0028
vn 0.9865 0.1285 0.1020
vn 0.9867 0.1286 0.0997
vn 0.9705 0.1147 0.2120
vn 0.9732 0.1185 0.1971
vn 0.9078 0.1160 0.4031
vn 0.8659 0.0899 0.4920
vn 0.6282 0.1221 0.7684
vn -0.4821 0.0431 -0.8751
vn -0.3793 0.1755 -0.9085
vn -0.1576 0.2918 -0.9434
vn 0.0303 0.2631 -0.9643
vn 0.1243 0.2462 -0.9612
vn 0.0301 0.1999 -0.9794
vn -0.0303 0.1539 -0.9876
vn -0.0383 0.0660 -0.9971
vn -0.0220 0.2256 -0.9740
vn 0.0151 0.2995 -0.9540
vn 0.0796 0.2735 -0.9586
vn 0.1980 0.2345 -0.9517
vn 0.3128 0.1842 -0.9318
vn 0.3055 0.1441 -0.9412
vn 0.1885 0.1164 -0.9752
vn 0.2243 0.0946 -0.9699
vn 0.2914 0.0976 0.9516
vn 0.2678 0.1180 0.9562
vn 0.2252 0.1436 0.9637
vn 0.2483 0.1300 0.9599
vn 0.3662 0.1742 0.9141
vn 0.3294 0.1783 0.9272
vn 0.3213 0.2172 0.9217
vn 0.3623 0.2202 0.9057
vn 0.2688 0.2591 0.9277
vn 0.2334 0.2512 0.9394
vn 0.1848 0.2810 0.9417
vn 0.2124 0.2844 0.9349
vn 0.1572 0.3151 0.9359
vn 0.1382 0.3141 0.9393
vn 0.0458 0.3396 0.9395
vn 0.0543 0.3420 0.9381
vn -0.0376 0.3531 0.9348
vn -0.0336 0.3435 0.9386
vn -0.0582 0.3171 0.9466
vn -0.0708 0.2663 0.9613
vn -0.0478 0.1353 0.9897
vn -0.0208 -0.0428 0.9989
vn -0.0436 0.2622 0.9640
vn 0.0208 0.2345 0.9719
vn 0.0307 0.1968 0.9800
vn 0.1155 0.2736 0.9549
vn 0.0936 0.2638 0.9600
vn 0.0493 0.3050 0.9511
vn 0.0555 0.3114 0.9487
vn -0.1559 0.3007 0.9409
vn -0.1349 0.2912 0.9471
vn -0.4071 0.2218 0.8861
vn -0.4255 0.2122 0.8797
vn -0.5850 0.0580 0.8089
vn -0.5630 0.0916 0.8213
vn -0.2840 -0.7415 -0.6079
vn -0.3545 -0.4407 -0.8247
vn -0.3596 -0.6722 -0.6472
vn 0.0010 -0.1237 -0.9923
vn -0.0007 -0.1152 -0.9933
vn -0.0026 -0.1507 -0.9886
vn 0.0220 -0.1434 -0.9894
vn -0.0022 -0.1369 -0.9906
vn -0.0024 -0.1372 -0.9905
vn -0.0026 -0.1372 -0.9905
vn -0.0455 -0.7158 -0.6968
vn -0.0148 -0.5046 -0.8632
vn -0.6689 -0.3759 -0.6414
vn -0.8536 -0.4214 -0.3062
vn -0.3028 -0.7533 -0.5839
vn -0.4535 -0.8346 -0.3128
vn -0.4229 -0.8974 -0.1256
vn -0.4660 -0.8687 -0.1681
vn -0.5188 -0.8258 -0.2210
vn -0.8867 -0.3949 -0.2403
vn -0.8956 -0.4177 -0.1530
vn -0.9178 -0.3129 -0.2444
vn -0.8431 -0.4869 -0.2285
vn -0.7511 -0.6155 -0.2389
vn -0.3344 -0.9195 -0.2067
vn -0.2947 -0.8213 -0.4886
vn -0.0007 -0.9998 -0.0175
vn -0.0036 -0.9728 0.2317
vn -0.2632 -0.9350 0.2375
vn -0.1619 -0.9866 -0.0224
vn -0.0006 -0.9998 -0.0176
vn -0.0004 -0.9998 -0.0177
vn -0.0225 -0.9887 -0.1485
vn -0.0113 -0.9944 -0.1054
vn -0.1381 -0.9898 -0.0355
vn -0.3181 -0.9480 -0.0134
vn -0.5153 -0.8556 -0.0491
vn -0.1144 -0.9684 -0.2218
vn 0.0378 -0.8060 -0.5907
vn 0.0113 -0.8896 -0.4566
vn 0.0475 -0.7619 -0.6460
vn -0.0538 -0.7791 -0.6246
vn -0.0747 -0.6244 -0.7775
vn -0.0152 -0.6052 -0.7959
vn 0.9368 0.1264 -0.3262
vn -0.0421 -0.5711 -0.8198
vn -0.0093 -0.5311 -0.8472
vn 0.0388 -0.4487 -0.8928
vn 0.0154 -0.6479 -0.7616
vn 0.0571 -0.5859 -0.8083
vn -0.0336 -0.6164 -0.7867
vn -0.6184 -0.7090 -0.3388
vn -0.3404 -0.4893 -0.8029
vn -0.4703 -0.6485 -0.5986
vn -0.2242 -0.2244 -0.9484
vn 0.0306 -0.3476 -0.9372
vn -0.1144 -0.6499 -0.7514
vn -0.4536 -0.5924 -0.6658
vn -0.1114 -0.9390 -0.3253
vn -0.0191 -0.6269 -0.7789
vn -0.0494 -0.5074 -0.8603
vn -0.2301 -0.4273 -0.8744
vn -0.0491 -0.6183 0.7844
vn 0.0310 -0.6055 0.7952
vn -0.0658 -0.5297 0.8456
vn 0.0480 -0.5029 0.8630
vn -0.0019 -0.4962 0.8682
vn 0.0149 -0.7074 0.7066
vn 0.0032 -0.4332 0.9013
vn 0.0003 -0.4193 0.9078
vn 0.0197 -0.7408 0.6714
vn 0.0073 -0.4516 0.8922
vn -0.0011 -0.3249 0.9457
vn 0.0009 -0.3244 0.9459
vn 0.0015 -0.3226 0.9465
vn -0.9494 -0.2228 0.2214
vn -0.9366 -0.1956 0.2908
vn -0.9164 -0.3824 0.1178
vn -0.7464 -0.6527 0.1301
vn -0.4078 -0.9109 -0.0629
vn -0.1180 -0.7825 0.6113
vn -0.1237 -0.9732 0.1939
vn 0.0410 -0.8491 0.5266
vn 0.0412 -0.6586 0.7514
vn 0.0038 -0.6391 0.7691
vn -0.2291 -0.6438 0.7301
vn -0.0101 -0.7397 0.6728
vn -0.0646 -0.8672 0.4937
vn 0.1416 -0.7457 0.6510
vn 0.1076 -0.4466 0.8882
vn 0.0490 -0.3712 0.9273
vn 0.0322 -0.1416 0.9894
vn 0.0788 -0.0989 0.9920
vn 0.0031 -0.1483 0.9889
vn 0.0021 -0.1712 0.9852
vn 0.0023 -0.1715 0.9852
vn 0.0026 -0.1716 0.9852
vn 0.0002 -0.2184 0.9759
vn 0.1106 -0.5795 0.8074
vn 0.2364 -0.3184 0.9180
vn 0.2331 -0.7153 0.6589
vn 0.2841 -0.8745 0.3932
vn 0.0756 -0.8815 0.4661
vn 0.0161 -0.9704 0.2408
vn 0.0799 -0.9814 0.1745
vn 0.0018 -0.9446 0.3282
vn 0.0082 -0.9744 0.2247
vn 0.0020 -0.6552 0.7554
vn -0.0038 -0.5799 0.8147
vn 0.0046 -0.6532 0.7572
vn -0.0029 -0.4997 0.8662
vn -0.0088 -0.6881 0.7256
vn -0.0066 -0.7268 0.6868
vn -0.0064 -0.9731 0.2303
vn -0.0004 -0.9998 -0.0175
vn -0.0004 -0.9998 -0.0176
vn 0.2090 -0.9559 0.2065
vn 0.1135 -0.9933 -0.0202
vn -0.0283 -0.3981 0.9169
vn -0.0794 -0.4128 0.9074
vn 0.0009 -0.6278 0.7784
vn -0.0533 -0.5483 0.8346
vn -0.0453 -0.8302 0.5556
vn -0.0273 -0.9208 0.3891
vn -0.0956 -0.6730 0.7334
vn -0.0851 -0.6423 0.7617
vn 0.3496 -0.5852 0.7316
vn 0.0530 -0.7649 0.6420
vn -0.0422 -0.7100 0.7029
vn 0.0781 -0.5797 0.8110
vn 0.1243 -0.9894 0.0746
vn -0.0146 -0.6167 0.7871
vn 0.1240 -0.9895 0.0747
vn 0.0752 0.5351 -0.8414
vn 0.0775 -0.5797 0.8112
vn -0.0630 -0.9051 0.4206
vn -0.0360 -0.9943 0.1003
vn -0.0054 -0.9999 0.0145
vn -0.0178 -0.9054 0.4243
vn -0.1591 -0.9872 -0.0083
vn 0.4471 -0.0610 0.8924
vn -0.0008 -0.9998 -0.0175
vn -0.0004 -0.9998 -0.0174
vn -0.0795 -0.9968 -0.0123
vn -0.0689 -0.9975 -0.0175
vn -0.0005 -0.9998 -0.0176
vn -0.0006 -0.9998 -0.0174
vn -0.0006 -0.9999 -0.0172
vn -0.0140 -0.9869 0.1606
vn 0.0135 -0.9952 0.0973
vn 0.0218 -0.9997 0.0099
vn -0.1891 -0.9596 -0.2085
vn -0.1405 -0.9901 0.0022
vn -0.0061 -0.9773 -0.2120
vn -0.0005 -0.9998 -0.0173
vn -0.0099 -0.9606 -0.2776
vn -0.0073 -0.7060 -0.7082
vn 0.0007 -0.5147 -0.8574
vn 0.0084 -0.7473 -0.6645
vn 0.0039 -0.9735 -0.2288
vn 0.3091 -0.9306 -0.1959
vn 0.1982 -0.9800 0.0152
vn -0.0570 -0.9973 -0.0462
vn -0.0006 -0.9998 -0.0173
vn -0.0005 -0.9999 -0.0173
vn 0.0370 -0.9991 -0.0187
vn 0.0281 -0.9995 -0.0165
vn -0.0371 -0.9993 0.0064
vn -0.7522 0.3840 0.5355
vn 0.0929 -0.9954 0.0232
vn 0.9280 0.0069 -0.3726
vn 0.0422 -0.9982 -0.0431
vn 0.0306 -0.9994 -0.0178
vn 0.0218 -0.9997 0.0093
vn -0.0005 -0.9998 -0.0180
vn -0.0898 -0.9955 -0.0292
vn -0.0059 0.9998 0.0179
vn -0.0058 0.9998 0.0176
vn -0.0063 0.9998 0.0185
vn 0.0005 0.9998 0.0177
vn 0.0005 0.9999 0.0173
vn -0.0059 0.9998 0.0169
vn 0.0006 0.9998 0.0176
vn -0.0047 0.9844 0.1759
vn -0.0026 0.9912 0.1321
vn 0.0071 0.9505 0.3105
vn -0.0081 0.9824 0.1867
vn 0.2316 0.9263 0.2973
vn 0.2227 0.9714 0.0820
vn 0.0233 0.9995 0.0196
vn 0.0005 0.9998 0.0175
vn 0.0200 0.9996 0.0185
vn 0.0005 0.9998 0.0176
vn 0.1879 0.9813 0.0418
vn 0.1817 0.9833 0.0107
vn 0.0200 0.9997 0.0166
vn 0.0006 0.9998 0.0177
vn 0.0236 0.9996 0.0153
vn 0.0005 0.9999 0.0172
vn 0.2065 0.9781 -0.0274
vn 0.2432 0.9688 -0.0470
vn 0.0312 0.9994 0.0171
vn 0.0559 0.9875 -0.1477
vn -0.0013 0.9989 -0.0473
vn 0.2774 0.9510 -0.1366
vn 0.4018 0.8287 -0.3896
vn 0.1636 0.9234 -0.3472
vn 0.0597 0.3974 -0.9157
vn 0.0224 0.7665 -0.6418
vn 0.0207 0.6077 -0.7939
vn 0.1026 0.8099 -0.5776
vn 0.0879 0.5091 -0.8562
vn 0.0333 0.8436 -0.5359
vn -0.0027 0.9172 -0.3985
vn 0.0038 0.9861 0.1661
vn 0.0007 0.9998 0.0173
vn 0.0004 0.9998 0.0174
vn 0.0005 0.9998 0.0173
vn -0.0041 0.9979 -0.0649
vn -0.0196 0.8960 -0.4437
vn -0.0103 0.6493 -0.7605
vn -0.0209 0.8960 -0.4435
vn -0.0145 -0.0728 -0.9972
vn -0.0129 -0.2368 0.9715
vn 0.0150 0.3422 0.9395
vn -0.0203 0.3821 0.9239
vn 0.0247 0.3849 0.9226
vn -0.0078 0.2309 0.9729
vn 0.0082 0.1250 0.9921
vn 0.0243 0.1391 0.9900
vn -0.1510 0.0260 0.9882
vn 0.0010 0.0320 0.9995
vn -0.6216 0.0220 0.7830
vn -0.6412 -0.1226 0.7575
vn -0.1592 -0.0950 0.9827
vn 0.0028 -0.0836 0.9965
vn -0.1663 -0.1636 0.9724
vn 0.0025 -0.1463 0.9892
vn -0.6432 -0.2153 0.7348
vn 0.0014 -0.3157 0.9489
vn 0.0026 -0.3143 0.9493
vn 0.0018 -0.4498 0.8931
vn 0.0006 -0.4462 0.8949
vn -0.0005 -0.7370 0.6759
vn -0.0007 -0.9742 0.2257
vn 0.0156 0.3448 0.9385
vn 0.0049 0.1742 0.9847
vn 0.0002 0.0346 0.9994
vn -0.0004 0.0293 0.9996
vn 0.0034 -0.0841 0.9965
vn 0.0028 -0.0811 0.9967
vn 0.0023 -0.1450 0.9894
vn 0.0029 -0.1462 0.9892
vn 0.0022 -0.1713 0.9852
vn 0.0023 -0.1713 0.9852
vn 0.0016 -0.3218 0.9468
vn 0.0033 -0.4305 0.9026
vn 0.0016 -0.3204 0.9473
vn -0.0010 -0.4201 0.9075
vn 0.0044 -0.2113 0.9774
vn 0.0024 -0.2121 0.9773
vn 0.0023 -0.1714 0.9852
vn 0.0016 -0.2133 0.9770
vn 0.0018 -0.2168 0.9762
vn 0.0018 -0.2161 0.9764
vn 0.0018 -0.2182 0.9759
vn 0.0015 -0.2187 0.9758
vn -0.4207 0.4889 0.7642
vn 0.0030 0.3559 0.9345
vn -0.3881 0.4027 0.8290
vn -0.0012 0.2970 0.9549
vn -0.1673 0.4492 0.8776
vn 0.0012 0.2778 0.9606
vn 0.0074 0.1836 0.9830
vn 0.0016 0.1844 0.9829
vn 0.0031 0.0321 0.9995
vn 0.0023 0.0322 0.9995
vn 0.0064 0.0127 0.9999
vn 0.0014 -0.0822 0.9966
vn 0.0022 -0.0826 0.9966
vn 0.0027 -0.0833 0.9965
vn 0.0022 -0.1456 0.9893
vn 0.0027 -0.1465 0.9892
vn 0.0019 -0.1456 0.9893
vn 0.0024 -0.1715 0.9852
vn 0.0024 -0.1714 0.9852
vn 0.0017 -0.2140 0.9768
vn 0.0019 -0.2141 0.9768
vn 0.0016 -0.3166 0.9486
vn 0.0016 -0.3177 0.9482
vn -0.0022 -0.4377 0.8991
vn -0.0022 -0.4247 0.9053
vn 0.0081 0.3856 0.9226
vn -0.0013 0.2926 0.9562
vn 0.0010 0.2759 0.9612
vn 0.0005 0.1823 0.9832
vn 0.0017 0.0300 0.9995
vn 0.0031 -0.0844 0.9964
vn 0.0028 -0.1466 0.9892
vn 0.0022 -0.1714 0.9852
vn 0.0019 -0.2151 0.9766
vn 0.0016 -0.3190 0.9477
vn 0.0046 -0.4266 0.9044
vn -0.7500 -0.6203 0.2297
vn -0.8382 -0.4713 0.2743
vn -0.8058 -0.4673 0.3637
vn -0.8815 -0.2570 0.3960
vn -0.8937 -0.2107 0.3961
vn -0.8999 -0.1083 0.4225
vn -0.8896 0.0335 0.4556
vn -0.8822 0.1323 0.4519
vn -0.8722 0.2008 0.4461
vn -0.7590 -0.6227 -0.1900
vn -0.8584 -0.4971 -0.1267
vn -0.9240 -0.3643 -0.1164
vn -0.9432 -0.2802 -0.1785
vn -0.9557 -0.2195 -0.1959
vn -0.9704 -0.0796 -0.2279
vn -0.9630 0.0874 -0.2548
vn -0.9550 0.1688 -0.2440
vn -0.9515 0.2254 -0.2091
vn -0.0831 -0.9884 -0.1271
vn -0.1151 -0.8910 -0.4391
vn -0.1871 -0.4482 -0.8741
vn -0.2289 -0.1575 -0.9606
vn -0.2290 -0.1298 -0.9647
vn -0.2297 -0.0605 -0.9714
vn -0.2235 0.0589 -0.9729
vn -0.2069 0.2065 -0.9563
vn -0.1627 0.3032 -0.9389
vn -0.1126 0.3410 -0.9333
vn -0.2129 0.4341 -0.8753
vn 0.0351 -0.6653 0.7457
vn 0.0387 -0.5246 0.8505
vn 0.0194 -0.6703 0.7418
vn -0.0033 -0.9427 0.3337
vn -0.0110 -0.9987 0.0499
vn -0.0305 -0.9876 0.1541
vn -0.0484 -0.6689 0.7418
vn 0.0023 -0.1717 0.9852
vn 0.0023 -0.1459 0.9893
vn 0.0023 -0.0820 0.9966
vn -0.0028 0.0362 0.9993
vn -0.0026 0.2004 0.9797
vn 0.0452 0.3688 0.9284
vn 0.0494 0.3380 0.9399
vn 0.0921 0.4255 0.9002
vn -0.3339 0.0516 0.9412
vn -0.3285 0.2048 0.9220
vn -0.0952 0.2855 0.9536
vn 0.0354 0.3039 0.9520
vn 0.0654 0.2640 0.9623
vn 0.0180 0.2377 0.9712
vn -0.0227 0.2691 0.9628
vn -0.0361 0.3207 0.9465
vn -0.0274 0.3428 0.9390
vn 0.0288 0.3383 0.9406
vn 0.1003 0.3136 0.9442
vn 0.1353 0.2824 0.9497
vn 0.1719 0.2535 0.9519
vn 0.2411 0.2196 0.9453
vn 0.2512 0.1803 0.9510
vn 0.1715 0.1430 0.9748
vn 0.2342 0.1215 0.9646
vn -0.1968 0.3504 -0.9157
vn -0.1014 0.3900 -0.9152
vn -0.0263 0.5126 -0.8582
vn -0.0017 0.5334 -0.8459
vn 0.0103 0.4595 -0.8881
vn -0.0103 0.3510 -0.9363
vn -0.0274 0.4666 -0.8840
vn 0.0015 0.5081 -0.8613
vn 0.0604 0.3982 -0.9153
vn 0.0882 0.3310 -0.9395
vn 0.0466 0.3502 -0.9355
vn 0.0718 0.3012 -0.9509
vn 0.0465 0.2659 -0.9629
vn 0.0541 0.2235 -0.9732
vn 0.1983 0.3486 -0.9161
vn 0.5938 0.4889 -0.6391
vn 0.8157 0.4469 -0.3674
vn 0.7850 0.5873 -0.1971
vn 0.7672 0.6326 -0.1061
vn 0.7712 0.6366 0.0011
vn 0.7779 0.6208 0.0974
vn 0.7886 0.5765 0.2141
vn 0.7249 0.4772 0.4968
vn 0.0325 0.0604 -0.9976
vn -0.0023 0.0526 -0.9986
vn 0.0336 -0.0711 -0.9969
vn -0.0022 -0.0721 -0.9974
vn 0.0085 -0.1182 -0.9930
vn -0.0028 -0.1512 -0.9885
vn -0.0230 -0.2550 -0.9667
vn -0.0030 -0.2575 -0.9663
vn 0.0015 -0.4177 -0.9086
vn 0.0030 -0.3984 -0.9172
vn -0.0017 0.0529 -0.9986
vn -0.0024 -0.0718 -0.9974
vn -0.0025 -0.1509 -0.9885
vn -0.0026 -0.2562 -0.9666
vn -0.0041 -0.4035 -0.9150
vt 0.384758 0.405450
vt 0.384287 0.416727
vt 0.333647 0.416727
vt 0.335534 0.405622
vt 0.384657 0.430596
vt 0.334858 0.430419
vt 0.294824 0.430418
vt 0.292028 0.416727
vt 0.294998 0.404698
vt 0.385272 0.449101
vt 0.339490 0.448391
vt 0.377131 0.467029
vt 0.346776 0.465737
vt 0.320016 0.466583
vt 0.304044 0.448390
vt 0.382594 0.116461
vt 0.334239 0.117175
vt 0.332900 0.104981
vt 0.381974 0.104981
vt 0.295079 0.117713
vt 0.291998 0.104981
vt 0.294914 0.091290
vt 0.334592 0.091289
vt 0.382357 0.091231
vt 0.339446 0.073315
vt 0.382641 0.073082
vt 0.304190 0.073318
vt 0.320110 0.055124
vt 0.346753 0.055968
vt 0.376404 0.054792
vt 0.339349 0.336482
vt 0.323058 0.338635
vt 0.318413 0.331095
vt 0.341054 0.326220
vt 0.339461 0.333376
vt 0.326109 0.359030
vt 0.317384 0.369261
vt 0.309187 0.368608
vt 0.319170 0.357999
vt 0.295951 0.327859
vt 0.309623 0.323011
vt 0.303580 0.334929
vt 0.326231 0.317609
vt 0.317459 0.375632
vt 0.305742 0.374048
vt 0.312576 0.381916
vt 0.298068 0.377875
vt 0.297806 0.338011
vt 0.289281 0.334703
vt 0.268110 0.430418
vt 0.264785 0.416727
vt 0.215287 0.333216
vt 0.212123 0.315054
vt 0.225765 0.312976
vt 0.228962 0.331333
vt 0.237923 0.311824
vt 0.246832 0.331014
vt 0.269157 0.403395
vt 0.278859 0.448389
vt 0.298064 0.466865
vt 0.782432 0.644864
vt 0.807480 0.655139
vt 0.789317 0.670267
vt 0.765206 0.659823
vt 0.824621 0.665541
vt 0.806289 0.681138
vt 0.302526 0.298063
vt 0.290366 0.299678
vt 0.282742 0.281705
vt 0.305783 0.283615
vt 0.271348 0.302458
vt 0.266450 0.284314
vt 0.262713 0.263296
vt 0.276740 0.260812
vt 0.303073 0.260464
vt 0.254485 0.307560
vt 0.250465 0.287177
vt 0.235000 0.290183
vt 0.231271 0.268773
vt 0.246789 0.266070
vt 0.208587 0.294749
vt 0.222201 0.292516
vt 0.204863 0.273373
vt 0.218454 0.271005
vt 0.189916 0.317950
vt 0.190670 0.297414
vt 0.165567 0.321063
vt 0.168579 0.299796
vt 0.168196 0.279757
vt 0.188173 0.276280
vt 0.278819 0.244104
vt 0.306601 0.236809
vt 0.259213 0.245477
vt 0.261333 0.224656
vt 0.290661 0.223762
vt 0.304823 0.224045
vt 0.243113 0.244963
vt 0.227542 0.247363
vt 0.224083 0.227505
vt 0.241347 0.224982
vt 0.214707 0.249495
vt 0.201140 0.251996
vt 0.197691 0.232198
vt 0.211232 0.229542
vt 0.183377 0.255546
vt 0.161780 0.260762
vt 0.151844 0.242214
vt 0.175813 0.236981
vt 0.307035 0.208702
vt 0.324975 0.215813
vt 0.280363 0.205460
vt 0.297746 0.184419
vt 0.314273 0.198195
vt 0.314769 0.198077
vt 0.322622 0.203753
vt 0.335153 0.208966
vt 0.324092 0.205564
vt 0.255993 0.202712
vt 0.222633 0.222311
vt 0.235634 0.200188
vt 0.303795 0.132807
vt 0.278864 0.133524
vt 0.268657 0.117892
vt 0.314568 0.150368
vt 0.293069 0.150194
vt 0.209642 0.219420
vt 0.222643 0.197211
vt 0.636751 0.739250
vt 0.627478 0.750256
vt 0.607185 0.737800
vt 0.591772 0.905190
vt 0.592337 0.921058
vt 0.572680 0.921058
vt 0.264995 0.104981
vt 0.268319 0.091290
vt 0.611259 0.763318
vt 0.591296 0.751157
vt 0.588371 0.774595
vt 0.569208 0.762581
vt 0.279069 0.073319
vt 0.298228 0.054843
vt 0.743562 0.672627
vt 0.718126 0.665405
vt 0.734616 0.652990
vt 0.111340 0.362071
vt 0.082777 0.368694
vt 0.098213 0.350418
vt 0.125155 0.345964
vt 0.106771 0.330657
vt 0.134176 0.325760
vt 0.153513 0.340949
vt 0.131120 0.303149
vt 0.106337 0.308777
vt 0.101973 0.299369
vt 0.106895 0.294651
vt 0.114218 0.289123
vt 0.133422 0.285805
vt 0.125388 0.270239
vt 0.105452 0.286369
vt 0.097044 0.287781
vt 0.099774 0.271560
vt 0.093160 0.252227
vt 0.120714 0.248204
vt 0.105663 0.232984
vt 0.134043 0.228897
vt 0.078760 0.237129
vt 0.058263 0.225033
vt 0.087453 0.223075
vt 0.523951 0.756425
vt 0.547235 0.750234
vt 0.782468 0.258812
vt 0.782502 0.229747
vt 0.804194 0.228601
vt 0.804158 0.258743
vt 0.781684 0.206341
vt 0.802167 0.203603
vt 0.820940 0.204035
vt 0.822559 0.228931
vt 0.822590 0.258791
vt 0.742433 0.259531
vt 0.742083 0.235720
vt 0.760857 0.233275
vt 0.761872 0.259082
vt 0.902230 0.193869
vt 0.918077 0.188232
vt 0.932935 0.193763
vt 0.758939 0.212885
vt 0.342957 0.040768
vt 0.355806 0.044156
vt 0.371939 0.030038
vt 0.375221 0.040566
vt 0.495289 0.742368
vt 0.512357 0.746077
vt 0.375430 0.481137
vt 0.355949 0.477549
vt 0.372230 0.491670
vt 0.343065 0.480939
vt 0.707003 0.674735
vt 0.688765 0.676017
vt 0.566355 0.509100
vt 0.586870 0.508880
vt 0.591082 0.514154
vt 0.566383 0.515033
vt 0.606697 0.662689
vt 0.619861 0.663558
vt 0.627304 0.667224
vt 0.606693 0.508880
vt 0.612698 0.510834
vt 0.608216 0.515473
vt 0.607626 0.525073
vt 0.588787 0.524740
vt 0.566403 0.524898
vt 0.883057 0.706351
vt 0.880711 0.709742
vt 0.864903 0.699253
vt 0.867467 0.696188
vt 0.792442 0.712744
vt 0.793134 0.708047
vt 0.809549 0.707935
vt 0.809549 0.712485
vt 0.383571 0.519603
vt 0.379539 0.518160
vt 0.391625 0.513814
vt 0.818525 0.706410
vt 0.847743 0.695079
vt 0.852448 0.690394
vt 0.749324 0.715246
vt 0.754457 0.712973
vt 0.771264 0.713523
vt 0.076769 0.280358
vt 0.082282 0.294073
vt 0.081985 0.301023
vt 0.755234 0.708390
vt 0.774032 0.708385
vt 0.896034 0.719275
vt 0.078237 0.276627
vt 0.068659 0.260946
vt 0.082634 0.287565
vt 0.737544 0.715995
vt 0.736064 0.712790
vt 0.717781 0.715995
vt 0.717907 0.712790
vt 0.717924 0.708392
vt 0.736132 0.708392
vt 0.945121 0.598168
vt 0.929453 0.608397
vt 0.927044 0.605468
vt 0.942117 0.595676
vt 0.914449 0.614308
vt 0.909481 0.609722
vt 0.688765 0.702871
vt 0.701807 0.708392
vt 0.701807 0.712790
vt 0.391869 0.878741
vt 0.379227 0.874470
vt 0.379300 0.869312
vt 0.453771 0.637649
vt 0.464788 0.646981
vt 0.455668 0.646695
vt 0.444175 0.634311
vt 0.476170 0.663660
vt 0.466814 0.663230
vt 0.454665 0.662673
vt 0.443826 0.646323
vt 0.432793 0.634218
vt 0.378887 0.633388
vt 0.377688 0.623212
vt 0.385801 0.621582
vt 0.388825 0.631938
vt 0.377723 0.605137
vt 0.385910 0.603224
vt 0.392957 0.602689
vt 0.392853 0.620228
vt 0.395977 0.630123
vt 0.119717 0.899806
vt 0.136842 0.899806
vt 0.136744 0.906819
vt 0.119570 0.906819
vt 0.464894 0.615777
vt 0.453882 0.614683
vt 0.453123 0.609449
vt 0.467974 0.608965
vt 0.453188 0.598445
vt 0.468037 0.598297
vt 0.136744 0.917773
vt 0.119570 0.917773
vt 0.777605 0.534520
vt 0.781035 0.544379
vt 0.768311 0.532571
vt 0.768016 0.523200
vt 0.781130 0.556075
vt 0.768693 0.544738
vt 0.751894 0.533601
vt 0.751321 0.521118
vt 0.750880 0.511505
vt 0.086083 0.899806
vt 0.102838 0.899806
vt 0.102740 0.906819
vt 0.086083 0.906819
vt 0.102740 0.917773
vt 0.086083 0.917773
vt 0.053451 0.899806
vt 0.069327 0.899806
vt 0.069425 0.906819
vt 0.053640 0.906819
vt 0.069425 0.917773
vt 0.053640 0.917773
vt 0.717196 0.581996
vt 0.698113 0.582952
vt 0.698304 0.577429
vt 0.717223 0.576609
vt 0.680099 0.587434
vt 0.680436 0.581618
vt 0.680896 0.573569
vt 0.698544 0.569796
vt 0.717223 0.569174
vt 0.938163 0.819918
vt 0.928189 0.820305
vt 0.926153 0.813089
vt 0.939230 0.814321
vt 0.039335 0.899806
vt 0.039598 0.906819
vt 0.039598 0.917773
vt 0.029390 0.917531
vt 0.029390 0.906233
vt 0.466367 0.749357
vt 0.457130 0.752529
vt 0.463071 0.742713
vt 0.473234 0.741945
vt 0.443378 0.753718
vt 0.449875 0.743711
vt 0.456178 0.729460
vt 0.468665 0.728746
vt 0.478282 0.728196
vt 0.395258 0.696408
vt 0.394444 0.677689
vt 0.412010 0.678004
vt 0.412807 0.696416
vt 0.390659 0.659875
vt 0.407728 0.660518
vt 0.415349 0.660868
vt 0.419439 0.678237
vt 0.420044 0.696416
vt 0.469605 0.713021
vt 0.478725 0.712735
vt 0.457763 0.713393
vt 0.457376 0.696416
vt 0.468911 0.696416
vt 0.477795 0.696416
vt 0.378634 0.758999
vt 0.390259 0.760319
vt 0.387460 0.770679
vt 0.377466 0.769466
vt 0.398900 0.762107
vt 0.396214 0.772005
vt 0.396353 0.789544
vt 0.387606 0.789037
vt 0.377839 0.788466
vt 0.664202 0.597052
vt 0.664667 0.590908
vt 0.650824 0.610265
vt 0.653627 0.599788
vt 0.654393 0.590925
vt 0.665310 0.582402
vt 0.734284 0.518251
vt 0.733990 0.508880
vt 0.734666 0.530419
vt 0.717223 0.530816
vt 0.717223 0.518963
vt 0.717223 0.509835
vt 0.607387 0.535415
vt 0.588021 0.535400
vt 0.607291 0.551985
vt 0.588018 0.552423
vt 0.566088 0.552298
vt 0.566318 0.535156
vt 0.845017 0.208485
vt 0.865506 0.213539
vt 0.866294 0.234641
vt 0.846396 0.231631
vt 0.883933 0.218415
vt 0.884113 0.237738
vt 0.884154 0.259609
vt 0.866533 0.259325
vt 0.846766 0.259034
vt 0.524159 0.524982
vt 0.524214 0.535051
vt 0.509666 0.536556
vt 0.508278 0.525468
vt 0.524197 0.550496
vt 0.514180 0.548962
vt 0.508279 0.549428
vt 0.507643 0.549316
vt 0.497526 0.551083
vt 0.497251 0.536651
vt 0.496529 0.526595
vt 0.518548 0.510834
vt 0.523553 0.515473
vt 0.507813 0.515912
vt 0.507747 0.509320
vt 0.496282 0.516893
vt 0.495289 0.509596
vt 0.877584 0.326463
vt 0.882438 0.333075
vt 0.859919 0.343188
vt 0.862125 0.330049
vt 0.885485 0.341703
vt 0.872218 0.346986
vt 0.657764 0.919549
vt 0.661763 0.906876
vt 0.668116 0.922185
vt 0.860207 0.350963
vt 0.846960 0.352862
vt 0.826918 0.356362
vt 0.833625 0.346140
vt 0.838488 0.333154
vt 0.781471 0.309204
vt 0.758628 0.304603
vt 0.760796 0.284380
vt 0.782434 0.286777
vt 0.746343 0.298620
vt 0.741555 0.283745
vt 0.820976 0.310904
vt 0.801993 0.311450
vt 0.804124 0.287589
vt 0.822565 0.287398
vt 0.884137 0.281680
vt 0.866539 0.283670
vt 0.883965 0.301443
vt 0.865921 0.304475
vt 0.845694 0.307754
vt 0.846787 0.285590
vt 0.877530 0.194175
vt 0.883532 0.203985
vt 0.863849 0.199937
vt 0.861815 0.189585
vt 0.841967 0.194704
vt 0.837880 0.185052
vt 0.622865 0.515912
vt 0.622803 0.525098
vt 0.622920 0.509320
vt 0.812360 0.883583
vt 0.820377 0.882529
vt 0.818359 0.896287
vt 0.634260 0.509650
vt 0.633104 0.517108
vt 0.632956 0.527001
vt 0.622621 0.535074
vt 0.622248 0.550958
vt 0.632605 0.536984
vt 0.631905 0.552459
vt 0.543605 0.524593
vt 0.541107 0.514154
vt 0.524550 0.508880
vt 0.541909 0.667371
vt 0.549544 0.663736
vt 0.563292 0.662853
vt 0.545119 0.508880
vt 0.544073 0.534812
vt 0.543157 0.551632
vt 0.390585 0.029390
vt 0.391246 0.038849
vt 0.398281 0.031606
vt 0.401973 0.038234
vt 0.407141 0.050523
vt 0.402346 0.053540
vt 0.407601 0.471292
vt 0.401832 0.483465
vt 0.391302 0.482852
vt 0.404809 0.468636
vt 0.398204 0.490098
vt 0.390671 0.492316
vt 0.245100 0.865799
vt 0.247116 0.869255
vt 0.241566 0.875530
vt 0.236991 0.867038
vt 0.752130 0.839174
vt 0.751077 0.843102
vt 0.741791 0.844943
vt 0.743445 0.837946
vt 0.934266 0.145959
vt 0.936718 0.141366
vt 0.946993 0.141635
vt 0.942585 0.147951
vt 0.958212 0.817598
vt 0.955794 0.813573
vt 0.962964 0.813089
vt 0.969220 0.817806
vt 0.231241 0.870323
vt 0.234707 0.876397
vt 0.773090 0.845525
vt 0.775209 0.839278
vt 0.786146 0.838465
vt 0.706560 0.946687
vt 0.720249 0.950056
vt 0.692225 0.949975
vt 0.655980 0.838868
vt 0.657707 0.843013
vt 0.643481 0.847132
vt 0.508329 0.876674
vt 0.504567 0.879945
vt 0.495289 0.877716
vt 0.516088 0.879115
vt 0.515064 0.881812
vt 0.864984 0.657276
vt 0.870357 0.656579
vt 0.868354 0.659804
vt 0.855132 0.662843
vt 0.541572 0.880405
vt 0.557036 0.880575
vt 0.554803 0.884882
vt 0.541797 0.884443
vt 0.565886 0.881505
vt 0.566595 0.884835
vt 0.565686 0.887710
vt 0.556481 0.888475
vt 0.543841 0.886913
vt 0.584848 0.877938
vt 0.584901 0.883259
vt 0.576734 0.884454
vt 0.573646 0.879781
vt 0.624822 0.910015
vt 0.621220 0.912587
vt 0.611876 0.910076
vt 0.616381 0.906876
vt 0.572766 0.888626
vt 0.421724 0.909161
vt 0.411545 0.911295
vt 0.410276 0.906430
vt 0.423145 0.905120
vt 0.403167 0.910773
vt 0.400367 0.907877
vt 0.966050 0.746371
vt 0.964974 0.737800
vt 0.970599 0.738214
vt 0.970593 0.748494
vt 0.411846 0.901859
vt 0.425707 0.899806
vt 0.263366 0.541538
vt 0.246852 0.534687
vt 0.255219 0.531075
vt 0.795065 0.769945
vt 0.807043 0.767668
vt 0.808545 0.772666
vt 0.239742 0.524493
vt 0.246846 0.523109
vt 0.925897 0.170204
vt 0.917298 0.171045
vt 0.915479 0.167097
vt 0.783365 0.772045
vt 0.783941 0.769614
vt 0.902230 0.171304
vt 0.903742 0.165957
vt 0.848824 0.604724
vt 0.832615 0.606737
vt 0.835079 0.602071
vt 0.849032 0.600393
vt 0.823097 0.606970
vt 0.822084 0.603939
vt 0.824805 0.598975
vt 0.846011 0.597603
vt 0.852276 0.597668
vt 0.862211 0.599422
vt 0.864481 0.603752
vt 0.866554 0.595810
vt 0.874426 0.596537
vt 0.874162 0.599211
vt 0.873432 0.602614
vt 0.946260 0.573049
vt 0.943316 0.567674
vt 0.955837 0.567700
vt 0.960763 0.572762
vt 0.941740 0.563478
vt 0.950465 0.561829
vt 0.964595 0.562187
vt 0.965805 0.567688
vt 0.966201 0.571264
vt 0.615600 0.890312
vt 0.611876 0.883907
vt 0.613049 0.880882
vt 0.619145 0.883067
vt 0.903956 0.419782
vt 0.902230 0.416475
vt 0.903634 0.411272
vt 0.897691 0.942299
vt 0.899381 0.947957
vt 0.897303 0.950806
vt 0.622359 0.879033
vt 0.617833 0.877324
vt 0.644977 0.878540
vt 0.649752 0.881864
vt 0.637283 0.883957
vt 0.634033 0.878140
vt 0.653622 0.886152
vt 0.649737 0.887971
vt 0.644735 0.889808
vt 0.633939 0.889478
vt 0.692225 0.916876
vt 0.704500 0.921973
vt 0.699444 0.924798
vt 0.906442 0.139506
vt 0.919342 0.137192
vt 0.919042 0.141957
vt 0.902230 0.143133
vt 0.932867 0.138218
vt 0.921952 0.147898
vt 0.907476 0.147559
vt 0.695948 0.481464
vt 0.692562 0.475913
vt 0.709928 0.481470
vt 0.703048 0.486863
vt 0.683257 0.466610
vt 0.699953 0.466187
vt 0.728577 0.466436
vt 0.731366 0.481710
vt 0.731855 0.489362
vt 0.719814 0.491937
vt 0.710349 0.491593
vt 0.750963 0.055721
vt 0.742895 0.054832
vt 0.742893 0.039670
vt 0.754090 0.043805
vt 0.724701 0.054663
vt 0.726699 0.039755
vt 0.728299 0.032249
vt 0.738950 0.029558
vt 0.751473 0.030526
vt 0.776608 0.745206
vt 0.783023 0.741633
vt 0.792541 0.743118
vt 0.799323 0.796651
vt 0.799552 0.791158
vt 0.815070 0.791560
vt 0.783709 0.737800
vt 0.792783 0.739200
vt 0.803413 0.740385
vt 0.803386 0.744327
vt 0.801629 0.747159
vt 0.789834 0.747403
vt 0.816923 0.745560
vt 0.926476 0.774018
vt 0.932286 0.767668
vt 0.940319 0.768473
vt 0.816753 0.741659
vt 0.831340 0.742588
vt 0.831049 0.746489
vt 0.831909 0.750305
vt 0.808547 0.749257
vt 0.843664 0.746787
vt 0.854533 0.750297
vt 0.845707 0.742737
vt 0.854200 0.743540
vt 0.855364 0.746324
vt 0.858613 0.749065
vt 0.861558 0.741920
vt 0.866746 0.744970
vt 0.944380 0.213120
vt 0.955411 0.211866
vt 0.966000 0.213378
vt 0.880988 0.740312
vt 0.879349 0.740639
vt 0.874387 0.744362
vt 0.173374 0.837409
vt 0.187072 0.841529
vt 0.185521 0.844152
vt 0.815213 0.919873
vt 0.812360 0.918553
vt 0.813383 0.912850
vt 0.871252 0.749489
vt 0.925663 0.054223
vt 0.920343 0.059677
vt 0.917779 0.054902
vt 0.640022 0.797492
vt 0.631017 0.798490
vt 0.632615 0.794848
vt 0.637977 0.792730
vt 0.649192 0.793445
vt 0.650500 0.796528
vt 0.651970 0.801089
vt 0.639736 0.802135
vt 0.630506 0.803569
vt 0.656059 0.791693
vt 0.663985 0.795778
vt 0.676670 0.791174
vt 0.678205 0.795339
vt 0.679154 0.798562
vt 0.670655 0.800310
vt 0.700707 0.799220
vt 0.702324 0.795902
vt 0.712786 0.797354
vt 0.707231 0.801620
vt 0.703362 0.791875
vt 0.715722 0.793552
vt 0.721206 0.796351
vt 0.721361 0.799524
vt 0.721912 0.804131
vt 0.653798 0.879725
vt 0.429694 0.940763
vt 0.433196 0.941849
vt 0.434715 0.945717
vt 0.648304 0.877129
vt 0.433646 0.938431
vt 0.195716 0.508880
vt 0.200871 0.510412
vt 0.197109 0.513275
vt 0.763105 0.810355
vt 0.753183 0.816833
vt 0.752679 0.809269
vt 0.959243 0.236473
vt 0.965223 0.231779
vt 0.970454 0.236258
vt 0.661395 0.716779
vt 0.661915 0.709415
vt 0.665875 0.710734
vt 0.667949 0.721236
vt 0.669688 0.711441
vt 0.672201 0.719026
vt 0.950011 0.389820
vt 0.949976 0.389820
vt 0.945884 0.389816
vt 0.951887 0.035958
vt 0.952180 0.029390
vt 0.954774 0.032733
vt 0.946563 0.038155
vt 0.945772 0.035009
vt 0.065200 0.375664
vt 0.062374 0.370957
vt 0.072435 0.364694
vt 0.057850 0.377528
vt 0.054646 0.374103
vt 0.836940 0.940842
vt 0.841110 0.940799
vt 0.845659 0.946462
vt 0.880739 0.918848
vt 0.871556 0.921265
vt 0.869255 0.918467
vt 0.057669 0.369883
vt 0.066883 0.362995
vt 0.967524 0.188908
vt 0.955959 0.192420
vt 0.949499 0.188232
vt 0.431584 0.072390
vt 0.433213 0.091058
vt 0.360701 0.936535
vt 0.347977 0.947517
vt 0.332337 0.953438
vt 0.344220 0.952238
vt 0.336261 0.955559
vt 0.327801 0.955222
vt 0.320399 0.953587
vt 0.307074 0.949483
vt 0.301585 0.946010
vt 0.483378 0.068978
vt 0.475103 0.077397
vt 0.281812 0.940097
vt 0.475901 0.092165
vt 0.441466 0.451226
vt 0.908992 0.649517
vt 0.931113 0.655125
vt 0.944191 0.666882
vt 0.440667 0.431127
vt 0.501769 0.430466
vt 0.506478 0.448580
vt 0.841185 0.668019
vt 0.510689 0.464525
vt 0.885304 0.651305
vt 0.892459 0.648143
vt 0.904644 0.645997
vt 0.913479 0.644864
vt 0.920475 0.645873
vt 0.929317 0.649681
vt 0.813025 0.945399
vt 0.820051 0.945464
vt 0.812360 0.951984
vt 0.968880 0.137192
vt 0.967495 0.146424
vt 0.963557 0.137343
vt 0.881305 0.604478
vt 0.892834 0.606906
vt 0.892917 0.610377
vt 0.872263 0.607002
vt 0.350396 0.562846
vt 0.330555 0.570965
vt 0.330926 0.563162
vt 0.350591 0.554438
vt 0.308886 0.571689
vt 0.308573 0.563069
vt 0.308643 0.558064
vt 0.347326 0.761048
vt 0.360407 0.759053
vt 0.364344 0.768381
vt 0.348058 0.767582
vt 0.365385 0.787729
vt 0.348637 0.782634
vt 0.756758 0.845293
vt 0.763294 0.839566
vt 0.871748 0.970504
vt 0.869255 0.964174
vt 0.872046 0.961383
vt 0.245397 0.858984
vt 0.254994 0.861823
vt 0.675661 0.837946
vt 0.264028 0.854543
vt 0.520540 0.884500
vt 0.528012 0.883365
vt 0.934715 0.263133
vt 0.926333 0.261879
vt 0.941531 0.258565
vt 0.525494 0.879291
vt 0.536232 0.886954
vt 0.443823 0.909619
vt 0.430419 0.910287
vt 0.435581 0.904581
vt 0.445419 0.904410
vt 0.641200 0.923953
vt 0.624777 0.916430
vt 0.634232 0.914966
vt 0.956882 0.767668
vt 0.968911 0.767853
vt 0.962005 0.773249
vt 0.815336 0.609449
vt 0.811774 0.605482
vt 0.822071 0.768107
vt 0.802571 0.607026
vt 0.800457 0.601884
vt 0.811836 0.600322
vt 0.884427 0.599816
vt 0.892692 0.601398
vt 0.883054 0.595676
vt 0.934429 0.309891
vt 0.942821 0.307526
vt 0.945654 0.310045
vt 0.902230 0.263697
vt 0.904887 0.258565
vt 0.909770 0.268214
vt 0.906395 0.272387
vt 0.920502 0.566397
vt 0.923117 0.562891
vt 0.931472 0.561640
vt 0.930432 0.567194
vt 0.932257 0.571978
vt 0.234510 0.515690
vt 0.240707 0.515917
vt 0.897303 0.969874
vt 0.900434 0.967370
vt 0.902847 0.969896
vt 0.236906 0.510814
vt 0.943482 0.171668
vt 0.932990 0.171245
vt 0.936816 0.166435
vt 0.943546 0.164515
vt 0.776608 0.770154
vt 0.875264 0.938294
vt 0.869258 0.944819
vt 0.869255 0.937828
vt 0.505109 0.086455
vt 0.504640 0.075425
vt 0.517672 0.074233
vt 0.514426 0.090941
vt 0.506850 0.058641
vt 0.519857 0.057142
vt 0.534564 0.055215
vt 0.533735 0.073373
vt 0.532626 0.091159
vt 0.604216 0.446821
vt 0.592034 0.448491
vt 0.577179 0.448269
vt 0.886664 0.751104
vt 0.586591 0.944446
vt 0.583938 0.949752
vt 0.578213 0.954115
vt 0.582128 0.458160
vt 0.573213 0.470187
vt 0.551927 0.466737
vt 0.566460 0.430388
vt 0.625230 0.429088
vt 0.628152 0.443067
vt 0.650824 0.627911
vt 0.672977 0.627029
vt 0.704512 0.627673
vt 0.629955 0.446530
vt 0.536040 0.029772
vt 0.535811 0.040853
vt 0.523877 0.044265
vt 0.527633 0.036188
vt 0.516784 0.047450
vt 0.565424 0.489226
vt 0.551870 0.491592
vt 0.543907 0.481647
vt 0.569083 0.482120
vt 0.540261 0.491070
vt 0.532535 0.486264
vt 0.524713 0.481027
vt 0.522181 0.475757
vt 0.511489 0.682178
vt 0.506665 0.698233
vt 0.501084 0.691129
vt 0.507549 0.674606
vt 0.504979 0.709158
vt 0.501553 0.710082
vt 0.497610 0.709847
vt 0.496261 0.699934
vt 0.741467 0.492131
vt 0.496322 0.677257
vt 0.499573 0.666270
vt 0.679359 0.430538
vt 0.677147 0.448867
vt 0.722747 0.430407
vt 0.722491 0.448343
vt 0.670508 0.457774
vt 0.659140 0.455027
vt 0.652472 0.450561
vt 0.037068 0.526963
vt 0.037263 0.517188
vt 0.055910 0.520843
vt 0.054242 0.532963
vt 0.033784 0.509798
vt 0.049233 0.510870
vt 0.059603 0.511641
vt 0.066573 0.516625
vt 0.075283 0.524571
vt 0.072322 0.531388
vt 0.071597 0.542079
vt 0.255696 0.761376
vt 0.276506 0.759352
vt 0.286366 0.767591
vt 0.259613 0.768058
vt 0.306159 0.758864
vt 0.307474 0.767251
vt 0.307739 0.780550
vt 0.286492 0.781677
vt 0.259630 0.782940
vt 0.754090 0.069054
vt 0.742894 0.073304
vt 0.754496 0.089166
vt 0.742913 0.091286
vt 0.718588 0.090951
vt 0.719229 0.072541
vt 0.834118 0.796790
vt 0.833247 0.799654
vt 0.821990 0.797725
vt 0.828031 0.793732
vt 0.712947 0.842188
vt 0.714492 0.846702
vt 0.703298 0.851601
vt 0.702965 0.847060
vt 0.692448 0.856222
vt 0.692225 0.851889
vt 0.810176 0.796598
vt 0.500335 0.719996
vt 0.495289 0.717494
vt 0.505189 0.716542
vt 0.902230 0.331065
vt 0.905525 0.326809
vt 0.912948 0.330597
vt 0.720850 0.837946
vt 0.725227 0.841916
vt 0.842917 0.796561
vt 0.842430 0.802005
vt 0.961129 0.105528
vt 0.964685 0.103100
vt 0.968898 0.113068
vt 0.185972 0.850336
vt 0.193333 0.850557
vt 0.191963 0.857568
vt 0.580180 0.471430
vt 0.581900 0.959001
vt 0.578653 0.969649
vt 0.812444 0.928835
vt 0.915107 0.242001
vt 0.909443 0.239360
vt 0.902230 0.231779
vt 0.180743 0.842085
vt 0.197408 0.861676
vt 0.192488 0.870319
vt 0.961038 0.093437
vt 0.203271 0.867114
vt 0.199090 0.873237
vt 0.852691 0.901030
vt 0.850134 0.904963
vt 0.836940 0.901479
vt 0.953379 0.089624
vt 0.950685 0.082817
vt 0.570186 0.491553
vt 0.577439 0.481464
vt 0.690840 0.799840
vt 0.690891 0.795305
vt 0.691391 0.791158
vt 0.474853 0.939841
vt 0.469492 0.941733
vt 0.465039 0.937735
vt 0.474503 0.936612
vt 0.455894 0.943784
vt 0.453581 0.939334
vt 0.197026 0.530492
vt 0.194747 0.542947
vt 0.185991 0.541611
vt 0.189921 0.530782
vt 0.736115 0.807298
vt 0.180331 0.550470
vt 0.442063 0.941039
vt 0.443760 0.945632
vt 0.438996 0.936535
vt 0.198851 0.518767
vt 0.193025 0.519856
vt 0.195043 0.511624
vt 0.691541 0.803812
vt 0.166888 0.556827
vt 0.181019 0.552291
vt 0.183897 0.555658
vt 0.724861 0.806375
vt 0.187743 0.562960
vt 0.165903 0.564932
vt 0.151981 0.559538
vt 0.148888 0.566789
vt 0.148286 0.566800
vt 0.117774 0.567872
vt 0.118961 0.558282
vt 0.114171 0.550402
vt 0.131952 0.553980
vt 0.102219 0.554047
vt 0.102562 0.545997
vt 0.101790 0.563974
vt 0.092897 0.557316
vt 0.093394 0.547740
vt 0.093840 0.540333
vt 0.084122 0.540271
vt 0.084722 0.532977
vt 0.083657 0.550107
vt 0.218489 0.528550
vt 0.216337 0.515006
vt 0.214865 0.510493
vt 0.226323 0.509726
vt 0.230604 0.510587
vt 0.235054 0.512036
vt 0.284033 0.549506
vt 0.293110 0.553774
vt 0.286091 0.556136
vt 0.276543 0.547228
vt 0.288038 0.566511
vt 0.260967 0.560347
vt 0.259738 0.550035
vt 0.939078 0.558370
vt 0.964983 0.558357
vt 0.364587 0.523589
vt 0.367224 0.531340
vt 0.359108 0.540508
vt 0.368202 0.515776
vt 0.372457 0.514944
vt 0.382263 0.511594
vt 0.379501 0.524674
vt 0.380466 0.530435
vt 0.366308 0.544948
vt 0.328569 0.767227
vt 0.328938 0.780555
vt 0.333542 0.758841
vt 0.183989 0.783120
vt 0.183953 0.768699
vt 0.221585 0.768467
vt 0.221587 0.783341
vt 0.182402 0.759130
vt 0.227974 0.759236
vt 0.112883 0.783877
vt 0.112920 0.769219
vt 0.125278 0.768839
vt 0.125296 0.782836
vt 0.112934 0.762506
vt 0.120974 0.760023
vt 0.137410 0.762128
vt 0.140352 0.768586
vt 0.140424 0.782196
vt 0.158393 0.768639
vt 0.158461 0.782514
vt 0.145789 0.759742
vt 0.094509 0.785721
vt 0.094596 0.769912
vt 0.103026 0.769545
vt 0.102993 0.784761
vt 0.096260 0.762882
vt 0.104306 0.760288
vt 0.075918 0.788270
vt 0.076699 0.770945
vt 0.086631 0.770414
vt 0.086314 0.786987
vt 0.079527 0.763411
vt 0.092120 0.760569
vt 0.046373 0.789652
vt 0.048661 0.771226
vt 0.062364 0.771402
vt 0.060830 0.789284
vt 0.057146 0.763615
vt 0.074389 0.760909
vt 0.538951 0.970561
vt 0.531262 0.970484
vt 0.554299 0.970372
vt 0.745979 0.627835
vt 0.734542 0.627480
vt 0.729391 0.627202
vt 0.369463 0.377750
vt 0.390697 0.378687
vt 0.387250 0.381275
vt 0.346514 0.377527
vt 0.384499 0.388932
vt 0.344797 0.386052
vt 0.329721 0.370504
vt 0.330267 0.369627
vt 0.334965 0.372438
vt 0.775610 0.627736
vt 0.762543 0.627822
vt 0.781275 0.627029
vt 0.744824 0.950379
vt 0.744864 0.955659
vt 0.742589 0.962970
vt 0.743689 0.949838
vt 0.938391 0.289034
vt 0.946047 0.288951
vt 0.956281 0.289437
vt 0.762220 0.950061
vt 0.761577 0.938468
vt 0.762548 0.930447
vt 0.385761 0.937028
vt 0.390496 0.936687
vt 0.386003 0.941750
vt 0.382536 0.940571
vt 0.394937 0.938506
vt 0.392221 0.942888
vt 0.389408 0.948143
vt 0.383497 0.947072
vt 0.380042 0.946060
vt 0.364846 0.900263
vt 0.379377 0.899806
vt 0.379186 0.906974
vt 0.366108 0.908194
vt 0.382769 0.901707
vt 0.383492 0.906244
vt 0.383702 0.912279
vt 0.379423 0.913308
vt 0.370423 0.914433
vt 0.283933 0.907243
vt 0.281812 0.905231
vt 0.286630 0.906553
vt 0.288507 0.909150
vt 0.907988 0.373253
vt 0.906791 0.370720
vt 0.910154 0.368769
vt 0.286140 0.902572
vt 0.300690 0.901819
vt 0.301120 0.907002
vt 0.304451 0.909806
vt 0.296546 0.910316
vt 0.296274 0.911105
vt 0.402829 0.936783
vt 0.403270 0.943401
vt 0.506379 0.960444
vt 0.495289 0.966940
vt 0.495987 0.958565
vt 0.413130 0.936535
vt 0.411432 0.943110
vt 0.407916 0.948144
vt 0.404404 0.950375
vt 0.398996 0.949145
vt 0.811882 0.336005
vt 0.806322 0.348009
vt 0.793727 0.348234
vt 0.795617 0.336938
vt 0.801746 0.357559
vt 0.791680 0.357085
vt 0.783134 0.356425
vt 0.782471 0.348141
vt 0.782332 0.338680
vt 0.736177 0.313373
vt 0.736488 0.305239
vt 0.756633 0.315510
vt 0.755219 0.322473
vt 0.778646 0.321658
vt 0.773860 0.327715
vt 0.803581 0.574041
vt 0.800457 0.568723
vt 0.804417 0.568449
vt 0.809090 0.575982
vt 0.933552 0.862396
vt 0.926863 0.864565
vt 0.920717 0.862089
vt 0.970222 0.258608
vt 0.961032 0.262205
vt 0.958095 0.258565
vt 0.822399 0.562522
vt 0.817579 0.568547
vt 0.809283 0.559973
vt 0.821445 0.574101
vt 0.930378 0.700466
vt 0.924691 0.698693
vt 0.927993 0.692997
vt 0.936598 0.697954
vt 0.648303 0.342081
vt 0.646692 0.335525
vt 0.647935 0.329705
vt 0.915691 0.689333
vt 0.912598 0.684583
vt 0.926300 0.685100
vt 0.649889 0.340351
vt 0.654643 0.324407
vt 0.934623 0.684887
vt 0.939461 0.689517
vt 0.942011 0.693843
vt 0.783049 0.182230
vt 0.782824 0.187517
vt 0.777732 0.186117
vt 0.777118 0.182229
vt 0.774842 0.191738
vt 0.773163 0.188300
vt 0.774706 0.184407
vt 0.932237 0.740254
vt 0.940513 0.738737
vt 0.938238 0.745069
vt 0.926717 0.745463
vt 0.258724 0.908273
vt 0.262195 0.902607
vt 0.265248 0.902990
vt 0.948410 0.737800
vt 0.761001 0.192875
vt 0.770592 0.186563
vt 0.759593 0.199418
vt 0.738593 0.210291
vt 0.732453 0.203367
vt 0.752181 0.192864
vt 0.753174 0.199410
vt 0.794290 0.910332
vt 0.790152 0.908445
vt 0.784453 0.896481
vt 0.743702 0.192953
vt 0.170136 0.967496
vt 0.157302 0.968289
vt 0.157334 0.959703
vt 0.169538 0.959150
vt 0.154286 0.965796
vt 0.153406 0.959553
vt 0.155970 0.953924
vt 0.160947 0.951730
vt 0.172749 0.953248
vt 0.945341 0.512867
vt 0.953032 0.511351
vt 0.954958 0.518642
vt 0.942125 0.518200
vt 0.958032 0.509729
vt 0.963441 0.511525
vt 0.654827 0.199927
vt 0.648707 0.192215
vt 0.650083 0.184416
vt 0.968555 0.508880
vt 0.647794 0.184953
vt 0.648898 0.179260
vt 0.956574 0.525866
vt 0.963660 0.514938
vt 0.951756 0.527977
vt 0.946153 0.525919
vt 0.940103 0.523094
vt 0.936454 0.510301
vt 0.940561 0.510248
vt 0.934336 0.517902
vt 0.932164 0.515107
vt 0.934319 0.523850
vt 0.960210 0.862089
vt 0.956089 0.864245
vt 0.950115 0.862493
vt 0.957656 0.839905
vt 0.966850 0.837946
vt 0.966921 0.843930
vt 0.928155 0.519198
vt 0.927589 0.521476
vt 0.346877 0.140335
vt 0.331776 0.139615
vt 0.338481 0.130657
vt 0.350530 0.136059
vt 0.385315 0.127800
vt 0.386164 0.135359
vt 0.804958 0.518735
vt 0.810219 0.520325
vt 0.800859 0.523171
vt 0.800741 0.519010
vt 0.822196 0.523865
vt 0.815985 0.529424
vt 0.811566 0.532546
vt 0.800457 0.529126
vt 0.330340 0.162461
vt 0.330963 0.150421
vt 0.879228 0.627992
vt 0.885766 0.626940
vt 0.892534 0.627847
vt 0.933089 0.901472
vt 0.935524 0.901226
vt 0.939781 0.901287
vt 0.330938 0.156774
vt 0.331117 0.150577
vt 0.806663 0.514539
vt 0.809267 0.516418
vt 0.801056 0.516427
vt 0.802702 0.514415
vt 0.920520 0.411272
vt 0.926146 0.411341
vt 0.920601 0.411746
vt 0.932939 0.901030
vt 0.851237 0.883629
vt 0.851990 0.882529
vt 0.854076 0.882619
vt 0.927174 0.389816
vt 0.929320 0.390966
vt 0.923896 0.391447
vt 0.951390 0.919060
vt 0.945086 0.919664
vt 0.947224 0.918467
vt 0.500787 0.851759
vt 0.499520 0.853140
vt 0.497202 0.852694
vt 0.502725 0.850202
vt 0.511490 0.848454
vt 0.513691 0.849322
vt 0.511204 0.851694
vt 0.593581 0.839847
vt 0.595313 0.841465
vt 0.591152 0.840973
vt 0.589702 0.838938
vt 0.595204 0.845423
vt 0.591000 0.844844
vt 0.580318 0.844504
vt 0.577420 0.841254
vt 0.579638 0.839380
vt 0.919541 0.961696
vt 0.921580 0.958880
vt 0.921294 0.966906
vt 0.497094 0.923497
vt 0.495715 0.925446
vt 0.495289 0.918555
vt 0.496313 0.915246
vt 0.498885 0.915787
vt 0.500776 0.920716
vt 0.501895 0.930684
vt 0.498497 0.932694
vt 0.497135 0.931763
vt 0.943943 0.042576
vt 0.936156 0.043641
vt 0.691741 0.045775
vt 0.689968 0.052249
vt 0.679431 0.057620
vt 0.930719 0.053707
vt 0.621954 0.799340
vt 0.779562 0.791158
vt 0.782760 0.795179
vt 0.773423 0.802537
vt 0.620829 0.805510
vt 0.760458 0.805106
vt 0.770589 0.797370
vt 0.615833 0.403872
vt 0.673845 0.404040
vt 0.678486 0.416727
vt 0.621269 0.416727
vt 0.721395 0.405533
vt 0.722499 0.416727
vt 0.433496 0.104981
vt 0.478300 0.104403
vt 0.478508 0.115824
vt 0.433732 0.116441
vt 0.307542 0.633134
vt 0.335977 0.633100
vt 0.350321 0.640830
vt 0.303518 0.641520
vt 0.350520 0.631263
vt 0.362849 0.633166
vt 0.382558 0.643760
vt 0.354131 0.658620
vt 0.303352 0.658140
vt 0.861531 0.862454
vt 0.862632 0.864766
vt 0.851249 0.862089
vt 0.969271 0.717097
vt 0.967381 0.720274
vt 0.960535 0.717030
vt 0.651716 0.967704
vt 0.651844 0.969538
vt 0.646410 0.970610
vt 0.642888 0.967566
vt 0.502707 0.796488
vt 0.517098 0.793304
vt 0.501352 0.799729
vt 0.639907 0.969134
vt 0.518772 0.797274
vt 0.502206 0.802658
vt 0.353245 0.915333
vt 0.345939 0.915511
vt 0.336724 0.910122
vt 0.908430 0.882636
vt 0.924887 0.882636
vt 0.336104 0.915633
vt 0.322717 0.912683
vt 0.333490 0.901553
vt 0.662212 0.969683
vt 0.657677 0.969586
vt 0.659854 0.968184
vt 0.964091 0.330619
vt 0.957760 0.326809
vt 0.963090 0.328006
vt 0.928522 0.918467
vt 0.922455 0.920356
vt 0.919541 0.918668
vt 0.870569 0.862329
vt 0.902230 0.368986
vt 0.902930 0.372585
vt 0.741791 0.943522
vt 0.812360 0.969818
vt 0.817577 0.968548
vt 0.819848 0.969885
vt 0.604266 0.809551
vt 0.602061 0.814492
vt 0.597756 0.808236
vt 0.511256 0.966428
vt 0.513889 0.958536
vt 0.902230 0.389816
vt 0.907143 0.390928
vt 0.907332 0.394708
vt 0.596339 0.819483
vt 0.581386 0.820907
vt 0.580560 0.808382
vt 0.573090 0.798815
vt 0.583504 0.795430
vt 0.600864 0.794086
vt 0.437748 0.362262
vt 0.438796 0.356079
vt 0.440640 0.359426
vt 0.437207 0.366312
vt 0.439502 0.349824
vt 0.441154 0.348471
vt 0.451189 0.348341
vt 0.446966 0.358360
vt 0.446070 0.369520
vt 0.436824 0.370011
vt 0.435924 0.370019
vt 0.434215 0.381579
vt 0.434318 0.382067
vt 0.424277 0.378237
vt 0.439189 0.377339
vt 0.419017 0.386659
vt 0.411153 0.377928
vt 0.419692 0.377084
vt 0.427422 0.376159
vt 0.378568 0.919006
vt 0.382254 0.917989
vt 0.383112 0.918434
vt 0.375403 0.919971
vt 0.902380 0.901422
vt 0.911472 0.901030
vt 0.916375 0.901171
vt 0.873975 0.576212
vt 0.840294 0.576144
vt 0.847326 0.568580
vt 0.878385 0.568486
vt 0.842442 0.560005
vt 0.878433 0.560707
vt 0.952136 0.692061
vt 0.947772 0.693319
vt 0.946802 0.687458
vt 0.802710 0.837946
vt 0.811457 0.842220
vt 0.805130 0.844614
vt 0.939854 0.231779
vt 0.942679 0.237811
vt 0.931671 0.240333
vt 0.692225 0.969985
vt 0.695443 0.966637
vt 0.702285 0.966742
vt 0.702754 0.970561
vt 0.708270 0.966620
vt 0.710379 0.967861
vt 0.222007 0.949157
vt 0.240277 0.948340
vt 0.245495 0.955713
vt 0.225955 0.956867
vt 0.245849 0.948204
vt 0.249451 0.951505
vt 0.250743 0.953716
vt 0.251162 0.954761
vt 0.254392 0.959003
vt 0.253949 0.961011
vt 0.253598 0.965448
vt 0.244841 0.964069
vt 0.226729 0.964950
vt 0.461983 0.917219
vt 0.462620 0.911720
vt 0.471619 0.909315
vt 0.158012 0.909361
vt 0.159485 0.918016
vt 0.154744 0.921928
vt 0.470418 0.902485
vt 0.473921 0.899806
vt 0.476963 0.902454
vt 0.159431 0.902007
vt 0.173234 0.899806
vt 0.173390 0.904628
vt 0.174546 0.912067
vt 0.433275 0.323094
vt 0.416685 0.323311
vt 0.380136 0.314691
vt 0.425486 0.309122
vt 0.548321 0.795478
vt 0.383064 0.322919
vt 0.545247 0.791158
vt 0.354822 0.326722
vt 0.353221 0.327014
vt 0.351949 0.303082
vt 0.868714 0.767847
vt 0.848137 0.773445
vt 0.838634 0.767668
vt 0.381293 0.293648
vt 0.432571 0.290251
vt 0.929823 0.327842
vt 0.934248 0.326809
vt 0.941196 0.328581
vt 0.929512 0.328566
vt 0.937235 0.795536
vt 0.942749 0.791603
vt 0.949040 0.796168
vt 0.648102 0.172257
vt 0.645597 0.173329
vt 0.646032 0.162319
vt 0.931481 0.794168
vt 0.637695 0.173495
vt 0.636798 0.163357
vt 0.638285 0.151359
vt 0.652120 0.151557
vt 0.719926 0.132197
vt 0.741208 0.132186
vt 0.740506 0.138364
vt 0.718334 0.139407
vt 0.751034 0.132557
vt 0.749623 0.138953
vt 0.747388 0.141692
vt 0.741759 0.142504
vt 0.723291 0.142765
vt 0.497916 0.940100
vt 0.497404 0.936228
vt 0.499399 0.938888
vt 0.967655 0.791850
vt 0.965604 0.796461
vt 0.965605 0.791158
vt 0.503059 0.936722
vt 0.504275 0.940107
vt 0.500685 0.941972
vt 0.947865 0.883389
vt 0.947068 0.884219
vt 0.941451 0.883941
vt 0.945485 0.882529
vt 0.812669 0.357623
vt 0.817690 0.347529
vt 0.823956 0.334942
vt 0.833127 0.309784
vt 0.834458 0.286782
vt 0.834455 0.258872
vt 0.834222 0.229834
vt 0.832693 0.205490
vt 0.828803 0.191660
vt 0.816204 0.190316
vt 0.811691 0.181745
vt 0.823439 0.182573
vt 0.500905 0.912014
vt 0.507640 0.914440
vt 0.439565 0.180804
vt 0.440852 0.185252
vt 0.439646 0.191502
vt 0.510663 0.907187
vt 0.511097 0.906972
vt 0.514698 0.905190
vt 0.963859 0.644864
vt 0.969928 0.645864
vt 0.963870 0.656290
vt 0.513961 0.916610
vt 0.512188 0.924589
vt 0.507680 0.927072
vt 0.508722 0.933802
vt 0.514215 0.929488
vt 0.513888 0.933952
vt 0.510085 0.937202
vt 0.594971 0.851776
vt 0.590745 0.851344
vt 0.594021 0.856488
vt 0.590415 0.858437
vt 0.575081 0.857167
vt 0.577277 0.850939
vt 0.545884 0.843247
vt 0.537362 0.847349
vt 0.524032 0.845046
vt 0.528678 0.843990
vt 0.536244 0.841994
vt 0.552528 0.839214
vt 0.567609 0.838955
vt 0.557929 0.844701
vt 0.545653 0.847527
vt 0.546542 0.850618
vt 0.540346 0.855619
vt 0.518479 0.855244
vt 0.513358 0.853547
vt 0.499067 0.854390
vt 0.505623 0.855666
vt 0.813523 0.512679
vt 0.806574 0.511971
vt 0.821424 0.509560
vt 0.495289 0.854284
vt 0.405232 0.952864
vt 0.396900 0.952553
vt 0.401900 0.954163
vt 0.394968 0.954089
vt 0.388627 0.952881
vt 0.387679 0.951487
vt 0.381474 0.950803
vt 0.384153 0.952800
vt 0.940528 0.940876
vt 0.942614 0.936920
vt 0.942619 0.941681
vt 0.380192 0.952430
vt 0.383803 0.916269
vt 0.378337 0.949662
vt 0.377265 0.951520
vt 0.379563 0.917052
vt 0.370700 0.919051
vt 0.371296 0.917838
vt 0.356335 0.918201
vt 0.362036 0.919827
vt 0.341197 0.919482
vt 0.340374 0.917829
vt 0.319463 0.916391
vt 0.318119 0.915071
vt 0.721076 0.627029
vt 0.306730 0.913835
vt 0.841185 0.690576
vt 0.845155 0.684583
vt 0.037888 0.229309
vt 0.049613 0.232064
vt 0.044920 0.235691
vt 0.368252 0.512442
vt 0.376492 0.509491
vt 0.031321 0.224451
vt 0.039038 0.223736
vt 0.029390 0.228833
vt 0.098603 0.291806
vt 0.096394 0.295525
vt 0.091025 0.306537
vt 0.088601 0.291469
vt 0.090785 0.330847
vt 0.083420 0.331791
vt 0.084468 0.312175
vt 0.084982 0.273692
vt 0.077732 0.256106
vt 0.070781 0.259220
vt 0.064419 0.241613
vt 0.058373 0.245104
vt 0.076513 0.349514
vt 0.083246 0.350778
vt 0.508606 0.660034
vt 0.524238 0.664570
vt 0.883543 0.316390
vt 0.526082 0.655056
vt 0.541736 0.651205
vt 0.543092 0.659674
vt 0.535669 0.670645
vt 0.524440 0.672817
vt 0.562434 0.647037
vt 0.563909 0.655261
vt 0.585550 0.644864
vt 0.585409 0.653147
vt 0.585370 0.660664
vt 0.608454 0.646997
vt 0.606309 0.655148
vt 0.628692 0.651166
vt 0.626118 0.659521
vt 0.643804 0.655099
vt 0.644343 0.664521
vt 0.882554 0.188735
vt 0.659775 0.660083
vt 0.667911 0.666996
vt 0.659954 0.674936
vt 0.655963 0.682242
vt 0.644173 0.672805
vt 0.633547 0.670580
vt 0.670859 0.680113
vt 0.666060 0.692498
vt 0.717017 0.029704
vt 0.670895 0.703083
vt 0.660247 0.698502
vt 0.574600 0.350436
vt 0.597044 0.348505
vt 0.618143 0.358005
vt 0.587448 0.358005
vt 0.629146 0.348359
vt 0.633927 0.358351
vt 0.639685 0.370930
vt 0.630425 0.372367
vt 0.594824 0.372199
vt 0.386664 0.394720
vt 0.340193 0.395407
vt 0.303076 0.391711
vt 0.281493 0.386499
vt 0.270682 0.327922
vt 0.283968 0.317589
vt 0.299800 0.312989
vt 0.319897 0.306965
vt 0.332117 0.360431
vt 0.329945 0.365613
vt 0.329088 0.362105
vt 0.335076 0.355287
vt 0.332753 0.340403
vt 0.398073 0.644887
vt 0.405502 0.645120
vt 0.388817 0.633859
vt 0.395957 0.633917
vt 0.396546 0.533855
vt 0.404196 0.536733
vt 0.400882 0.541566
vt 0.393334 0.538944
vt 0.412742 0.539949
vt 0.409315 0.544494
vt 0.409247 0.555910
vt 0.400811 0.553696
vt 0.393258 0.551714
vt 0.781439 0.593922
vt 0.781499 0.601259
vt 0.770168 0.591748
vt 0.769929 0.584115
vt 0.783893 0.610465
vt 0.770342 0.597262
vt 0.754363 0.587487
vt 0.754108 0.581828
vt 0.753748 0.573997
vt 0.681390 0.564926
vt 0.698801 0.561599
vt 0.681942 0.555272
vt 0.699089 0.552444
vt 0.717223 0.552271
vt 0.717223 0.561190
vt 0.398875 0.757565
vt 0.390248 0.758311
vt 0.398891 0.747567
vt 0.407169 0.746941
vt 0.382464 0.748805
vt 0.390636 0.733072
vt 0.407933 0.732220
vt 0.415766 0.731772
vt 0.423533 0.661244
vt 0.427416 0.678487
vt 0.432674 0.661663
vt 0.436326 0.678767
vt 0.436494 0.696416
vt 0.427814 0.696416
vt 0.412010 0.714829
vt 0.419439 0.714596
vt 0.394444 0.715237
vt 0.408179 0.764027
vt 0.405614 0.773429
vt 0.418544 0.766171
vt 0.416113 0.775019
vt 0.416238 0.790696
vt 0.405746 0.790088
vt 0.655216 0.581407
vt 0.666001 0.573269
vt 0.656135 0.570775
vt 0.666772 0.563067
vt 0.736142 0.577429
vt 0.735902 0.569796
vt 0.736297 0.582952
vt 0.413479 0.645371
vt 0.422390 0.645650
vt 0.403625 0.633980
vt 0.412189 0.634050
vt 0.781303 0.577245
vt 0.781375 0.586044
vt 0.769671 0.575919
vt 0.769384 0.566764
vt 0.753362 0.565589
vt 0.752931 0.556196
vt 0.418486 0.755870
vt 0.408138 0.756765
vt 0.416058 0.746269
vt 0.425988 0.745518
vt 0.424178 0.731291
vt 0.433574 0.730753
vt 0.427416 0.714345
vt 0.436326 0.714066
vt 0.735645 0.561599
vt 0.735357 0.552444
vt 0.422552 0.543641
vt 0.418995 0.547857
vt 0.433300 0.547685
vt 0.429600 0.551541
vt 0.429542 0.561235
vt 0.418932 0.558451
vt 0.682576 0.544189
vt 0.699419 0.541933
vt 0.683271 0.532047
vt 0.699780 0.530419
vt 0.717223 0.542033
vt 0.443169 0.662145
vt 0.446556 0.679088
vt 0.457763 0.679440
vt 0.446459 0.696416
vt 0.430443 0.768633
vt 0.428167 0.776845
vt 0.443478 0.771331
vt 0.441372 0.778845
vt 0.441478 0.792159
vt 0.428283 0.791395
vt 0.657191 0.558569
vt 0.667658 0.551355
vt 0.658347 0.545198
vt 0.668628 0.538523
vt 0.432619 0.645972
vt 0.422021 0.634130
vt 0.781221 0.567142
vt 0.769054 0.556253
vt 0.752436 0.545414
vt 0.430365 0.754843
vt 0.437387 0.744656
vt 0.444360 0.730136
vt 0.446556 0.713745
vt 0.735028 0.541933
vt 0.444658 0.551959
vt 0.440806 0.555433
vt 0.859480 0.803090
vt 0.869669 0.800448
vt 0.870087 0.805024
vt 0.453425 0.558455
vt 0.453377 0.566466
vt 0.440754 0.564177
vt 0.684005 0.519217
vt 0.700162 0.518251
vt 0.684570 0.509336
vt 0.700456 0.508880
vt 0.469605 0.679812
vt 0.478725 0.680098
vt 0.457253 0.774181
vt 0.455327 0.780959
vt 0.466516 0.777353
vt 0.467863 0.782572
vt 0.467950 0.793576
vt 0.455422 0.792968
vt 0.659568 0.531068
vt 0.669654 0.524964
vt 0.662828 0.521577
vt 0.670443 0.514522
vt 0.377824 0.552579
vt 0.377853 0.539501
vt 0.386304 0.536502
vt 0.386225 0.549869
vt 0.389421 0.531174
vt 0.468266 0.559524
vt 0.468220 0.567292
vt 0.880375 0.791158
vt 0.884993 0.793073
vt 0.119717 0.961918
vt 0.119570 0.957585
vt 0.136744 0.957585
vt 0.136842 0.961918
vt 0.119570 0.949609
vt 0.136744 0.949609
vt 0.102740 0.957585
vt 0.102740 0.949609
vt 0.102838 0.961918
vt 0.086083 0.961918
vt 0.086083 0.957585
vt 0.086083 0.949609
vt 0.069425 0.957585
vt 0.069425 0.949609
vt 0.069327 0.961918
vt 0.053451 0.961918
vt 0.053640 0.957585
vt 0.053640 0.949609
vt 0.039598 0.957585
vt 0.039598 0.949609
vt 0.039334 0.961918
vt 0.860463 0.840998
vt 0.859957 0.845076
vt 0.847184 0.841649
vt 0.850994 0.837946
vt 0.029390 0.958594
vt 0.029390 0.950367
vt 0.396758 0.840518
vt 0.396859 0.853288
vt 0.388135 0.855758
vt 0.388029 0.842391
vt 0.399664 0.858374
vt 0.391059 0.861081
vt 0.380855 0.860260
vt 0.378899 0.847833
vt 0.382044 0.837735
vt 0.409117 0.577981
vt 0.400672 0.577151
vt 0.408978 0.601473
vt 0.400525 0.602115
vt 0.393112 0.576407
vt 0.416599 0.836259
vt 0.416690 0.847674
vt 0.406226 0.850637
vt 0.406130 0.838506
vt 0.419227 0.852220
vt 0.408905 0.855467
vt 0.429432 0.579979
vt 0.418811 0.578935
vt 0.429314 0.599930
vt 0.418682 0.600737
vt 0.441785 0.830854
vt 0.441862 0.840548
vt 0.428702 0.844274
vt 0.428618 0.833680
vt 0.444058 0.844409
vt 0.431076 0.848492
vt 0.453286 0.581957
vt 0.440654 0.581083
vt 0.440548 0.599078
vt 0.468204 0.825554
vt 0.468268 0.833566
vt 0.455768 0.836612
vt 0.455699 0.827868
vt 0.870051 0.838554
vt 0.457776 0.840093
vt 0.377774 0.578025
vt 0.386072 0.575714
vt 0.468132 0.582311
vt 0.119570 0.934188
vt 0.136744 0.934188
vt 0.102740 0.934188
vt 0.086083 0.934188
vt 0.069425 0.934188
vt 0.053640 0.934188
vt 0.039598 0.934188
vt 0.029390 0.934461
vt 0.396562 0.815825
vt 0.387824 0.816546
vt 0.378659 0.817581
vt 0.416424 0.814188
vt 0.405944 0.815052
vt 0.441636 0.812110
vt 0.428456 0.813196
vt 0.468081 0.810063
vt 0.455565 0.810962
vt 0.408885 0.617151
vt 0.400426 0.618775
vt 0.412233 0.625999
vt 0.403656 0.628175
vt 0.429235 0.613245
vt 0.418596 0.615287
vt 0.432868 0.620764
vt 0.422080 0.623501
vt 0.440477 0.611087
vt 0.444268 0.617872
vt 0.717942 0.703748
vt 0.736204 0.703748
vt 0.718068 0.699492
vt 0.736318 0.699492
vt 0.755650 0.699482
vt 0.755567 0.703710
vt 0.688857 0.697702
vt 0.701807 0.703748
vt 0.379284 0.864345
vt 0.393761 0.865950
vt 0.391800 0.870055
vt 0.701964 0.699492
vt 0.793377 0.703482
vt 0.809549 0.703444
vt 0.793303 0.699425
vt 0.809490 0.699416
vt 0.788042 0.879917
vt 0.784453 0.875592
vt 0.795796 0.862089
vt 0.941038 0.837946
vt 0.941092 0.842894
vt 0.925519 0.841158
vt 0.822210 0.701105
vt 0.775004 0.703596
vt 0.775000 0.699454
vt 0.365243 0.861469
vt 0.365635 0.853509
vt 0.382304 0.880773
vt 0.372104 0.877482
vt 0.368176 0.876588
vt 0.364262 0.868851
vt 0.358748 0.851943
vt 0.442599 0.912377
vt 0.419070 0.913346
vt 0.349978 0.840385
vt 0.349860 0.834880
vt 0.330936 0.831634
vt 0.330355 0.826141
vt 0.584306 0.875001
vt 0.564592 0.877885
vt 0.464976 0.967482
vt 0.447990 0.965799
vt 0.448551 0.962281
vt 0.541572 0.877563
vt 0.308597 0.825603
vt 0.308643 0.831852
vt 0.285980 0.838835
vt 0.286653 0.831872
vt 0.429694 0.967091
vt 0.626494 0.852189
vt 0.633949 0.853916
vt 0.611877 0.860565
vt 0.635404 0.848350
vt 0.276542 0.845980
vt 0.262896 0.851995
vt 0.257932 0.845999
vt 0.259236 0.837833
vt 0.216856 0.875449
vt 0.217088 0.865428
vt 0.228543 0.880331
vt 0.215970 0.881520
vt 0.203835 0.878994
vt 0.183771 0.830402
vt 0.182797 0.837416
vt 0.159483 0.832425
vt 0.158878 0.827353
vt 0.876567 0.738445
vt 0.871867 0.740275
vt 0.852310 0.740310
vt 0.153163 0.834543
vt 0.139389 0.836008
vt 0.140882 0.832567
vt 0.832924 0.740290
vt 0.140709 0.827566
vt 0.125357 0.835536
vt 0.125349 0.830604
vt 0.125420 0.839389
vt 0.112653 0.843717
vt 0.112515 0.839583
vt 0.112888 0.834693
vt 0.102427 0.838560
vt 0.103419 0.838060
vt 0.101964 0.842960
vt 0.099163 0.839714
vt 0.102488 0.848021
vt 0.093826 0.853623
vt 0.093916 0.848440
vt 0.093251 0.843024
vt 0.084959 0.855282
vt 0.085100 0.848486
vt 0.084662 0.860969
vt 0.075436 0.869058
vt 0.073119 0.863459
vt 0.072975 0.855191
vt 0.056424 0.872947
vt 0.055139 0.862230
vt 0.066589 0.876895
vt 0.059607 0.881562
vt 0.049228 0.882302
vt 0.033974 0.883242
vt 0.037571 0.876003
vt 0.037423 0.866417
vt 0.366442 0.586292
vt 0.366168 0.564266
vt 0.366738 0.609847
vt 0.351607 0.614675
vt 0.351095 0.595344
vt 0.350621 0.577343
vt 0.330756 0.600013
vt 0.330546 0.584227
vt 0.330983 0.616944
vt 0.309055 0.617022
vt 0.309636 0.600127
vt 0.311559 0.586318
vt 0.291948 0.595516
vt 0.299272 0.585017
vt 0.290012 0.615274
vt 0.264198 0.614856
vt 0.263739 0.594807
vt 0.262112 0.576857
vt 0.289022 0.581409
vt 0.289677 0.581333
vt 0.224757 0.596059
vt 0.224168 0.576574
vt 0.225381 0.616280
vt 0.182535 0.617501
vt 0.182636 0.597974
vt 0.183149 0.578917
vt 0.145009 0.599256
vt 0.147012 0.582244
vt 0.144638 0.616475
vt 0.115654 0.614532
vt 0.116134 0.599246
vt 0.117002 0.584628
vt 0.100266 0.597286
vt 0.100955 0.582295
vt 0.099548 0.613004
vt 0.090043 0.611517
vt 0.090958 0.594134
vt 0.091841 0.577371
vt 0.081761 0.590547
vt 0.082630 0.571978
vt 0.080864 0.609702
vt 0.070408 0.608106
vt 0.070177 0.587614
vt 0.070883 0.565989
vt 0.053709 0.586422
vt 0.054162 0.559278
vt 0.057076 0.607282
vt 0.049927 0.612006
vt 0.045702 0.605150
vt 0.041532 0.596170
vt 0.041802 0.578202
vt 0.039321 0.552133
vt 0.630710 0.578825
vt 0.621618 0.577866
vt 0.627967 0.597009
vt 0.621533 0.604817
vt 0.607101 0.608480
vt 0.607128 0.580267
vt 0.588014 0.582101
vt 0.588009 0.611412
vt 0.565256 0.612793
vt 0.565673 0.582818
vt 0.541501 0.581871
vt 0.539838 0.611802
vt 0.518039 0.608996
vt 0.520751 0.578381
vt 0.508673 0.571470
vt 0.506140 0.604933
vt 0.902230 0.120628
vt 0.912258 0.097925
vt 0.927068 0.100779
vt 0.032818 0.822108
vt 0.037867 0.789000
vt 0.499132 0.575805
vt 0.934121 0.082817
vt 0.366040 0.553204
vt 0.350397 0.568496
vt 0.330454 0.576265
vt 0.309597 0.577941
vt 0.291211 0.574953
vt 0.262184 0.567733
vt 0.223851 0.566707
vt 0.223188 0.558787
vt 0.184435 0.568981
vt 0.152162 0.571661
vt 0.118533 0.575103
vt 0.101416 0.572291
vt 0.092434 0.566146
vt 0.083211 0.559587
vt 0.071237 0.552212
vt 0.054000 0.543616
vt 0.037748 0.536832
vt 0.038073 0.856474
vt 0.055239 0.853230
vt 0.040001 0.842198
vt 0.056476 0.839647
vt 0.073727 0.836318
vt 0.073150 0.848230
vt 0.085220 0.842792
vt 0.085434 0.832164
vt 0.094213 0.828089
vt 0.093985 0.838015
vt 0.101980 0.834997
vt 0.102682 0.824999
vt 0.112729 0.821606
vt 0.112536 0.830590
vt 0.125341 0.826101
vt 0.125331 0.817738
vt 0.140594 0.815289
vt 0.140637 0.823193
vt 0.158663 0.823529
vt 0.158625 0.816151
vt 0.184073 0.818806
vt 0.184091 0.826213
vt 0.221587 0.830350
vt 0.220078 0.837578
vt 0.221589 0.821734
vt 0.259660 0.822130
vt 0.259667 0.831740
vt 0.286848 0.826186
vt 0.286775 0.817187
vt 0.308352 0.812034
vt 0.308515 0.820259
vt 0.330053 0.820531
vt 0.329806 0.811801
vt 0.349599 0.819270
vt 0.349696 0.828840
vt 0.365678 0.847026
vt 0.366190 0.837222
vt 0.644228 0.348461
vt 0.644868 0.359389
vt 0.647376 0.349566
vt 0.648620 0.355498
vt 0.902977 0.921049
vt 0.900426 0.925735
vt 0.897303 0.918467
vt 0.649678 0.361933
vt 0.952740 0.692503
vt 0.942423 0.698121
vt 0.651729 0.370188
vt 0.664749 0.389081
vt 0.719084 0.395051
vt 0.608487 0.388408
vt 0.659599 0.382986
vt 0.677229 0.382079
vt 0.684600 0.387454
vt 0.723975 0.389030
vt 0.676109 0.378981
vt 0.830620 0.839063
vt 0.805483 0.845283
vt 0.931348 0.368769
vt 0.932887 0.370813
vt 0.926718 0.370832
vt 0.916872 0.290962
vt 0.902230 0.289752
vt 0.921827 0.288951
vt 0.823110 0.578751
vt 0.693289 0.378114
vt 0.726962 0.378936
vt 0.721806 0.382270
vt 0.868817 0.579112
vt 0.776772 0.355803
vt 0.775119 0.347668
vt 0.761766 0.969270
vt 0.761577 0.966625
vt 0.767204 0.966842
vt 0.772857 0.351441
vt 0.772860 0.348506
vt 0.772862 0.347183
vt 0.927849 0.348824
vt 0.932537 0.347629
vt 0.934534 0.348041
vt 0.928809 0.351549
vt 0.773178 0.337524
vt 0.775872 0.339458
vt 0.773282 0.341326
vt 0.772532 0.338872
vt 0.769500 0.336443
vt 0.903319 0.562010
vt 0.901931 0.563477
vt 0.901635 0.561972
vt 0.903938 0.559556
vt 0.907455 0.814328
vt 0.909590 0.813071
vt 0.908971 0.817157
vt 0.901204 0.558969
vt 0.637773 0.187239
vt 0.637780 0.177544
vt 0.645232 0.177542
vt 0.644885 0.185930
vt 0.927114 0.796525
vt 0.926153 0.792292
vt 0.931137 0.791158
vt 0.650189 0.295138
vt 0.690724 0.298210
vt 0.695988 0.314276
vt 0.659471 0.313348
vt 0.713197 0.302571
vt 0.730540 0.320923
vt 0.734016 0.324973
vt 0.724631 0.323446
vt 0.716228 0.325712
vt 0.694740 0.322771
vt 0.676254 0.325427
vt 0.670740 0.323783
vt 0.736073 0.767217
vt 0.698128 0.766831
vt 0.678219 0.757478
vt 0.730322 0.762750
vt 0.663162 0.766265
vt 0.656958 0.765249
vt 0.658084 0.761470
vt 0.653314 0.756006
vt 0.656575 0.749709
vt 0.561649 0.944446
vt 0.546831 0.953808
vt 0.531262 0.945395
vt 0.706669 0.900312
vt 0.692225 0.884829
vt 0.697354 0.872786
vt 0.671128 0.741747
vt 0.676971 0.742519
vt 0.674235 0.750524
vt 0.881425 0.883900
vt 0.873254 0.883084
vt 0.891866 0.882529
vt 0.694715 0.750742
vt 0.694968 0.756497
vt 0.731943 0.757920
vt 0.698231 0.747915
vt 0.696307 0.738602
vt 0.719034 0.740571
vt 0.728690 0.747643
vt 0.727785 0.737800
vt 0.744095 0.747699
vt 0.737748 0.739628
vt 0.747300 0.746400
vt 0.905630 0.794438
vt 0.904791 0.799862
vt 0.901556 0.791158
vt 0.749367 0.749428
vt 0.751918 0.753163
vt 0.753631 0.758599
vt 0.749471 0.758442
vt 0.752857 0.764439
vt 0.757349 0.762094
vt 0.895785 0.560909
vt 0.894458 0.558357
vt 0.760044 0.766518
vt 0.754357 0.767166
vt 0.549107 0.821382
vt 0.548728 0.808431
vt 0.515384 0.821138
vt 0.517317 0.809190
vt 0.500401 0.820406
vt 0.501387 0.811468
vt 0.496739 0.818609
vt 0.495289 0.813962
vt 0.496912 0.807955
vt 0.233615 0.901353
vt 0.252932 0.902142
vt 0.250393 0.906362
vt 0.232289 0.905528
vt 0.252218 0.914249
vt 0.246184 0.913436
vt 0.229381 0.912591
vt 0.491965 0.171028
vt 0.483592 0.173255
vt 0.468401 0.163703
vt 0.486992 0.163703
vt 0.456766 0.173362
vt 0.453044 0.163348
vt 0.451131 0.151871
vt 0.467744 0.151826
vt 0.486821 0.151756
vt 0.796013 0.190187
vt 0.795838 0.182165
vt 0.779158 0.195352
vt 0.759829 0.203845
vt 0.747024 0.221017
vt 0.737859 0.216363
vt 0.754785 0.203839
vt 0.659458 0.944056
vt 0.654350 0.951002
vt 0.639907 0.940517
vt 0.927817 0.210432
vt 0.922941 0.215215
vt 0.902230 0.211361
vt 0.250029 0.921009
vt 0.240086 0.923394
vt 0.914566 0.750122
vt 0.903228 0.748111
vt 0.885278 0.770859
vt 0.900302 0.767668
vt 0.909912 0.770885
vt 0.218590 0.928982
vt 0.225081 0.922681
vt 0.227070 0.931640
vt 0.176144 0.921781
vt 0.161100 0.925355
vt 0.181227 0.927969
vt 0.172196 0.930752
vt 0.836940 0.969074
vt 0.837031 0.963026
vt 0.843982 0.966319
vt 0.155753 0.930762
vt 0.153406 0.927672
vt 0.443422 0.173248
vt 0.442544 0.162282
vt 0.440627 0.171885
vt 0.439429 0.165629
vt 0.438146 0.159447
vt 0.437840 0.155396
vt 0.436496 0.151763
vt 0.437849 0.151861
vt 0.435222 0.127719
vt 0.420411 0.135835
vt 0.478882 0.125829
vt 0.483924 0.134056
vt 0.455679 0.134882
vt 0.439690 0.137874
vt 0.443906 0.143104
vt 0.422538 0.144128
vt 0.869255 0.901903
vt 0.875152 0.901671
vt 0.885816 0.901873
vt 0.952211 0.883008
vt 0.880816 0.901030
vt 0.585151 0.837946
vt 0.404977 0.143945
vt 0.389855 0.143067
vt 0.387345 0.142045
vt 0.349212 0.143876
vt 0.373625 0.143882
vt 0.511709 0.847191
vt 0.845996 0.882569
vt 0.836940 0.884466
vt 0.856691 0.883908
vt 0.319812 0.182610
vt 0.328040 0.192945
vt 0.330320 0.189723
vt 0.340834 0.189575
vt 0.349576 0.193645
vt 0.332749 0.198060
vt 0.357493 0.198525
vt 0.350919 0.202806
vt 0.969303 0.685053
vt 0.969363 0.684583
vt 0.969827 0.697698
vt 0.529925 0.176334
vt 0.468373 0.177149
vt 0.512718 0.173592
vt 0.528997 0.171028
vt 0.545906 0.173592
vt 0.567517 0.171028
vt 0.576196 0.173311
vt 0.604611 0.173484
vt 0.593865 0.177104
vt 0.595399 0.190400
vt 0.524437 0.190110
vt 0.467789 0.186865
vt 0.443120 0.177664
vt 0.443947 0.185546
vt 0.439572 0.175350
vt 0.440627 0.173007
vt 0.962218 0.309706
vt 0.966707 0.307526
vt 0.968610 0.309933
vt 0.834370 0.514803
vt 0.842822 0.521561
vt 0.826887 0.510267
vt 0.849787 0.509467
vt 0.886227 0.508880
vt 0.881107 0.514309
vt 0.878791 0.519105
vt 0.868742 0.536264
vt 0.849788 0.539802
vt 0.841112 0.532484
vt 0.872825 0.529390
vt 0.377162 0.199115
vt 0.820902 0.537951
vt 0.902446 0.511504
vt 0.902633 0.520882
vt 0.923964 0.942316
vt 0.919859 0.941496
vt 0.919541 0.936920
vt 0.908333 0.516264
vt 0.960754 0.663591
vt 0.970140 0.664147
vt 0.911025 0.521592
vt 0.910674 0.528138
vt 0.909281 0.537141
vt 0.894940 0.535789
vt 0.892816 0.534279
vt 0.897219 0.526038
vt 0.895080 0.519770
vt 0.723334 0.872786
vt 0.723880 0.880832
vt 0.723232 0.898044
vt 0.889405 0.528057
vt 0.951098 0.347696
vt 0.957404 0.347629
vt 0.957293 0.349555
vt 0.880850 0.537985
vt 0.670387 0.201513
vt 0.698793 0.209348
vt 0.660871 0.209680
vt 0.200379 0.930511
vt 0.697053 0.200813
vt 0.714236 0.198116
vt 0.722358 0.200582
vt 0.734300 0.199139
vt 0.717726 0.220604
vt 0.700760 0.223394
vt 0.694723 0.224387
vt 0.658967 0.224619
vt 0.707749 0.287873
vt 0.705167 0.260110
vt 0.812360 0.865131
vt 0.826496 0.862089
vt 0.834685 0.865965
vt 0.663411 0.279174
vt 0.661957 0.258486
vt 0.431314 0.220161
vt 0.387633 0.217648
vt 0.391320 0.205810
vt 0.427870 0.206805
vt 0.360151 0.214359
vt 0.395440 0.197533
vt 0.406969 0.199756
vt 0.420541 0.198843
vt 0.434224 0.198939
vt 0.864656 0.541794
vt 0.643442 0.342676
vt 0.642635 0.333509
vt 0.647378 0.347056
vt 0.613399 0.343254
vt 0.612889 0.332185
vt 0.536269 0.344877
vt 0.540293 0.328591
vt 0.529906 0.348465
vt 0.489186 0.350680
vt 0.473026 0.348431
vt 0.467443 0.343770
vt 0.470547 0.331777
vt 0.441344 0.343436
vt 0.443145 0.333318
vt 0.439502 0.348793
vt 0.438973 0.346282
vt 0.438979 0.340960
vt 0.440395 0.335022
vt 0.641938 0.318428
vt 0.610926 0.312078
vt 0.784563 0.964680
vt 0.784453 0.958466
vt 0.793895 0.960358
vt 0.614622 0.302209
vt 0.355860 0.286878
vt 0.443598 0.281700
vt 0.359049 0.259515
vt 0.441614 0.258857
vt 0.640988 0.219523
vt 0.644498 0.203085
vt 0.638634 0.209362
vt 0.638387 0.208296
vt 0.439641 0.195927
vt 0.443466 0.200800
vt 0.464083 0.206667
vt 0.459531 0.206226
vt 0.460961 0.216465
vt 0.541987 0.294837
vt 0.618844 0.280925
vt 0.468954 0.305767
vt 0.468322 0.307829
vt 0.472482 0.294252
vt 0.530828 0.259008
vt 0.611272 0.255421
vt 0.445341 0.313627
vt 0.439985 0.328431
vt 0.358975 0.230102
vt 0.827468 0.627047
vt 0.808738 0.627394
vt 0.800457 0.626940
vt 0.435274 0.233164
vt 0.505503 0.221213
vt 0.597857 0.221248
vt 0.661743 0.235552
vt 0.709963 0.233598
vt 0.356056 0.716014
vt 0.356547 0.696383
vt 0.353833 0.734765
vt 0.303050 0.736066
vt 0.303358 0.717059
vt 0.303522 0.696349
vt 0.356056 0.677195
vt 0.303437 0.676563
vt 0.349128 0.751313
vt 0.302703 0.750744
vt 0.108116 0.756734
vt 0.177831 0.753080
vt 0.108093 0.757175
vt 0.930260 0.718730
vt 0.912598 0.719980
vt 0.917114 0.717030
vt 0.943971 0.719599
vt 0.074384 0.759580
vt 0.057119 0.758446
vt 0.058295 0.755584
vt 0.054259 0.744001
vt 0.107144 0.742996
vt 0.176842 0.740164
vt 0.105546 0.720995
vt 0.176337 0.719608
vt 0.050545 0.721913
vt 0.048784 0.696148
vt 0.104669 0.696227
vt 0.176324 0.696278
vt 0.105861 0.674187
vt 0.176810 0.675036
vt 0.050611 0.673531
vt 0.053977 0.654553
vt 0.105925 0.654474
vt 0.177356 0.655945
vt 0.101654 0.636154
vt 0.177522 0.639068
vt 0.056835 0.639702
vt 0.055145 0.634665
vt 0.069701 0.632263
vt 0.073430 0.629989
vt 0.085286 0.632380
vt 0.090598 0.630838
vt 0.099427 0.632506
vt 0.116467 0.631423
vt 0.133602 0.631911
vt 0.181236 0.631902
vt 0.247171 0.752755
vt 0.243854 0.738247
vt 0.242863 0.718277
vt 0.243028 0.696317
vt 0.243178 0.675835
vt 0.244765 0.656780
vt 0.249240 0.639097
vt 0.231825 0.632160
vt 0.260001 0.632546
vt 0.279628 0.632728
vt 0.221565 0.545143
vt 0.215559 0.851568
vt 0.960168 0.210432
vt 0.556116 0.927882
vt 0.531262 0.905190
vt 0.554714 0.922301
vt 0.607008 0.077162
vt 0.618510 0.078030
vt 0.617996 0.084633
vt 0.604725 0.081644
vt 0.632622 0.075716
vt 0.638192 0.080792
vt 0.645015 0.088840
vt 0.628123 0.093541
vt 0.607292 0.093227
vt 0.742970 0.104981
vt 0.715238 0.104403
vt 0.754689 0.103415
vt 0.754263 0.114257
vt 0.742787 0.115683
vt 0.716508 0.115562
vt 0.742084 0.124688
vt 0.716270 0.124781
vt 0.752812 0.124148
vt 0.606648 0.151397
vt 0.622861 0.151336
vt 0.623272 0.163703
vt 0.607391 0.163703
vt 0.624572 0.173546
vt 0.625238 0.177545
vt 0.628326 0.190799
vt 0.636887 0.222498
vt 0.642580 0.253488
vt 0.645857 0.272127
vt 0.495873 0.065502
vt 0.494952 0.077444
vt 0.497391 0.091744
vt 0.507223 0.102671
vt 0.530534 0.104403
vt 0.530474 0.115559
vt 0.508085 0.115190
vt 0.508220 0.125027
vt 0.530253 0.124769
vt 0.529950 0.133135
vt 0.507990 0.133522
vt 0.507494 0.151689
vt 0.507195 0.163703
vt 0.529258 0.151624
vt 0.528749 0.163703
vt 0.653931 0.134852
vt 0.646342 0.141045
vt 0.624858 0.140609
vt 0.636274 0.131852
vt 0.606819 0.140851
vt 0.609511 0.131882
vt 0.507754 0.142019
vt 0.529638 0.141761
vt 0.486184 0.142286
vt 0.465011 0.142568
vt 0.564623 0.031768
vt 0.569663 0.029443
vt 0.574557 0.037687
vt 0.567939 0.038111
vt 0.670361 0.877129
vt 0.673706 0.879653
vt 0.670720 0.888308
vt 0.710792 0.928856
vt 0.709205 0.930123
vt 0.742702 0.914837
vt 0.745013 0.912370
vt 0.744944 0.926958
vt 0.742605 0.926920
vt 0.578519 0.051686
vt 0.568992 0.052202
vt 0.587622 0.071699
vt 0.571365 0.071640
vt 0.741791 0.900916
vt 0.742672 0.890607
vt 0.589735 0.067709
vt 0.595097 0.072832
vt 0.584646 0.062193
vt 0.588979 0.090885
vt 0.571812 0.090870
vt 0.589459 0.104981
vt 0.572021 0.104981
vt 0.615162 0.104403
vt 0.616386 0.115443
vt 0.589534 0.115528
vt 0.572116 0.115579
vt 0.589678 0.124065
vt 0.572216 0.124271
vt 0.616329 0.124303
vt 0.589867 0.132080
vt 0.572327 0.132389
vt 0.590079 0.141058
vt 0.572453 0.141264
vt 0.590444 0.151449
vt 0.572635 0.151500
vt 0.591093 0.163703
vt 0.572914 0.163703
vt 0.554071 0.029765
vt 0.552761 0.038984
vt 0.552641 0.053473
vt 0.552518 0.072354
vt 0.552391 0.091049
vt 0.552257 0.104981
vt 0.552123 0.115639
vt 0.551997 0.124511
vt 0.551875 0.132749
vt 0.551755 0.141504
vt 0.551606 0.151560
vt 0.551394 0.163703
vt 0.257430 0.963310
vt 0.256533 0.966984
vt 0.256504 0.960414
vt 0.773419 0.182894
vt 0.774299 0.179937
vt 0.775819 0.174071
vt 0.791931 0.941903
vt 0.789679 0.940396
vt 0.787402 0.935695
vt 0.791261 0.935664
vt 0.787137 0.934696
vt 0.786259 0.932410
vt 0.254012 0.954692
vt 0.784453 0.927691
vt 0.787900 0.926895
vt 0.783652 0.166069
vt 0.783034 0.173657
vt 0.777256 0.166672
vt 0.794010 0.172785
vt 0.792062 0.165235
vt 0.801954 0.164574
vt 0.806307 0.172153
vt 0.817377 0.172533
vt 0.815474 0.163229
vt 0.827150 0.165783
vt 0.833393 0.174292
vt 0.859891 0.178232
vt 0.847152 0.169546
vt 0.759843 0.056304
vt 0.872393 0.175482
vt 0.885666 0.180969
vt 0.907248 0.809059
vt 0.909497 0.801156
vt 0.902230 0.352205
vt 0.902239 0.347629
vt 0.911285 0.348629
vt 0.755324 0.755264
vt 0.887133 0.863522
vt 0.899477 0.862089
vt 0.904153 0.864390
vt 0.611876 0.967357
vt 0.623343 0.940517
vt 0.622667 0.952861
vt 0.755059 0.331184
vt 0.771703 0.333119
vt 0.776366 0.334718
vt 0.781944 0.331911
vt 0.795669 0.326634
vt 0.816316 0.325458
vt 0.829364 0.324099
vt 0.842719 0.321984
vt 0.864287 0.318540
vt 0.895487 0.568206
vt 0.899608 0.567869
vt 0.899224 0.569192
vt 0.898003 0.572128
vt 0.895113 0.575928
vt 0.890843 0.576167
vt 0.743827 0.379170
vt 0.742641 0.383209
vt 0.748096 0.379901
vt 0.749789 0.382498
vt 0.751168 0.388860
vt 0.743278 0.389320
vt 0.744105 0.396885
vt 0.753044 0.397407
vt 0.754612 0.407474
vt 0.744775 0.405991
vt 0.744943 0.416727
vt 0.755070 0.418397
vt 0.754886 0.432644
vt 0.744967 0.430388
vt 0.745204 0.448267
vt 0.754532 0.452682
vt 0.752020 0.465927
vt 0.745512 0.466673
vt 0.745749 0.481912
vt 0.754668 0.477933
vt 0.751958 0.491193
vt 0.200619 0.921517
vt 0.201673 0.911197
vt 0.202385 0.904150
vt 0.202506 0.900081
vt 0.197553 0.966237
vt 0.196524 0.958109
vt 0.189803 0.950491
vt 0.172554 0.948439
vt 0.673413 0.142873
vt 0.765714 0.909317
vt 0.763478 0.907989
vt 0.762574 0.890607
vt 0.844032 0.628158
vt 0.856759 0.626940
vt 0.862664 0.627732
vt 0.762345 0.913883
vt 0.761577 0.913546
vt 0.679327 0.132739
vt 0.664117 0.125395
vt 0.664677 0.115282
vt 0.659723 0.102671
vt 0.673415 0.089945
vt 0.676071 0.070250
vt 0.652360 0.070499
vt 0.902230 0.066253
vt 0.909003 0.061827
vt 0.669654 0.063940
vt 0.674714 0.058966
vt 0.697954 0.054132
vt 0.705955 0.039918
vt 0.694273 0.042102
vt 0.699147 0.038783
vt 0.701794 0.035308
vt 0.709036 0.030327
vt 0.367994 0.819300
vt 0.349686 0.803174
vt 0.329393 0.796944
vt 0.308062 0.797137
vt 0.286643 0.800280
vt 0.259647 0.803414
vt 0.221589 0.803581
vt 0.184034 0.802131
vt 0.158548 0.800416
vt 0.140514 0.799694
vt 0.125315 0.801226
vt 0.112832 0.803687
vt 0.102950 0.805750
vt 0.094385 0.807886
vt 0.085857 0.810566
vt 0.074788 0.813196
vt 0.058604 0.815182
vt 0.042786 0.817745
vt 0.366933 0.625495
vt 0.351944 0.627513
vt 0.331128 0.628345
vt 0.308872 0.628331
vt 0.289563 0.627810
vt 0.264705 0.627559
vt 0.225805 0.628355
vt 0.182488 0.628846
vt 0.144381 0.627678
vt 0.115284 0.626057
vt 0.098997 0.625187
vt 0.089356 0.624606
vt 0.080199 0.623849
vt 0.070348 0.623137
vt 0.058626 0.622690
vt 0.055162 0.629340
vt 0.047950 0.621787
vt 0.041238 0.619707
vt 0.622798 0.620830
vt 0.757995 0.864842
vt 0.755344 0.874043
vt 0.741791 0.864892
vt 0.041164 0.638932
vt 0.767889 0.862089
vt 0.035757 0.654134
vt 0.607414 0.624840
vt 0.588007 0.627339
vt 0.031339 0.673311
vt 0.029390 0.696026
vt 0.565020 0.628300
vt 0.538898 0.627697
vt 0.031389 0.721839
vt 0.035665 0.743840
vt 0.516633 0.626150
vt 0.505216 0.624282
vt 0.040549 0.755123
vt 0.040625 0.769858
vt 0.438592 0.416727
vt 0.496816 0.416727
vt 0.436665 0.403466
vt 0.491414 0.403728
vt 0.436306 0.386785
vt 0.485362 0.387834
vt 0.836940 0.924235
vt 0.842737 0.921527
vt 0.852573 0.923881
vt 0.452450 0.371793
vt 0.483271 0.372055
vt 0.454888 0.358005
vt 0.478469 0.358005
vt 0.559210 0.416727
vt 0.553080 0.403816
vt 0.545723 0.388184
vt 0.538251 0.372143
vt 0.531773 0.358005
s 1
usemtl cart
f 1291/2279/1160 2244/2280/1161 1818/2281/1162
f 1818/2281/1162 2247/2282/1163 1291/2279/1160
f 2244/2280/1161 1293/2283/1164 2245/2284/1165
f 2245/2284/1165 1818/2281/1162 2244/2280/1161
f 1294/2285/1166 2246/2286/1167 1818/2281/1162
f 1818/2281/1162 2245/2284/1165 1294/2285/1166
f 2246/2286/1167 1292/2287/1168 2247/2282/1163
f 2247/2282/1163 1818/2281/1162 2246/2286/1167
f 1293/2283/1164 2248/2288/1169 1819/2289/1170
f 1819/2289/1170 2245/2284/1165 1293/2283/1164
f 2248/2288/1169 1295/2290/1171 2249/2291/1172
f 2249/2291/1172 1819/2289/1170 2248/2288/1169
f 1296/2292/1173 2250/2293/1174 1819/2289/1170
f 1819/2289/1170 2249/2291/1172 1296/2292/1173
f 2250/2293/1174 1294/2285/1166 2245/2284/1165
f 2245/2284/1165 1819/2289/1170 2250/2293/1174
f 1298/2294/1175 2251/2295/1176 1820/2296/1177
f 1820/2296/1177 2254/2297/1178 1298/2294/1175
f 2251/2295/1176 1300/2298/1179 2252/2299/1180
f 2252/2299/1180 1820/2296/1177 2251/2295/1176
f 1301/2300/1181 2253/2301/1182 1820/2296/1177
f 1820/2296/1177 2252/2299/1180 1301/2300/1181
f 2253/2301/1182 1302/2302/1183 2254/2297/1178
f 2254/2297/1178 1820/2296/1177 2253/2301/1182
f 1302/2302/1183 2253/2301/1182 1821/2303/1184
f 1821/2303/1184 2257/2304/1185 1302/2302/1183
f 2253/2301/1182 1301/2300/1181 2255/2305/1186
f 2255/2305/1186 1821/2303/1184 2253/2301/1182
f 1303/2306/1187 2256/2307/1188 1821/2303/1184
f 1821/2303/1184 2255/2305/1186 1303/2306/1187
f 2256/2307/1188 1304/2308/1189 2257/2304/1185
f 2257/2304/1185 1821/2303/1184 2256/2307/1188
f 1289/2309/1190 2258/2310/1191 1822/2311/1192
f 1822/2311/1192 2725/2312/1193 1289/2313/1190
f 2258/2314/1191 1288/2315/1194 2259/2316/1195
f 2259/2316/1195 1822/2317/1192 2258/2314/1191
f 1574/2318/1196 2726/2319/1197 1822/2311/1192
f 1822/2311/1192 2259/2320/1195 1574/2318/1196
f 2726/2319/1197 1575/2321/1198 2725/2312/1193
f 2725/2312/1193 1822/2311/1192 2726/2319/1197
f 1288/2315/1194 2262/2322/1199 1823/2323/1200
f 1823/2323/1200 2259/2316/1195 1288/2315/1194
f 2262/2322/1199 1573/2324/1201 2724/2325/1202
f 2724/2325/1202 1823/2323/1200 2262/2322/1199
f 1574/2318/1196 2259/2320/1195 1823/2326/1200
f 1823/2326/1200 2724/2327/1202 1574/2318/1196
f 1294/2285/1166 2267/2328/1203 1824/2329/1204
f 1824/2329/1204 2246/2286/1167 1294/2285/1166
f 2267/2330/1203 1308/2331/1205 2273/2332/1206
f 2273/2332/1206 1824/2333/1204 2267/2330/1203
f 1307/2334/1207 2263/2335/1208 1824/2333/1204
f 1824/2333/1204 2273/2332/1206 1307/2334/1207
f 2263/2336/1208 1292/2287/1168 2246/2286/1167
f 2246/2286/1167 1824/2329/1204 2263/2336/1208
f 1294/2285/1166 2250/2293/1174 1825/2337/1209
f 1825/2337/1209 2267/2328/1203 1294/2285/1166
f 2250/2293/1174 1296/2292/1173 2265/2338/1210
f 2265/2338/1210 1825/2337/1209 2250/2293/1174
f 1309/2339/1211 2266/2340/1212 1825/2341/1209
f 1825/2341/1209 2265/2342/1210 1309/2339/1211
f 2266/2340/1212 1308/2343/1205 2267/2344/1203
f 2267/2344/1203 1825/2341/1209 2266/2340/1212
f 1306/2345/1213 2260/2346/1214 1826/2347/1215
f 1826/2347/1215 2270/2348/1216 1306/2345/1213
f 2260/2346/1214 1305/2349/1217 2268/2350/1218
f 2268/2350/1218 1826/2347/1215 2260/2346/1214
f 1310/2351/1219 2269/2352/1220 1826/2347/1215
f 1826/2347/1215 2268/2350/1218 1310/2351/1219
f 2269/2352/1220 1311/2353/1221 2270/2348/1216
f 2270/2348/1216 1826/2347/1215 2269/2352/1220
f 1305/2349/1217 2264/2354/1222 1827/2355/1223
f 1827/2355/1223 2268/2350/1218 1305/2349/1217
f 2264/2354/1222 1307/2334/1207 2271/2356/1224
f 2271/2356/1224 1827/2355/1223 2264/2354/1222
f 1312/2357/1225 2272/2358/1226 1827/2355/1223
f 1827/2355/1223 2271/2356/1224 1312/2357/1225
f 2272/2358/1226 1310/2351/1219 2268/2350/1218
f 2268/2350/1218 1827/2355/1223 2272/2358/1226
f 1308/2331/1205 2276/2359/1227 1828/2360/1228
f 1828/2360/1228 2273/2332/1206 1308/2331/1205
f 2276/2359/1227 1313/2361/1229 2607/2362/1230
f 2607/2362/1230 1828/2360/1228 2276/2359/1227
f 1312/2357/1225 2271/2356/1224 1828/2360/1228
f 1828/2360/1228 2607/2362/1230 1312/2357/1225
f 2271/2356/1224 1307/2334/1207 2273/2332/1206
f 2273/2332/1206 1828/2360/1228 2271/2356/1224
f 1308/2331/1205 2266/2363/1212 1829/2364/1231
f 1829/2364/1231 2276/2359/1227 1308/2331/1205
f 2266/2363/1212 1309/2365/1211 2274/2366/1232
f 2274/2366/1232 1829/2364/1231 2266/2363/1212
f 1314/2367/1233 2275/2368/1234 1829/2364/1231
f 1829/2364/1231 2274/2366/1232 1314/2367/1233
f 2275/2368/1234 1313/2361/1229 2276/2359/1227
f 2276/2359/1227 1829/2364/1231 2275/2368/1234
f 1311/2353/1221 2269/2352/1220 1830/2369/1235
f 1830/2369/1235 2279/2370/1236 1311/2353/1221
f 2269/2352/1220 1310/2351/1219 2277/2371/1237
f 2277/2371/1237 1830/2369/1235 2269/2352/1220
f 1315/2372/1238 2278/2373/1239 1830/2369/1235
f 1830/2369/1235 2277/2371/1237 1315/2372/1238
f 2278/2373/1239 1316/2374/1240 2279/2370/1236
f 2279/2370/1236 1830/2369/1235 2278/2373/1239
f 1310/2351/1219 2272/2358/1226 1831/2375/1241
f 1831/2375/1241 2277/2371/1237 1310/2351/1219
f 2272/2358/1226 1312/2357/1225 2280/2376/1242
f 2280/2376/1242 1831/2375/1241 2272/2358/1226
f 1317/2377/1243 2281/2378/1244 1831/2375/1241
f 1831/2375/1241 2280/2376/1242 1317/2377/1243
f 2281/2378/1244 1315/2372/1238 2277/2371/1237
f 2277/2371/1237 1831/2375/1241 2281/2378/1244
f 1312/2357/1225 2607/2362/1230 1832/2379/1245
f 1832/2379/1245 2280/2376/1242 1312/2357/1225
f 2607/2362/1230 1313/2361/1229 2285/2380/1246
f 2285/2380/1246 1832/2379/1245 2607/2362/1230
f 1318/2381/1247 2282/2382/1248 1832/2379/1245
f 1832/2379/1245 2285/2380/1246 1318/2381/1247
f 2282/2382/1248 1317/2377/1243 2280/2376/1242
f 2280/2376/1242 1832/2379/1245 2282/2382/1248
f 1313/2361/1229 2275/2368/1234 1833/2383/1249
f 1833/2383/1249 2285/2380/1246 1313/2361/1229
f 2275/2368/1234 1314/2367/1233 2283/2384/1250
f 2283/2384/1250 1833/2383/1249 2275/2368/1234
f 1319/2385/1251 2284/2386/1252 1833/2383/1249
f 1833/2383/1249 2283/2384/1250 1319/2385/1251
f 2284/2386/1252 1318/2381/1247 2285/2380/1246
f 2285/2380/1246 1833/2383/1249 2284/2386/1252
f 1316/2374/1240 2278/2373/1239 1834/2387/1253
f 1834/2387/1253 2981/2388/1254 1316/2374/1240
f 2278/2373/1239 1315/2372/1238 2286/2389/1255
f 2286/2389/1255 1834/2387/1253 2278/2373/1239
f 1297/2390/1256 2980/2391/1257 1834/2387/1253
f 1834/2387/1253 2286/2389/1255 1297/2390/1256
f 2980/2391/1257 1710/2392/1258 2982/2393/1259
f 2982/2393/1259 1834/2387/1253 2980/2391/1257
f 1711/2394/1260 2981/2388/1254 1834/2387/1253
f 1834/2387/1253 2982/2395/1259 1711/2394/1260
f 1315/2372/1238 2281/2378/1244 1835/2396/1261
f 1835/2396/1261 2286/2389/1255 1315/2372/1238
f 2281/2378/1244 1317/2397/1243 2287/2398/1262
f 2287/2398/1262 1835/2396/1261 2281/2378/1244
f 1300/2298/1179 2288/2399/1263 1835/2400/1261
f 1835/2400/1261 2287/2401/1262 1300/2298/1179
f 2288/2399/1263 1297/2402/1256 2286/2403/1255
f 2286/2403/1255 1835/2400/1261 2288/2399/1263
f 1317/2397/1243 2282/2404/1248 1836/2405/1264
f 1836/2405/1264 2287/2398/1262 1317/2397/1243
f 2282/2406/1248 1318/2407/1247 2290/2408/1265
f 2290/2409/1265 1836/2410/1264 2282/2411/1248
f 1301/2300/1181 2252/2299/1180 1836/2412/1264
f 1836/2412/1264 2290/2413/1265 1301/2300/1181
f 2252/2299/1180 1300/2298/1179 2287/2401/1262
f 2287/2401/1262 1836/2412/1264 2252/2299/1180
f 1318/2407/1247 2284/2414/1252 1837/2415/1266
f 1837/2415/1266 2290/2408/1265 1318/2407/1247
f 2284/2414/1252 1319/2416/1251 2289/2417/1267
f 2289/2417/1267 1837/2415/1266 2284/2414/1252
f 1303/2306/1187 2255/2305/1186 1837/2418/1266
f 1837/2418/1266 2289/2419/1267 1303/2306/1187
f 2255/2305/1186 1301/2300/1181 2290/2413/1265
f 2290/2413/1265 1837/2418/1266 2255/2305/1186
f 1296/2420/1173 2291/2421/1268 1838/2422/1269
f 1838/2422/1269 2265/2342/1210 1296/2420/1173
f 2291/2423/1268 1320/2424/1270 2292/2425/1271
f 2292/2425/1271 1838/2426/1269 2291/2423/1268
f 1321/2427/1272 2293/2428/1273 1838/2426/1269
f 1838/2426/1269 2292/2425/1271 1321/2427/1272
f 2293/2428/1273 1309/2365/1211 2265/2429/1210
f 2265/2429/1210 1838/2426/1269 2293/2428/1273
f 1309/2365/1211 2293/2428/1273 1839/2430/1274
f 1839/2430/1274 2274/2366/1232 1309/2365/1211
f 2293/2428/1273 1321/2427/1272 2294/2431/1275
f 2294/2431/1275 1839/2430/1274 2293/2428/1273
f 1322/2432/1276 2295/2433/1277 1839/2430/1274
f 1839/2430/1274 2294/2431/1275 1322/2432/1276
f 2295/2433/1277 1563/2434/1278 2699/2435/1279
f 2699/2435/1279 1839/2430/1274 2295/2433/1277
f 1314/2367/1233 2274/2366/1232 1839/2430/1274
f 1839/2430/1274 2699/2435/1279 1314/2367/1233
f 1314/2367/1233 2699/2435/1279 1840/2436/1280
f 1840/2436/1280 2283/2384/1250 1314/2367/1233
f 2699/2435/1279 1563/2434/1278 2701/2437/1281
f 2701/2437/1281 1840/2436/1280 2699/2435/1279
f 1564/2438/1282 2700/2439/1283 1840/2436/1280
f 1840/2436/1280 2701/2437/1281 1564/2438/1282
f 2700/2439/1283 1323/2440/1284 2297/2441/1285
f 2297/2441/1285 1840/2436/1280 2700/2439/1283
f 1319/2385/1251 2283/2384/1250 1840/2436/1280
f 1840/2436/1280 2297/2441/1285 1319/2385/1251
f 1319/2385/1251 2297/2441/1285 1841/2442/1286
f 1841/2442/1286 2289/2443/1267 1319/2385/1251
f 2297/2441/1285 1323/2440/1284 2298/2444/1287
f 2298/2444/1287 1841/2442/1286 2297/2441/1285
f 1324/2445/1288 2299/2446/1289 1841/2442/1286
f 1841/2442/1286 2298/2444/1287 1324/2445/1288
f 2299/2447/1289 1303/2448/1187 2289/2417/1267
f 2289/2443/1267 1841/2442/1286 2299/2446/1289
f 1325/2449/1290 2300/2450/1291 1842/2451/1292
f 1842/2451/1292 2303/2452/1293 1325/2449/1290
f 2300/2450/1291 1326/2453/1294 2301/2454/1295
f 2301/2454/1295 1842/2451/1292 2300/2450/1291
f 1327/2455/1296 2302/2456/1297 1842/2451/1292
f 1842/2451/1292 2301/2454/1295 1327/2455/1296
f 2302/2456/1297 1328/2457/1298 2303/2452/1293
f 2303/2452/1293 1842/2451/1292 2302/2456/1297
f 1329/2458/1299 2304/2459/1300 1843/2460/1301
f 1843/2460/1301 2306/2461/1302 1329/2458/1299
f 2304/2462/1300 1330/2463/1303 2305/2464/1304
f 2305/2465/1304 1843/2460/1301 2304/2459/1300
f 1326/2453/1294 2300/2450/1291 1843/2460/1301
f 1843/2460/1301 2305/2465/1304 1326/2453/1294
f 2300/2450/1291 1325/2449/1290 2306/2461/1302
f 2306/2461/1302 1843/2460/1301 2300/2450/1291
f 1303/2306/1187 2299/2466/1289 1844/2467/1305
f 1844/2467/1305 2256/2307/1188 1303/2306/1187
f 2299/2466/1289 1324/2468/1288 2307/2469/1306
f 2307/2470/1306 1844/2471/1305 2299/2447/1289
f 1304/2308/1189 2256/2307/1188 1844/2467/1305
f 1844/2467/1305 2307/2469/1306 1304/2308/1189
f 1295/2290/1171 2308/2472/1307 1845/2473/1308
f 1845/2473/1308 2249/2291/1172 1295/2290/1171
f 2308/2472/1307 1320/2474/1270 2291/2475/1268
f 2291/2421/1268 1845/2476/1308 2308/2477/1307
f 1296/2292/1173 2249/2291/1172 1845/2473/1308
f 1845/2473/1308 2291/2475/1268 1296/2292/1173
f 1331/2478/1309 2309/2479/1310 1846/2480/1311
f 1846/2480/1311 2312/2481/1312 1331/2478/1309
f 2309/2482/1310 1567/2483/1313 2711/2484/1314
f 2711/2485/1314 1846/2480/1311 2309/2479/1310
f 1332/2486/1315 2310/2487/1316 1846/2480/1311
f 1846/2480/1311 2711/2485/1314 1332/2486/1315
f 2310/2487/1316 1333/2488/1317 2311/2489/1318
f 2311/2489/1318 1846/2480/1311 2310/2487/1316
f 1334/2490/1319 2312/2481/1312 1846/2480/1311
f 1846/2480/1311 2311/2489/1318 1334/2490/1319
f 1335/2491/1320 2848/2492/1321 1847/2493/1322
f 1847/2493/1322 2314/2494/1323 1335/2491/1320
f 2848/2495/1321 1639/2496/1324 2849/2497/1325
f 2849/2497/1325 1847/2498/1322 2848/2495/1321
f 1638/2499/1326 2847/2500/1327 1847/2501/1322
f 1847/2498/1322 2849/2497/1325 1638/2502/1326
f 2847/2503/1327 1338/2504/1328 2314/2494/1323
f 2314/2494/1323 1847/2493/1322 2847/2503/1327
f 1339/2505/1329 2315/2506/1330 1848/2507/1331
f 1848/2508/1331 2702/2509/1332 1339/2510/1329
f 2315/2506/1330 1635/2511/1333 2850/2512/1334
f 2850/2512/1334 1848/2507/1331 2315/2506/1330
f 1639/2496/1324 2848/2495/1321 1848/2507/1331
f 1848/2507/1331 2850/2512/1334 1639/2496/1324
f 2848/2492/1321 1335/2491/1320 2318/2513/1335
f 2318/2514/1335 1848/2508/1331 2848/2515/1321
f 1565/2516/1336 2702/2509/1332 1848/2508/1331
f 1848/2508/1331 2318/2514/1335 1565/2516/1336
f 1339/2505/1329 2319/2517/1337 1849/2518/1338
f 1849/2518/1338 2315/2506/1330 1339/2505/1329
f 2319/2517/1337 1341/2519/1339 2320/2520/1340
f 2320/2520/1340 1849/2518/1338 2319/2517/1337
f 1636/2521/1341 2845/2522/1342 1849/2518/1338
f 1849/2518/1338 2320/2520/1340 1636/2521/1341
f 2845/2522/1342 1635/2511/1333 2315/2506/1330
f 2315/2506/1330 1849/2518/1338 2845/2522/1342
f 1341/2523/1339 2608/2524/1343 1850/2525/1344
f 1850/2525/1344 2320/2526/1340 1341/2523/1339
f 2608/2524/1343 1343/2527/1345 2844/2528/1346
f 2844/2528/1346 1850/2525/1344 2608/2524/1343
f 1637/2529/1347 2846/2530/1348 1850/2531/1344
f 1850/2532/1344 2844/2533/1346 1637/2534/1347
f 2846/2530/1348 1636/2521/1341 2320/2520/1340
f 2320/2520/1340 1850/2531/1344 2846/2530/1348
f 1345/2535/1349 2323/2536/1350 1851/2537/1351
f 1851/2537/1351 2776/2538/1352 1345/2535/1349
f 2323/2536/1350 1346/2539/1353 2324/2540/1354
f 2324/2540/1354 1851/2537/1351 2323/2536/1350
f 1604/2541/1355 2782/2542/1356 1851/2537/1351
f 1851/2537/1351 2324/2540/1354 1604/2541/1355
f 2782/2542/1356 1603/2543/1357 2776/2538/1352
f 2776/2538/1352 1851/2537/1351 2782/2542/1356
f 1348/2544/1358 2609/2545/1359 1852/2546/1360
f 1852/2546/1360 2326/2547/1361 1348/2544/1358
f 2609/2545/1359 1634/2548/1362 2830/2549/1363
f 2830/2549/1363 1852/2546/1360 2609/2545/1359
f 1633/2550/1364 2828/2551/1365 1852/2546/1360
f 1852/2546/1360 2830/2549/1363 1633/2550/1364
f 2828/2551/1365 1584/2552/1366 2326/2547/1361
f 2326/2547/1361 1852/2546/1360 2828/2551/1365
f 1346/2553/1353 2323/2554/1350 1853/2555/1367
f 1853/2555/1367 2824/2556/1368 1346/2553/1353
f 2323/2557/1350 1345/2558/1349 2825/2559/1369
f 2825/2559/1369 1853/2560/1367 2323/2557/1350
f 1630/2561/1370 2831/2562/1371 1853/2560/1367
f 1853/2560/1367 2825/2559/1369 1630/2561/1370
f 2831/2563/1371 1629/2564/1372 2824/2556/1368
f 2824/2556/1368 1853/2555/1367 2831/2563/1371
f 1349/2565/1373 2330/2566/1374 1854/2567/1375
f 1854/2567/1375 2328/2568/1376 1349/2565/1373
f 2330/2566/1374 1602/2569/1377 2783/2570/1378
f 2783/2570/1378 1854/2567/1375 2330/2566/1374
f 1601/2571/1379 2774/2572/1380 1854/2567/1375
f 1854/2567/1375 2783/2570/1378 1601/2571/1379
f 2774/2572/1380 1350/2573/1381 2328/2568/1376
f 2328/2568/1376 1854/2567/1375 2774/2572/1380
f 1351/2574/1382 2346/2575/1383 1855/2576/1384
f 1855/2576/1384 2823/2577/1385 1351/2574/1382
f 2346/2575/1383 1346/2553/1353 2824/2556/1368
f 2824/2556/1368 1855/2576/1384 2346/2575/1383
f 1629/2564/1372 2832/2578/1386 1855/2576/1384
f 1855/2576/1384 2824/2556/1368 1629/2564/1372
f 2832/2578/1386 1628/2579/1387 2823/2577/1385
f 2823/2577/1385 1855/2576/1384 2832/2578/1386
f 1353/2580/1388 2349/2581/1389 1856/2582/1390
f 1856/2582/1390 2822/2583/1391 1353/2580/1388
f 2349/2581/1389 1351/2574/1382 2823/2577/1385
f 2823/2577/1385 1856/2582/1390 2349/2581/1389
f 1628/2579/1387 2833/2584/1392 1856/2582/1390
f 1856/2582/1390 2823/2577/1385 1628/2579/1387
f 2833/2584/1392 1627/2585/1393 2822/2583/1391
f 2822/2583/1391 1856/2582/1390 2833/2584/1392
f 1340/2586/1394 2321/2587/1395 1857/2588/1396
f 1857/2588/1396 2740/2589/1397 1340/2586/1394
f 2321/2587/1395 1342/2590/1398 2337/2591/1399
f 2337/2591/1399 1857/2588/1396 2321/2587/1395
f 1588/2592/1400 2745/2593/1401 1857/2588/1396
f 1857/2588/1396 2337/2591/1399 1588/2592/1400
f 2745/2593/1401 1587/2594/1402 2740/2589/1397
f 2740/2589/1397 1857/2588/1396 2745/2593/1401
f 1355/2595/1403 2344/2596/1404 1858/2597/1405
f 1858/2597/1405 2821/2598/1406 1355/2595/1403
f 2344/2599/1404 1353/2580/1388 2822/2583/1391
f 2822/2583/1391 1858/2600/1405 2344/2599/1404
f 1627/2585/1393 2834/2601/1407 1858/2600/1405
f 1858/2600/1405 2822/2583/1391 1627/2585/1393
f 2834/2601/1407 1626/2602/1408 2821/2603/1406
f 2821/2603/1406 1858/2600/1405 2834/2601/1407
f 1355/2604/1403 2341/2605/1409 1859/2606/1410
f 1859/2606/1410 2344/2607/1404 1355/2604/1403
f 2341/2605/1409 1607/2608/1411 2784/2609/1412
f 2784/2609/1412 1859/2606/1410 2341/2605/1409
f 1606/2610/1413 2779/2611/1414 1859/2606/1410
f 1859/2606/1410 2784/2609/1412 1606/2610/1413
f 2779/2611/1414 1353/2612/1388 2344/2607/1404
f 2344/2607/1404 1859/2606/1410 2779/2611/1414
f 1359/2613/1415 2345/2614/1416 1860/2615/1417
f 1860/2615/1417 2735/2616/1418 1359/2613/1415
f 2345/2614/1416 1347/2617/1419 2736/2618/1420
f 2736/2618/1420 1860/2615/1417 2345/2614/1416
f 1583/2619/1421 2747/2620/1422 1860/2615/1417
f 1860/2615/1417 2736/2618/1420 1583/2619/1421
f 2747/2620/1422 1582/2621/1423 2735/2616/1418
f 2735/2616/1418 1860/2615/1417 2747/2620/1422
f 1353/2612/1388 2779/2611/1414 1861/2622/1424
f 1861/2622/1424 2349/2623/1389 1353/2612/1388
f 2779/2611/1414 1606/2610/1413 2785/2624/1425
f 2785/2624/1425 1861/2622/1424 2779/2611/1414
f 1605/2625/1426 2347/2626/1427 1861/2622/1424
f 1861/2622/1424 2785/2624/1425 1605/2625/1426
f 2347/2626/1427 1351/2627/1382 2349/2623/1389
f 2349/2623/1389 1861/2622/1424 2347/2626/1427
f 1357/2628/1428 2733/2629/1429 1862/2630/1430
f 1862/2630/1430 2817/2631/1431 1357/2628/1428
f 2733/2629/1429 1580/2632/1432 2749/2633/1433
f 2749/2633/1433 1862/2630/1430 2733/2629/1429
f 1623/2634/1434 2835/2635/1435 1862/2630/1430
f 1862/2630/1430 2749/2633/1433 1623/2634/1434
f 2835/2635/1435 1622/2636/1436 2817/2631/1431
f 2817/2631/1431 1862/2630/1430 2835/2635/1435
f 1342/2590/1398 2322/2637/1437 1863/2638/1438
f 1863/2638/1438 2337/2591/1399 1342/2590/1398
f 2322/2637/1437 1344/2639/1439 2732/2640/1440
f 2732/2640/1440 1863/2638/1438 2322/2637/1437
f 1579/2641/1441 2750/2642/1442 1863/2638/1438
f 1863/2638/1438 2732/2640/1440 1579/2641/1441
f 2750/2642/1442 1588/2592/1400 2337/2591/1399
f 2337/2591/1399 1863/2638/1438 2750/2642/1442
f 1350/2573/1381 2774/2572/1380 1864/2643/1443
f 1864/2643/1443 2333/2644/1444 1350/2573/1381
f 2774/2572/1380 1601/2571/1379 2786/2645/1445
f 2786/2645/1445 1864/2643/1443 2774/2572/1380
f 1600/2646/1446 2338/2647/1447 1864/2643/1443
f 1864/2643/1443 2786/2645/1445 1600/2646/1446
f 2338/2647/1447 1352/2648/1448 2333/2644/1444
f 2333/2644/1444 1864/2643/1443 2338/2647/1447
f 1333/2488/1317 2352/2649/1449 1865/2650/1450
f 1865/2650/1450 2311/2489/1318 1333/2488/1317
f 2352/2649/1449 1658/2651/1451 2889/2652/1452
f 2889/2652/1452 1865/2650/1450 2352/2649/1449
f 1659/2653/1453 2888/2654/1454 1865/2650/1450
f 1865/2650/1450 2889/2652/1452 1659/2653/1453
f 2888/2654/1454 1334/2490/1319 2311/2489/1318
f 2311/2489/1318 1865/2650/1450 2888/2654/1454
f 1549/2655/1455 2672/2656/1456 1866/2657/1457
f 1866/2657/1457 2673/2658/1458 1549/2655/1455
f 2672/2656/1456 1362/2659/1459 2356/2660/1460
f 2356/2660/1460 1866/2657/1457 2672/2656/1456
f 1363/2661/1461 2357/2662/1462 1866/2657/1457
f 1866/2657/1457 2356/2660/1460 1363/2661/1461
f 2357/2662/1462 1548/2663/1463 2673/2658/1458
f 2673/2658/1458 1866/2657/1457 2357/2662/1462
f 1364/2664/1464 2358/2665/1465 1867/2666/1466
f 1867/2666/1466 2361/2667/1467 1364/2664/1464
f 2358/2665/1465 1660/2668/1468 2893/2669/1469
f 2893/2669/1469 1867/2666/1466 2358/2665/1465
f 1661/2670/1470 2892/2671/1471 1867/2666/1466
f 1867/2666/1466 2893/2669/1469 1661/2670/1470
f 2892/2671/1471 1648/2672/1472 2867/2673/1473
f 2867/2673/1473 1867/2666/1466 2892/2671/1471
f 1367/2674/1474 2361/2667/1467 1867/2666/1466
f 1867/2666/1466 2867/2673/1473 1367/2674/1474
f 1368/2675/1475 2362/2676/1476 1868/2677/1477
f 1868/2677/1477 2364/2678/1478 1368/2675/1475
f 2362/2676/1476 1364/2664/1464 2361/2667/1467
f 2361/2667/1467 1868/2677/1477 2362/2676/1476
f 1367/2674/1474 2363/2679/1479 1868/2677/1477
f 1868/2677/1477 2361/2667/1467 1367/2674/1474
f 2363/2679/1479 1369/2680/1480 2364/2678/1478
f 2364/2678/1478 1868/2677/1477 2363/2679/1479
f 1775/2681/1481 3113/2682/1482 1869/2683/1483
f 1869/2683/1483 3114/2684/1484 1775/2681/1481
f 3113/2682/1482 1374/2685/1485 2370/2686/1486
f 2370/2686/1486 1869/2683/1483 3113/2682/1482
f 1370/2687/1487 2365/2688/1488 1869/2689/1483
f 1869/2683/1483 2370/2686/1486 1370/2690/1487
f 2365/2691/1488 1371/2692/1489 2669/2693/1490
f 2669/2693/1490 1869/2683/1483 2365/2691/1488
f 1774/2694/1491 3114/2684/1484 1869/2683/1483
f 1869/2683/1483 2669/2693/1490 1774/2694/1491
f 1375/2695/1492 2371/2696/1493 1870/2697/1494
f 1870/2697/1494 2373/2698/1495 1375/2695/1492
f 2371/2696/1493 1376/2699/1496 2372/2700/1497
f 2372/2700/1497 1870/2697/1494 2371/2696/1493
f 1329/2458/1299 2306/2461/1302 1870/2697/1494
f 1870/2697/1494 2372/2700/1497 1329/2458/1299
f 2306/2461/1302 1325/2449/1290 2373/2698/1495
f 2373/2698/1495 1870/2697/1494 2306/2461/1302
f 1372/2701/1498 2374/2702/1499 1871/2703/1500
f 1871/2703/1500 2375/2704/1501 1372/2701/1498
f 2374/2702/1499 1375/2695/1492 2373/2698/1495
f 2373/2698/1495 1871/2703/1500 2374/2702/1499
f 1325/2449/1290 2303/2452/1293 1871/2703/1500
f 1871/2703/1500 2373/2698/1495 1325/2449/1290
f 2303/2452/1293 1328/2457/1298 2375/2704/1501
f 2375/2704/1501 1871/2703/1500 2303/2452/1293
f 1363/2661/1461 2376/2705/1502 1872/2706/1503
f 1872/2706/1503 2357/2662/1462 1363/2661/1461
f 2376/2705/1502 1373/2707/1504 2668/2708/1505
f 2668/2708/1505 1872/2706/1503 2376/2705/1502
f 1547/2709/1506 2671/2710/1507 1872/2706/1503
f 1872/2706/1503 2668/2708/1505 1547/2709/1506
f 2671/2710/1507 1548/2663/1463 2357/2662/1462
f 2357/2662/1462 1872/2706/1503 2671/2710/1507
f 1770/2711/1508 3103/2712/1509 1873/2713/1510
f 1873/2713/1510 3104/2714/1511 1770/2711/1508
f 3103/2712/1509 1362/2659/1459 2672/2656/1456
f 2672/2656/1456 1873/2713/1510 3103/2712/1509
f 1549/2655/1455 2674/2715/1512 1873/2713/1510
f 1873/2713/1510 2672/2656/1456 1549/2655/1455
f 2674/2715/1512 1769/2716/1513 3104/2714/1511
f 3104/2714/1511 1873/2713/1510 2674/2715/1512
f 1333/2488/1317 2310/2487/1316 1874/2717/1514
f 1874/2717/1514 2384/2718/1515 1333/2488/1317
f 2310/2487/1316 1332/2486/1315 2382/2719/1516
f 2382/2719/1516 1874/2717/1514 2310/2487/1316
f 1380/2720/1517 2383/2721/1518 1874/2722/1514
f 1874/2717/1514 2382/2719/1516 1380/2723/1517
f 2383/2724/1518 1381/2725/1519 2384/2718/1515
f 2384/2718/1515 1874/2717/1514 2383/2724/1518
f 1658/2651/1451 2352/2649/1449 1875/2726/1520
f 1875/2726/1520 2887/2727/1521 1658/2651/1451
f 2352/2649/1449 1333/2488/1317 2384/2718/1515
f 2384/2718/1515 1875/2726/1520 2352/2649/1449
f 1381/2725/1519 2385/2728/1522 1875/2726/1520
f 1875/2726/1520 2384/2718/1515 1381/2725/1519
f 2385/2728/1522 1657/2729/1523 2887/2727/1521
f 2887/2727/1521 1875/2726/1520 2385/2728/1522
f 1334/2490/1319 2387/2730/1524 1876/2731/1525
f 1876/2731/1525 2312/2481/1312 1334/2490/1319
f 2387/2730/1524 1364/2664/1464 2362/2676/1476
f 2362/2676/1476 1876/2731/1525 2387/2730/1524
f 1368/2675/1475 2388/2732/1526 1876/2731/1525
f 1876/2731/1525 2362/2676/1476 1368/2675/1475
f 2388/2733/1526 1566/2734/1527 2708/2735/1528
f 2708/2736/1528 1876/2731/1525 2388/2732/1526
f 1331/2478/1309 2312/2481/1312 1876/2731/1525
f 1876/2731/1525 2708/2736/1528 1331/2478/1309
f 1660/2668/1468 2358/2665/1465 1877/2737/1529
f 1877/2737/1529 2891/2738/1530 1660/2668/1468
f 2358/2665/1465 1364/2664/1464 2387/2730/1524
f 2387/2730/1524 1877/2737/1529 2358/2665/1465
f 1334/2490/1319 2888/2654/1454 1877/2737/1529
f 1877/2737/1529 2387/2730/1524 1334/2490/1319
f 2888/2654/1454 1659/2653/1453 2891/2738/1530
f 2891/2738/1530 1877/2737/1529 2888/2654/1454
f 1324/2468/1288 2390/2739/1531 1878/2740/1532
f 1878/2740/1532 2307/2469/1306 1324/2468/1288
f 2390/2739/1531 1383/2741/1533 2391/2742/1534
f 2391/2742/1534 1878/2740/1532 2390/2739/1531
f 1384/2743/1535 2392/2744/1536 1878/2740/1532
f 1878/2740/1532 2391/2742/1534 1384/2743/1535
f 2392/2744/1536 1304/2308/1189 2307/2469/1306
f 2307/2469/1306 1878/2740/1532 2392/2744/1536
f 1385/2745/1537 2393/2746/1538 1879/2747/1539
f 1879/2747/1539 2395/2748/1540 1385/2745/1537
f 2393/2746/1538 1386/2749/1541 2394/2750/1542
f 2394/2750/1542 1879/2747/1539 2393/2746/1538
f 1320/2474/1270 2308/2472/1307 1879/2747/1539
f 1879/2747/1539 2394/2750/1542 1320/2474/1270
f 2308/2472/1307 1295/2290/1171 2395/2748/1540
f 2395/2748/1540 1879/2747/1539 2308/2472/1307
f 1387/2751/1543 2396/2752/1544 1880/2753/1545
f 1880/2753/1545 3042/2754/1546 1387/2751/1543
f 2396/2755/1544 1388/2756/1547 2397/2757/1548
f 2397/2757/1548 1880/2758/1545 2396/2755/1544
f 1389/2759/1549 2398/2760/1550 1880/2761/1545
f 1880/2761/1545 2397/2762/1548 1389/2759/1549
f 2398/2763/1550 1390/2764/1551 2399/2765/1552
f 2399/2765/1552 1880/2766/1545 2398/2763/1550
f 1740/2767/1553 3042/2754/1546 1880/2753/1545
f 1880/2753/1545 2399/2768/1552 1740/2767/1553
f 1391/2769/1554 2400/2770/1555 1881/2771/1556
f 1881/2772/1556 2403/2773/1557 1391/2774/1554
f 2400/2775/1555 1392/2776/1558 2401/2777/1559
f 2401/2778/1559 1881/2779/1556 2400/2780/1555
f 1393/2781/1560 2402/2782/1561 1881/2779/1556
f 1881/2779/1556 2401/2778/1559 1393/2781/1560
f 2402/2783/1561 1394/2784/1562 2403/2785/1557
f 2403/2785/1557 1881/2786/1556 2402/2783/1561
f 1395/2787/1563 2404/2788/1564 1882/2789/1565
f 1882/2789/1565 2407/2790/1566 1395/2787/1563
f 2404/2788/1564 1396/2791/1567 2405/2792/1568
f 2405/2792/1568 1882/2789/1565 2404/2788/1564
f 1397/2793/1569 2406/2794/1570 1882/2789/1565
f 1882/2789/1565 2405/2792/1568 1397/2793/1569
f 2406/2794/1570 1398/2795/1571 2407/2790/1566
f 2407/2790/1566 1882/2789/1565 2406/2794/1570
f 1399/2796/1572 2491/2797/1573 1883/2798/1574
f 1883/2798/1574 2408/2799/1575 1399/2796/1572
f 2491/2800/1573 1400/2801/1576 2479/2802/1577
f 2479/2802/1577 1883/2803/1574 2491/2800/1573
f 1397/2793/1569 2405/2792/1568 1883/2798/1574
f 1883/2798/1574 2479/2804/1577 1397/2793/1569
f 2405/2792/1568 1396/2791/1567 2408/2799/1575
f 2408/2799/1575 1883/2798/1574 2405/2792/1568
f 1401/2805/1578 2409/2806/1579 1884/2807/1580
f 1884/2807/1580 2411/2808/1581 1401/2805/1578
f 2409/2806/1579 1402/2809/1582 2410/2810/1583
f 2410/2810/1583 1884/2807/1580 2409/2806/1579
f 1386/2811/1541 2393/2812/1538 1884/2813/1580
f 1884/2813/1580 2410/2814/1583 1386/2811/1541
f 2393/2815/1538 1385/2816/1537 2411/2808/1581
f 2411/2808/1581 1884/2807/1580 2393/2815/1538
f 1403/2817/1584 2412/2818/1585 1885/2819/1586
f 1885/2820/1586 2415/2821/1587 1403/2822/1584
f 2412/2818/1585 1404/2823/1588 2413/2824/1589
f 2413/2824/1589 1885/2819/1586 2412/2818/1585
f 1405/2825/1590 2414/2826/1591 1885/2827/1586
f 1885/2820/1586 2413/2828/1589 1405/2829/1590
f 2414/2826/1591 1406/2830/1592 2415/2831/1587
f 2415/2831/1587 1885/2827/1586 2414/2826/1591
f 1407/2832/1593 2536/2833/1594 1886/2834/1595
f 1886/2834/1595 2417/2835/1596 1407/2832/1593
f 2536/2833/1594 1408/2836/1597 2493/2837/1598
f 2493/2837/1598 1886/2834/1595 2536/2833/1594
f 1409/2838/1599 2416/2839/1600 1886/2834/1595
f 1886/2834/1595 2493/2837/1598 1409/2838/1599
f 2416/2839/1600 1410/2840/1601 2417/2835/1596
f 2417/2835/1596 1886/2834/1595 2416/2839/1600
f 1407/2832/1593 2417/2835/1596 1887/2841/1602
f 1887/2841/1602 2420/2842/1603 1407/2832/1593
f 2417/2835/1596 1410/2840/1601 2418/2843/1604
f 2418/2843/1604 1887/2841/1602 2417/2835/1596
f 1411/2844/1605 2419/2845/1606 1887/2841/1602
f 1887/2841/1602 2418/2843/1604 1411/2844/1605
f 2419/2845/1606 1412/2846/1607 2420/2842/1603
f 2420/2842/1603 1887/2841/1602 2419/2845/1606
f 1384/2847/1535 2421/2848/1608 1888/2849/1609
f 1888/2849/1609 2424/2850/1610 1384/2847/1535
f 2421/2848/1608 1413/2851/1611 2422/2852/1612
f 2422/2852/1612 1888/2849/1609 2421/2848/1608
f 1414/2853/1613 2423/2854/1614 1888/2849/1609
f 1888/2849/1609 2422/2852/1612 1414/2853/1613
f 2423/2854/1614 1415/2855/1615 2424/2850/1610
f 2424/2850/1610 1888/2849/1609 2423/2854/1614
f 1416/2856/1616 2425/2857/1617 1889/2858/1618
f 1889/2858/1618 2427/2859/1619 1416/2856/1616
f 2425/2860/1617 1417/2861/1620 2426/2862/1621
f 2426/2863/1621 1889/2864/1618 2425/2865/1617
f 1418/2866/1622 2427/2859/1619 1889/2858/1618
f 1889/2858/1618 2426/2867/1621 1418/2866/1622
f 1419/2868/1623 2428/2869/1624 1890/2870/1625
f 1890/2870/1625 2430/2871/1626 1419/2868/1623
f 2428/2869/1624 1420/2872/1627 2429/2873/1628
f 2429/2873/1628 1890/2870/1625 2428/2869/1624
f 1753/2874/1629 3070/2875/1630 1890/2870/1625
f 1890/2876/1625 2429/2877/1628 1753/2878/1629
f 3070/2875/1630 1416/2856/1616 2427/2859/1619
f 2427/2859/1619 1890/2870/1625 3070/2875/1630
f 1418/2866/1622 2430/2871/1626 1890/2870/1625
f 1890/2870/1625 2427/2859/1619 1418/2866/1622
f 1421/2879/1631 2431/2880/1632 1891/2881/1633
f 1891/2881/1633 2433/2882/1634 1421/2879/1631
f 2431/2880/1632 1390/2883/1551 2398/2760/1550
f 2398/2760/1550 1891/2881/1633 2431/2880/1632
f 1389/2759/1549 2432/2884/1635 1891/2881/1633
f 1891/2881/1633 2398/2760/1550 1389/2759/1549
f 2432/2884/1635 1422/2885/1636 2433/2882/1634
f 2433/2882/1634 1891/2881/1633 2432/2884/1635
f 1423/2886/1637 2434/2887/1638 1892/2888/1639
f 1892/2888/1639 2437/2889/1640 1423/2886/1637
f 2434/2887/1638 1424/2890/1641 2435/2891/1642
f 2435/2891/1642 1892/2888/1639 2434/2887/1638
f 1780/2892/1643 3126/2893/1644 1892/2888/1639
f 1892/2888/1639 2435/2891/1642 1780/2892/1643
f 3126/2893/1644 1781/2894/1645 3125/2895/1646
f 3125/2895/1646 1892/2888/1639 3126/2893/1644
f 1425/2896/1647 2437/2889/1640 1892/2888/1639
f 1892/2888/1639 3125/2895/1646 1425/2896/1647
f 1378/2897/1648 2438/2898/1649 1893/2899/1650
f 1893/2899/1650 2380/2900/1651 1378/2897/1648
f 2438/2898/1649 1789/2901/1652 3143/2902/1653
f 3143/2902/1653 1893/2899/1650 2438/2898/1649
f 1790/2903/1654 3142/2904/1655 1893/2899/1650
f 1893/2899/1650 3143/2902/1653 1790/2903/1654
f 3142/2904/1655 1379/2905/1656 2380/2900/1651
f 2380/2900/1651 1893/2899/1650 3142/2904/1655
f 1424/2906/1641 2442/2907/1657 1894/2908/1658
f 1894/2909/1658 2445/2910/1659 1424/2911/1641
f 2442/2907/1657 1430/2912/1660 2443/2913/1661
f 2443/2913/1661 1894/2908/1658 2442/2907/1657
f 1431/2914/1662 2444/2915/1663 1894/2908/1658
f 1894/2908/1658 2443/2913/1661 1431/2914/1662
f 2444/2915/1663 1432/2916/1664 2445/2917/1659
f 2445/2917/1659 1894/2908/1658 2444/2915/1663
f 1432/2916/1664 2444/2915/1663 1895/2918/1665
f 1895/2919/1665 2448/2920/1666 1432/2921/1664
f 2444/2915/1663 1431/2914/1662 2446/2922/1667
f 2446/2922/1667 1895/2918/1665 2444/2915/1663
f 1433/2923/1668 2447/2924/1669 1895/2918/1665
f 1895/2918/1665 2446/2922/1667 1433/2923/1668
f 2447/2924/1669 1434/2925/1670 2448/2926/1666
f 2448/2926/1666 1895/2918/1665 2447/2924/1669
f 1434/2925/1670 2447/2924/1669 1896/2927/1671
f 1896/2927/1671 2450/2928/1672 1434/2925/1670
f 2447/2924/1669 1433/2923/1668 2545/2929/1673
f 2545/2929/1673 1896/2927/1671 2447/2924/1669
f 1435/2930/1674 2449/2931/1675 1896/2927/1671
f 1896/2927/1671 2545/2929/1673 1435/2930/1674
f 2449/2931/1675 1436/2932/1676 2450/2928/1672
f 2450/2928/1672 1896/2927/1671 2449/2931/1675
f 1435/2930/1674 2546/2933/1677 1897/2934/1678
f 1897/2934/1678 2449/2931/1675 1435/2930/1674
f 2546/2935/1677 1437/2936/1679 2451/2937/1680
f 2451/2938/1680 1897/2934/1678 2546/2933/1677
f 1438/2939/1681 2452/2940/1682 1897/2934/1678
f 1897/2941/1678 2451/2942/1680 1438/2943/1681
f 2452/2944/1682 1439/2945/1683 2453/2946/1684
f 2453/2947/1684 1897/2934/1678 2452/2940/1682
f 1436/2932/1676 2449/2931/1675 1897/2934/1678
f 1897/2934/1678 2453/2947/1684 1436/2932/1676
f 1442/2948/1685 2610/2949/1686 1898/2950/1687
f 1898/2951/1687 2455/2952/1688 1442/2953/1685
f 2610/2954/1686 1443/2955/1689 2460/2956/1690
f 2460/2956/1690 1898/2951/1687 2610/2954/1686
f 1444/2957/1691 2456/2958/1692 1898/2951/1687
f 1898/2951/1687 2460/2956/1690 1444/2957/1691
f 2456/2958/1692 1440/2959/1693 2455/2952/1688
f 2455/2952/1688 1898/2951/1687 2456/2958/1692
f 1443/2955/1689 2457/2960/1694 1899/2961/1695
f 1899/2961/1695 2460/2956/1690 1443/2955/1689
f 2457/2960/1694 1445/2962/1696 2458/2963/1697
f 2458/2963/1697 1899/2961/1695 2457/2960/1694
f 1446/2964/1698 2459/2965/1699 1899/2961/1695
f 1899/2961/1695 2458/2963/1697 1446/2964/1698
f 2459/2965/1699 1444/2957/1691 2460/2956/1690
f 2460/2956/1690 1899/2961/1695 2459/2965/1699
f 1447/2966/1700 2461/2967/1701 1900/2968/1702
f 1900/2968/1702 2464/2969/1703 1447/2966/1700
f 2461/2967/1701 1448/2970/1704 2462/2971/1705
f 2462/2971/1705 1900/2968/1702 2461/2967/1701
f 1449/2972/1706 2463/2973/1707 1900/2968/1702
f 1900/2968/1702 2462/2971/1705 1449/2972/1706
f 2463/2973/1707 1450/2974/1708 2464/2969/1703
f 2464/2969/1703 1900/2968/1702 2463/2973/1707
f 1420/2872/1627 2428/2869/1624 1901/2975/1709
f 1901/2976/1709 2466/2977/1710 1420/2978/1627
f 2428/2869/1624 1419/2868/1623 2465/2979/1711
f 2465/2979/1711 1901/2975/1709 2428/2869/1624
f 1451/2980/1712 2466/2977/1710 1901/2976/1709
f 1901/2981/1709 2465/2982/1711 1451/2983/1712
f 1441/2984/1713 2511/2985/1714 1902/2986/1715
f 1902/2987/1715 2468/2988/1716 1441/2989/1713
f 2511/2990/1714 1452/2991/1717 2469/2992/1718
f 2469/2992/1718 1902/2993/1715 2511/2990/1714
f 1429/2994/1719 2467/2995/1720 1902/2993/1715
f 1902/2993/1715 2469/2992/1718 1429/2994/1719
f 2467/2996/1721 1428/2997/1722 2440/2998/1723
f 2440/2999/1724 1902/3000/1715 2467/3001/1720
f 1427/3002/1725 2468/3003/1716 1902/3000/1715
f 1902/3000/1715 2440/2999/1724 1427/3002/1725
f 1320/2424/1270 2394/3004/1542 1903/3005/1726
f 1903/3005/1726 2706/3006/1727 1320/2424/1270
f 2394/3004/1542 1386/3007/1541 2410/3008/1583
f 2410/3008/1583 1903/3005/1726 2394/3004/1542
f 1402/3009/1582 2472/3010/1728 1903/3011/1726
f 1903/3012/1726 2410/3013/1583 1402/3014/1582
f 2472/3015/1728 1343/3016/1345 2706/3006/1727
f 2706/3017/1727 1903/3018/1726 2472/3019/1728
f 1302/2302/1183 2257/2304/1185 1904/3020/1729
f 1904/3020/1729 2614/3021/1730 1302/2302/1183
f 2257/2304/1185 1304/2308/1189 2392/2744/1536
f 2392/2744/1536 1904/3020/1729 2257/2304/1185
f 1384/3022/1535 2424/3023/1610 1904/3024/1729
f 1904/3020/1729 2392/2744/1536 1384/2743/1535
f 2424/3023/1610 1415/3025/1615 2475/3026/1731
f 2475/3026/1731 1904/3024/1729 2424/3023/1610
f 1411/3027/1605 2418/3028/1604 1904/3024/1729
f 1904/3024/1729 2475/3026/1731 1411/3027/1605
f 2418/3028/1604 1410/3029/1601 2416/3030/1600
f 2416/3030/1600 1904/3024/1729 2418/3028/1604
f 1409/3031/1599 3058/3032/1732 1904/3020/1729
f 1904/3024/1729 2416/3030/1600 1409/3033/1599
f 3058/3032/1732 1747/3034/1733 2614/3021/1730
f 2614/3021/1730 1904/3020/1729 3058/3032/1732
f 1385/2745/1537 2395/2748/1540 1905/3035/1734
f 1905/3036/1734 2478/3037/1735 1385/3038/1537
f 2395/2748/1540 1295/2290/1171 2248/2288/1169
f 2248/2288/1169 1905/3035/1734 2395/2748/1540
f 1293/2283/1164 2611/3039/1736 1905/3035/1734
f 1905/3035/1734 2248/2288/1169 1293/2283/1164
f 2611/3039/1736 1454/3040/1737 2481/3041/1738
f 2481/3041/1738 1905/3035/1734 2611/3039/1736
f 1391/3042/1554 2403/2785/1557 1905/3036/1734
f 1905/3035/1734 2481/3041/1738 1391/3043/1554
f 2403/2785/1557 1394/2784/1562 2480/3044/1739
f 2480/3044/1739 1905/3036/1734 2403/2785/1557
f 1398/3045/1571 2406/3046/1570 1905/3036/1734
f 1905/3036/1734 2480/3044/1739 1398/3045/1571
f 2406/3046/1570 1397/3047/1569 2479/3048/1577
f 2479/3048/1577 1905/3036/1734 2406/3046/1570
f 1400/3049/1576 2478/3037/1735 1905/3036/1734
f 1905/3036/1734 2479/3048/1577 1400/3049/1576
f 1412/3050/1607 2482/3051/1740 1906/3052/1741
f 1906/3053/1741 2420/3054/1603 1412/3055/1607
f 2482/3056/1740 1414/3057/1613 2483/3058/1742
f 2483/3058/1742 1906/3059/1741 2482/3056/1740
f 1662/3060/1743 2897/3061/1744 1906/3062/1741
f 1906/3062/1741 2483/3063/1742 1662/3060/1743
f 2897/3061/1744 1663/3064/1745 2896/3065/1746
f 2896/3065/1746 1906/3062/1741 2897/3061/1744
f 1407/2832/1593 2420/2842/1603 1906/3059/1741
f 1906/3062/1741 2896/3065/1746 1407/3066/1593
f 1458/3067/1747 2615/3068/1748 1907/3069/1749
f 1907/3069/1749 3144/3070/1750 1458/3067/1747
f 2615/3068/1748 1357/2628/1428 2817/2631/1431
f 2817/2631/1431 1907/3069/1749 2615/3068/1748
f 1622/2636/1436 3145/3071/1751 1907/3069/1749
f 1907/3069/1749 2817/2631/1431 1622/2636/1436
f 3145/3071/1751 1791/3072/1752 3144/3070/1750
f 3144/3070/1750 1907/3069/1749 3145/3071/1751
f 1391/2769/1554 2489/3073/1753 1908/3074/1754
f 1908/3074/1754 2400/2770/1555 1391/2769/1554
f 2489/3075/1753 1388/3076/1547 2396/3077/1544
f 2396/2755/1544 1908/3074/1754 2489/3073/1753
f 1387/2751/1543 2490/3078/1755 1908/3079/1754
f 1908/3079/1754 2396/2752/1544 1387/2751/1543
f 2490/3080/1755 1392/2776/1558 2400/2775/1555
f 2400/3081/1555 1908/3079/1754 2490/3078/1755
f 1394/3082/1562 2402/2782/1561 1909/3083/1756
f 1909/3084/1756 2480/3085/1739 1394/3086/1562
f 2402/2782/1561 1393/2781/1560 2515/3087/1757
f 2515/3087/1757 1909/3083/1756 2402/2782/1561
f 1395/2787/1563 2407/2790/1566 1909/3083/1756
f 1909/3083/1756 2515/3087/1757 1395/2787/1563
f 2407/2790/1566 1398/2795/1571 2480/3088/1739
f 2480/3088/1739 1909/3083/1756 2407/2790/1566
f 1399/3089/1572 2487/3090/1758 1910/3091/1759
f 1910/3091/1759 2491/3092/1573 1399/3089/1572
f 2487/3090/1758 1401/2805/1578 2411/2808/1581
f 2411/2808/1581 1910/3091/1759 2487/3090/1758
f 1385/3093/1537 2478/3094/1735 1910/3095/1759
f 1910/3091/1759 2411/2808/1581 1385/2816/1537
f 2478/3094/1735 1400/2801/1576 2491/2800/1573
f 2491/3096/1573 1910/3097/1759 2478/3098/1735
f 1408/2836/1597 2492/3099/1760 1911/3100/1761
f 1911/3100/1761 2493/2837/1598 1408/2836/1597
f 2492/3101/1760 1403/2822/1584 2415/2821/1587
f 2415/3102/1587 1911/3100/1761 2492/3099/1760
f 1406/3103/1592 2476/3104/1762 1911/3100/1761
f 1911/3100/1761 2415/3102/1587 1406/3103/1592
f 2476/3104/1762 1409/2838/1599 2493/2837/1598
f 2493/2837/1598 1911/3100/1761 2476/3104/1762
f 1414/3057/1613 2482/3056/1740 1912/3105/1763
f 1912/3105/1763 2423/3106/1614 1414/3057/1613
f 2482/3056/1740 1412/2846/1607 2419/2845/1606
f 2419/2845/1606 1912/3105/1763 2482/3056/1740
f 1411/2844/1605 2475/3107/1731 1912/3105/1763
f 1912/3105/1763 2419/2845/1606 1411/2844/1605
f 2475/3108/1731 1415/3109/1615 2423/3110/1614
f 2423/3106/1614 1912/3105/1763 2475/3107/1731
f 1383/3111/1533 2474/3112/1764 1913/3113/1765
f 1913/3113/1765 2391/3114/1534 1383/3111/1533
f 2474/3115/1764 1459/3116/1766 2494/3117/1767
f 2494/3117/1767 1913/3118/1765 2474/3115/1764
f 1413/2851/1611 2421/2848/1608 1913/3118/1765
f 1913/3118/1765 2494/3117/1767 1413/2851/1611
f 2421/2848/1608 1384/2847/1535 2391/3119/1534
f 2391/3119/1534 1913/3118/1765 2421/2848/1608
f 1404/2823/1588 2495/3120/1768 1914/3121/1769
f 1914/3121/1769 2413/2824/1589 1404/2823/1588
f 2495/3122/1768 1417/3123/1620 2425/3124/1617
f 2425/3125/1617 1914/3121/1769 2495/3120/1768
f 1416/3126/1616 2496/3127/1770 1914/3128/1769
f 1914/3128/1769 2425/3129/1617 1416/3126/1616
f 2496/3130/1770 1405/2829/1590 2413/2828/1589
f 2413/3131/1589 1914/3132/1769 2496/3133/1770
f 1456/3134/1771 2477/3135/1772 1915/3136/1773
f 1915/3136/1773 3085/3137/1774 1456/3134/1771
f 2477/3135/1772 1406/3138/1592 2497/3139/1775
f 2497/3139/1775 1915/3136/1773 2477/3135/1772
f 1760/3140/1776 3086/3141/1777 1915/3136/1773
f 1915/3136/1773 2497/3139/1775 1760/3140/1776
f 3086/3141/1777 1761/3142/1778 3085/3137/1774
f 3085/3137/1774 1915/3136/1773 3086/3141/1777
f 1436/3143/1676 2453/3144/1684 1916/3145/1779
f 1916/3146/1779 2450/2928/1672 1436/2932/1676
f 2453/3147/1684 1439/3148/1683 2502/3149/1780
f 2502/3150/1780 1916/3145/1779 2453/3144/1684
f 1462/3151/1781 2503/3152/1782 1916/3145/1779
f 1916/3145/1779 2502/3150/1780 1462/3151/1781
f 2503/3152/1782 1391/3043/1554 2481/3041/1738
f 2481/3041/1738 1916/3145/1779 2503/3152/1782
f 1454/3040/1737 2504/3153/1783 1916/3145/1779
f 1916/3145/1779 2481/3041/1738 1454/3040/1737
f 2504/3153/1783 1453/3154/1784 2505/3155/1785
f 2505/3155/1785 1916/3145/1779 2504/3153/1783
f 1434/3156/1670 2450/3157/1672 1916/3158/1779
f 1916/3145/1779 2505/3155/1785 1434/3159/1670
f 1416/3160/1616 3084/3161/1786 1917/3162/1787
f 1917/3162/1787 2496/3163/1770 1416/3160/1616
f 3084/3161/1786 1760/3140/1776 2497/3139/1775
f 2497/3139/1775 1917/3162/1787 3084/3161/1786
f 1406/3138/1592 2414/3164/1591 1917/3162/1787
f 1917/3162/1787 2497/3139/1775 1406/3138/1592
f 2414/2826/1591 1405/2825/1590 2496/3127/1770
f 2496/3163/1770 1917/3162/1787 2414/3164/1591
f 1422/3165/1636 2432/3166/1635 1918/3167/1788
f 1918/3167/1788 2507/3168/1789 1422/3165/1636
f 2432/3166/1635 1389/3169/1549 2397/3170/1548
f 2397/3170/1548 1918/3167/1788 2432/3166/1635
f 1388/3171/1547 2489/3172/1753 1918/3167/1788
f 1918/3167/1788 2397/3170/1548 1388/3171/1547
f 2489/3172/1753 1391/3043/1554 2503/3152/1782
f 2503/3152/1782 1918/3167/1788 2489/3172/1753
f 1462/3151/1781 2507/3168/1789 1918/3167/1788
f 1918/3167/1788 2503/3152/1782 1462/3151/1781
f 1369/3173/1480 2508/3174/1790 1919/3175/1791
f 1919/3175/1791 2707/3176/1792 1369/3173/1480
f 2508/3174/1790 1463/3177/1793 2509/3178/1794
f 2509/3178/1794 1919/3175/1791 2508/3174/1790
f 1425/3179/1647 3125/3180/1646 1919/3175/1791
f 1919/3175/1791 2509/3178/1794 1425/3179/1647
f 3125/2895/1646 1781/2894/1645 2436/3181/1795
f 2436/3182/1795 1919/3175/1791 3125/3180/1646
f 1374/3183/1485 2707/3176/1792 1919/3175/1791
f 1919/3175/1791 2436/3182/1795 1374/3183/1485
f 1453/3154/1784 3121/3184/1796 1920/3185/1797
f 1920/3185/1797 2505/3155/1785 1453/3154/1784
f 3121/3184/1796 1779/3186/1798 3124/3187/1799
f 3124/3187/1799 1920/3185/1797 3121/3184/1796
f 1780/2892/1643 2435/2891/1642 1920/3185/1797
f 1920/3185/1797 3124/3187/1799 1780/2892/1643
f 2435/2891/1642 1424/2890/1641 2445/3188/1659
f 2445/3188/1659 1920/3185/1797 2435/2891/1642
f 1432/3189/1664 2448/3190/1666 1920/3185/1797
f 1920/3185/1797 2445/3188/1659 1432/3189/1664
f 2448/3190/1666 1434/3159/1670 2505/3155/1785
f 2505/3155/1785 1920/3185/1797 2448/3190/1666
f 1381/3191/1519 2383/3192/1518 1921/3193/1800
f 1921/3193/1800 2909/3194/1801 1381/3191/1519
f 2383/3192/1518 1380/3195/1517 2510/3196/1802
f 2510/3196/1802 1921/3193/1800 2383/3192/1518
f 1452/3197/1717 2511/3198/1714 1921/3193/1800
f 1921/3193/1800 2510/3196/1802 1452/3197/1717
f 2511/3198/1714 1441/3199/1713 2512/3200/1803
f 2512/3200/1803 1921/3193/1800 2511/3198/1714
f 1669/3201/1804 2909/3194/1801 1921/3193/1800
f 1921/3193/1800 2512/3200/1803 1669/3201/1804
f 1465/3202/1805 2513/3203/1806 1922/3204/1807
f 1922/3204/1807 3148/3205/1808 1465/3202/1805
f 2513/3203/1806 1466/3206/1809 2514/3207/1810
f 2514/3207/1810 1922/3204/1807 2513/3203/1806
f 1792/3208/1811 3149/3209/1812 1922/3204/1807
f 1922/3204/1807 2514/3207/1810 1792/3208/1811
f 3149/3209/1812 1793/3210/1813 3148/3205/1808
f 3148/3205/1808 1922/3204/1807 3149/3209/1812
f 1378/2897/1648 2379/3211/1814 1923/3212/1815
f 1923/3212/1815 2438/2898/1649 1378/2897/1648
f 2379/3211/1814 1377/3213/1816 3138/3214/1817
f 3138/3214/1817 1923/3212/1815 2379/3211/1814
f 1788/3215/1818 3141/3216/1819 1923/3212/1815
f 1923/3212/1815 3138/3214/1817 1788/3215/1818
f 3141/3216/1819 1789/2901/1652 2438/2898/1649
f 2438/2898/1649 1923/3212/1815 3141/3216/1819
f 1423/3217/1637 2517/3218/1820 1924/3219/1821
f 1924/3219/1821 2434/3220/1638 1423/3217/1637
f 2517/3221/1820 1467/3222/1822 2518/3223/1823
f 2518/3223/1823 1924/3224/1821 2517/3221/1820
f 1430/3225/1660 2442/3226/1657 1924/3224/1821
f 1924/3224/1821 2518/3223/1823 1430/3225/1660
f 2442/3227/1657 1424/2911/1641 2434/3220/1638
f 2434/3220/1638 1924/3219/1821 2442/3227/1657
f 1425/3179/1647 2509/3178/1794 1925/3228/1824
f 1925/3228/1824 2437/3229/1640 1425/3179/1647
f 2509/3178/1794 1463/3177/1793 2519/3230/1825
f 2519/3230/1825 1925/3228/1824 2509/3178/1794
f 1467/3231/1822 2517/3232/1820 1925/3233/1824
f 1925/3234/1824 2519/3235/1825 1467/3222/1822
f 2517/3218/1820 1423/3217/1637 2437/3236/1640
f 2437/3236/1640 1925/3237/1824 2517/3218/1820
f 1468/3238/1826 2522/3239/1827 1926/3240/1828
f 1926/3241/1828 2520/3242/1829 1468/3243/1826
f 2522/3244/1827 1462/3151/1781 2502/3150/1780
f 2502/3149/1780 1926/3245/1828 2522/3246/1827
f 1439/2945/1683 2452/2944/1682 1926/3247/1828
f 1926/3245/1828 2502/3149/1780 1439/3148/1683
f 2452/3248/1682 1438/3249/1681 2520/3250/1829
f 2520/3242/1829 1926/3241/1828 2452/3251/1682
f 1468/3243/1826 2521/3252/1830 1927/3253/1831
f 1927/3254/1831 2522/3239/1827 1468/3238/1826
f 2521/3252/1830 1739/3255/1832 3041/3256/1833
f 3041/3256/1833 1927/3253/1831 2521/3252/1830
f 1421/3257/1631 2433/3258/1634 1927/3259/1831
f 1927/3254/1831 3041/3260/1833 1421/3261/1631
f 2433/3262/1634 1422/3165/1636 2507/3168/1789
f 2507/3168/1789 1927/3263/1831 2433/3262/1634
f 1462/3151/1781 2522/3244/1827 1927/3263/1831
f 1927/3263/1831 2507/3168/1789 1462/3151/1781
f 1447/2966/1700 2527/3264/1834 1928/3265/1835
f 1928/3265/1835 2461/2967/1701 1447/2966/1700
f 2527/3264/1834 1446/2964/1698 2458/2963/1697
f 2458/2963/1697 1928/3265/1835 2527/3264/1834
f 1445/2962/1696 2500/3266/1836 1928/3265/1835
f 1928/3265/1835 2458/2963/1697 1445/2962/1696
f 2500/3266/1836 1448/2970/1704 2461/2967/1701
f 2461/2967/1701 1928/3265/1835 2500/3266/1836
f 1449/3267/1706 2498/3268/1837 1929/3269/1838
f 1929/3269/1838 2463/3270/1707 1449/3267/1706
f 2498/3268/1837 1461/3271/1839 2523/3272/1840
f 2523/3272/1840 1929/3269/1838 2498/3268/1837
f 1469/3273/1841 2524/3274/1842 1929/3275/1838
f 1929/3275/1838 2523/3276/1840 1469/3273/1841
f 2524/3277/1842 1450/2974/1708 2463/2973/1707
f 2463/3278/1707 1929/3275/1838 2524/3274/1842
f 1420/2978/1627 2466/2977/1710 1930/3279/1843
f 1930/3279/1843 2506/3280/1844 1420/2978/1627
f 2466/2977/1710 1451/2980/1712 2525/3281/1845
f 2525/3282/1845 1930/3283/1843 2466/3284/1710
f 1469/3273/1841 2523/3276/1840 1930/3283/1843
f 1930/3283/1843 2525/3282/1845 1469/3273/1841
f 2523/3272/1840 1461/3271/1839 2506/3280/1844
f 2506/3280/1844 1930/3279/1843 2523/3272/1840
f 1447/2966/1700 2464/2969/1703 1931/3285/1846
f 1931/3285/1846 2527/3264/1834 1447/2966/1700
f 2464/3286/1703 1450/3287/1708 2526/3288/1847
f 2526/3289/1847 1931/3285/1846 2464/2969/1703
f 1665/3290/1848 2902/3291/1849 1931/3292/1846
f 1931/3292/1846 2526/3288/1847 1665/3290/1848
f 2902/3291/1849 1666/3293/1850 2904/3294/1851
f 2904/3294/1851 1931/3292/1846 2902/3291/1849
f 1667/3295/1852 2903/3296/1853 1931/3292/1846
f 1931/3292/1846 2904/3294/1851 1667/3295/1852
f 2903/3296/1853 1444/3297/1691 2459/3298/1699
f 2459/3298/1699 1931/3292/1846 2903/3296/1853
f 1446/2964/1698 2527/3264/1834 1931/3285/1846
f 1931/3285/1846 2459/2965/1699 1446/2964/1698
f 1444/3297/1691 2903/3296/1853 1932/3299/1854
f 1932/3299/1854 2456/3300/1692 1444/3297/1691
f 2903/3296/1853 1667/3295/1852 2906/3301/1855
f 2906/3301/1855 1932/3299/1854 2903/3296/1853
f 1668/3302/1856 2905/3303/1857 1932/3299/1854
f 1932/3299/1854 2906/3301/1855 1668/3302/1856
f 2905/3303/1857 1440/3304/1693 2456/3300/1692
f 2456/3300/1692 1932/3299/1854 2905/3303/1857
f 1440/3304/1693 2905/3303/1857 1933/3305/1858
f 1933/3305/1858 2533/3306/1859 1440/3304/1693
f 2905/3303/1857 1668/3302/1856 2908/3307/1860
f 2908/3307/1860 1933/3305/1858 2905/3303/1857
f 1669/3201/1804 2512/3200/1803 1933/3305/1858
f 1933/3305/1858 2908/3307/1860 1669/3201/1804
f 2512/3200/1803 1441/3199/1713 2533/3306/1859
f 2533/3306/1859 1933/3305/1858 2512/3200/1803
f 1404/2823/1588 3040/3308/1861 1934/3309/1862
f 1934/3309/1862 2495/3120/1768 1404/2823/1588
f 3040/3308/1861 1469/3273/1841 2525/3282/1845
f 2525/3282/1845 1934/3309/1862 3040/3308/1861
f 1451/2983/1712 2465/2982/1711 1934/3309/1862
f 1934/3309/1862 2525/3282/1845 1451/2983/1712
f 2465/2979/1711 1419/2868/1623 2430/2871/1626
f 2430/3310/1626 1934/3309/1862 2465/2982/1711
f 1418/3311/1622 2426/3312/1621 1934/3309/1862
f 1934/3309/1862 2430/3310/1626 1418/3311/1622
f 2426/3312/1621 1417/3313/1620 2495/3120/1768
f 2495/3120/1768 1934/3309/1862 2426/3312/1621
f 1408/3314/1597 2536/3315/1594 1935/3316/1863
f 1935/3316/1863 2492/3317/1760 1408/3314/1597
f 2536/3315/1594 1407/3066/1593 2896/3065/1746
f 2896/3065/1746 1935/3316/1863 2536/3315/1594
f 1663/3064/1745 2899/3318/1864 1935/3316/1863
f 1935/3316/1863 2896/3065/1746 1663/3064/1745
f 2899/3318/1864 1664/3319/1865 2534/3320/1866
f 2534/3320/1866 1935/3316/1863 2899/3318/1864
f 1403/2817/1584 2492/3317/1760 1935/3316/1863
f 1935/3316/1863 2534/3320/1866 1403/2817/1584
f 1414/2853/1613 2422/2852/1612 1936/3321/1867
f 1936/3321/1867 2483/3322/1742 1414/2853/1613
f 2422/2852/1612 1413/2851/1611 2494/3117/1767
f 2494/3323/1767 1936/3324/1867 2422/3325/1612
f 1459/3326/1766 2473/3327/1868 1936/3324/1867
f 1936/3324/1867 2494/3323/1767 1459/3326/1766
f 2473/3327/1868 1338/3328/1328 2847/2500/1327
f 2847/2500/1327 1936/3324/1867 2473/3327/1868
f 1638/2499/1326 2313/3329/1869 1936/3324/1867
f 1936/3324/1867 2847/2500/1327 1638/2499/1326
f 2313/3329/1869 1337/3330/1870 2895/3331/1871
f 2895/3331/1871 1936/3324/1867 2313/3329/1869
f 1662/3060/1743 2483/3063/1742 1936/3324/1867
f 1936/3324/1867 2895/3331/1871 1662/3060/1743
f 1792/3208/1811 2514/3207/1810 1937/3332/1872
f 1937/3332/1872 3147/3333/1873 1792/3208/1811
f 2514/3207/1810 1466/3206/1809 2539/3334/1874
f 2539/3334/1874 1937/3332/1872 2514/3207/1810
f 1458/3067/1747 3144/3070/1750 1937/3332/1872
f 1937/3332/1872 2539/3334/1874 1458/3067/1747
f 3144/3070/1750 1791/3072/1752 3147/3333/1873
f 3147/3333/1873 1937/3332/1872 3144/3070/1750
f 1794/3335/1875 3150/3336/1876 1938/3337/1877
f 1938/3337/1877 3151/3338/1878 1794/3335/1875
f 3150/3336/1876 1474/3339/1879 2541/3340/1880
f 2541/3340/1880 1938/3337/1877 3150/3336/1876
f 1465/3202/1805 3148/3205/1808 1938/3337/1877
f 1938/3337/1877 2541/3340/1880 1465/3202/1805
f 3148/3205/1808 1793/3210/1813 3151/3338/1878
f 3151/3338/1878 1938/3337/1877 3148/3205/1808
f 1796/3341/1881 3154/3342/1882 1939/3343/1883
f 1939/3343/1883 3155/3344/1884 1796/3341/1881
f 3154/3342/1882 1475/3345/1885 2543/3346/1886
f 2543/3346/1886 1939/3343/1883 3154/3342/1882
f 1476/3347/1887 2544/3348/1888 1939/3343/1883
f 1939/3343/1883 2543/3346/1886 1476/3347/1887
f 2544/3348/1888 1795/3349/1889 3155/3344/1884
f 3155/3344/1884 1939/3343/1883 2544/3348/1888
f 1795/3349/1889 2544/3348/1888 1940/3350/1890
f 1940/3350/1890 3153/3351/1891 1795/3349/1889
f 2544/3348/1888 1476/3347/1887 2547/3352/1892
f 2547/3352/1892 1940/3350/1890 2544/3348/1888
f 1474/3339/1879 3150/3336/1876 1940/3350/1890
f 1940/3350/1890 2547/3352/1892 1474/3339/1879
f 3150/3336/1876 1794/3335/1875 3153/3351/1891
f 3153/3351/1891 1940/3350/1890 3150/3336/1876
f 1797/3353/1893 3156/3354/1894 1941/3355/1895
f 1941/3355/1895 3157/3356/1896 1797/3353/1893
f 3156/3354/1894 1477/3357/1897 2549/3358/1898
f 2549/3358/1898 1941/3355/1895 3156/3354/1894
f 1475/3345/1885 3154/3342/1882 1941/3355/1895
f 1941/3355/1895 2549/3358/1898 1475/3345/1885
f 3154/3342/1882 1796/3341/1881 3157/3356/1896
f 3157/3356/1896 1941/3355/1895 3154/3342/1882
f 1798/3359/1899 3158/3360/1900 1942/3361/1901
f 1942/3361/1901 3159/3362/1902 1798/3359/1899
f 3158/3360/1900 1478/3363/1903 2551/3364/1904
f 2551/3364/1904 1942/3361/1901 3158/3360/1900
f 1477/3357/1897 3156/3354/1894 1942/3361/1901
f 1942/3361/1901 2551/3364/1904 1477/3357/1897
f 3156/3354/1894 1797/3353/1893 3159/3362/1902
f 3159/3362/1902 1942/3361/1901 3156/3354/1894
f 1799/3365/1905 2360/3366/1906 1943/3367/1907
f 1943/3367/1907 3161/3368/1908 1799/3365/1905
f 2360/3366/1906 1366/3369/1909 2617/3370/1910
f 2617/3370/1910 1943/3367/1907 2360/3366/1906
f 1478/3363/1903 3158/3360/1900 1943/3367/1907
f 1943/3367/1907 2617/3370/1910 1478/3363/1903
f 3158/3360/1900 1798/3359/1899 3161/3368/1908
f 3161/3368/1908 1943/3367/1907 3158/3360/1900
f 1480/3371/1911 2618/3372/1912 1944/3373/1913
f 1944/3374/1913 2558/3375/1914 1480/3376/1911
f 2618/3377/1912 1479/3378/1915 2619/3379/1916
f 2619/3379/1916 1944/3380/1913 2618/3377/1912
f 1572/3381/1917 2722/3382/1918 1944/3380/1913
f 1944/3380/1913 2619/3379/1916 1572/3381/1917
f 2722/3382/1918 1573/2324/1201 2262/2322/1199
f 2262/2322/1199 1944/3380/1913 2722/3382/1918
f 1288/2315/1194 2553/3383/1919 1944/3380/1913
f 1944/3380/1913 2262/2322/1199 1288/2315/1194
f 2553/3383/1919 1486/3384/1920 2554/3385/1921
f 2554/3386/1921 1944/3387/1913 2553/3388/1919
f 1487/3389/1922 2560/3390/1923 1944/3391/1913
f 1944/3391/1913 2554/3392/1921 1487/3389/1922
f 2560/3393/1923 1481/3394/1924 2558/3395/1914
f 2558/3396/1914 1944/3397/1913 2560/3398/1923
f 1492/3399/1925 2624/3400/1926 1945/3401/1927
f 1945/3401/1927 2689/3402/1928 1492/3399/1925
f 2624/3400/1926 1493/3403/1929 2687/3404/1930
f 2687/3404/1930 1945/3401/1927 2624/3400/1926
f 1557/3405/1931 2690/3406/1932 1945/3401/1927
f 1945/3401/1927 2687/3404/1930 1557/3405/1931
f 2690/3406/1932 1558/3407/1933 2689/3402/1928
f 2689/3402/1928 1945/3401/1927 2690/3406/1932
f 1494/3408/1934 2625/3409/1935 1946/3410/1936
f 1946/3410/1936 2691/3411/1937 1494/3408/1934
f 2625/3409/1935 1492/3412/1925 2689/3413/1928
f 2689/3413/1928 1946/3410/1936 2625/3409/1935
f 1558/3414/1933 2692/3415/1938 1946/3410/1936
f 1946/3410/1936 2689/3413/1928 1558/3414/1933
f 2692/3415/1938 1559/3416/1939 2691/3411/1937
f 2691/3411/1937 1946/3410/1936 2692/3415/1938
f 1487/3417/1922 2628/3418/1940 1947/3419/1941
f 1947/3419/1941 2560/3420/1923 1487/3417/1922
f 2628/3421/1940 1496/3422/1942 2629/3423/1943
f 2629/3424/1943 1947/3419/1941 2628/3418/1940
f 1495/3425/1944 2694/3426/1945 1947/3419/1941
f 1947/3419/1941 2629/3424/1943 1495/3425/1944
f 2694/3426/1945 1561/3427/1946 2559/3428/1947
f 2559/3428/1947 1947/3419/1941 2694/3426/1945
f 1481/3429/1924 2560/3420/1923 1947/3419/1941
f 1947/3419/1941 2559/3428/1947 1481/3429/1924
f 1493/3403/1929 2632/3430/1948 1948/3431/1949
f 1948/3431/1949 2687/3404/1930 1493/3403/1929
f 2632/3432/1948 1485/3433/1950 2633/3434/1951
f 2633/3435/1951 1948/3431/1949 2632/3430/1948
f 1725/3436/1952 3005/3437/1953 1948/3431/1949
f 1948/3431/1949 2633/3435/1951 1725/3436/1952
f 3005/3437/1953 1556/3438/1954 2688/3439/1955
f 2688/3439/1955 1948/3431/1949 3005/3437/1953
f 1557/3405/1931 2687/3404/1930 1948/3431/1949
f 1948/3431/1949 2688/3439/1955 1557/3405/1931
f 1773/3440/1956 2367/3441/1957 1949/3442/1958
f 1949/3442/1958 3110/3443/1959 1773/3440/1956
f 2367/3441/1957 1290/3444/1960 2563/3445/1961
f 2563/3445/1961 1949/3442/1958 2367/3441/1957
f 1682/3446/1962 2935/3447/1963 1949/3442/1958
f 1949/3442/1958 2563/3445/1961 1682/3446/1962
f 2935/3447/1963 1772/3448/1964 3110/3443/1959
f 3110/3443/1959 1949/3442/1958 2935/3447/1963
f 1684/3449/1965 2936/3450/1966 1950/3451/1967
f 1950/3451/1967 2937/3452/1968 1684/3449/1965
f 2936/3450/1966 1376/2699/1496 2371/2696/1493
f 2371/2696/1493 1950/3451/1967 2936/3450/1966
f 1375/2695/1492 2934/3453/1969 1950/3451/1967
f 1950/3451/1967 2371/2696/1493 1375/2695/1492
f 2934/3453/1969 1683/3454/1970 2937/3452/1968
f 2937/3452/1968 1950/3451/1967 2934/3453/1969
f 1507/3455/1971 2640/3456/1972 1951/3457/1973
f 1951/3457/1973 2573/3458/1974 1507/3455/1971
f 2640/3459/1972 1510/3460/1975 2641/3461/1976
f 2641/3462/1976 1951/3463/1973 2640/3464/1972
f 1509/3465/1977 2572/3466/1978 1951/3457/1973
f 1951/3457/1973 2641/3467/1976 1509/3465/1977
f 2572/3466/1978 1497/3468/1979 2573/3458/1974
f 2573/3458/1974 1951/3457/1973 2572/3466/1978
f 1506/3469/1980 2642/3470/1981 1952/3471/1982
f 1952/3471/1982 2568/3472/1983 1506/3469/1980
f 2642/3473/1981 1722/3474/1984 3000/3475/1985
f 3000/3476/1985 1952/3471/1982 2642/3470/1981
f 1502/3477/1986 2576/3478/1987 1952/3471/1982
f 1952/3479/1982 3000/3475/1985 1502/3480/1986
f 2576/3478/1987 1511/3481/1988 2574/3482/1989
f 2574/3482/1989 1952/3471/1982 2576/3478/1987
f 1505/3483/1990 2568/3472/1983 1952/3471/1982
f 1952/3471/1982 2574/3482/1989 1505/3483/1990
f 1767/3484/1991 3097/3485/1992 1953/3486/1993
f 1953/3486/1993 3098/3487/1994 1767/3484/1991
f 3097/3485/1992 1699/3488/1995 2961/3489/1996
f 2961/3489/1996 1953/3486/1993 3097/3485/1992
f 1766/3490/1997 3098/3487/1994 1953/3486/1993
f 1953/3486/1993 2961/3489/1996 1766/3490/1997
f 1523/3491/1998 2646/3492/1999 1954/3493/2000
f 1954/3493/2000 2579/3494/2001 1523/3491/1998
f 2646/3495/1999 1516/3496/2002 3096/3497/2003
f 3096/3498/2003 1954/3493/2000 2646/3492/1999
f 1766/3490/1997 2961/3489/1996 1954/3499/2000
f 1954/3499/2000 3096/3500/2003 1766/3490/1997
f 2961/3489/1996 1699/3488/1995 2964/3501/2004
f 2964/3501/2004 1954/3499/2000 2961/3489/1996
f 1700/3502/2005 2963/3503/2006 1954/3504/2000
f 1954/3504/2000 2964/3505/2004 1700/3502/2005
f 2963/3506/2006 1522/3507/2007 2579/3508/2001
f 2579/3509/2001 1954/3504/2000 2963/3503/2006
f 1525/3510/2008 2585/3511/2009 1955/3512/2010
f 1955/3512/2010 2582/3513/2011 1525/3510/2008
f 2585/3511/2009 1524/3514/2012 2647/3515/2013
f 2647/3515/2013 1955/3512/2010 2585/3511/2009
f 1521/3516/2014 2581/3517/2015 1955/3512/2010
f 1955/3512/2010 2647/3515/2013 1521/3516/2014
f 2581/3517/2015 1512/3518/2016 2582/3513/2011
f 2582/3513/2011 1955/3512/2010 2581/3517/2015
f 1526/3519/2017 2970/3520/2018 1956/3521/2019
f 1956/3521/2019 2587/3522/2020 1526/3519/2017
f 2970/3520/2018 1704/3523/2021 2651/3524/2022
f 2651/3524/2022 1956/3521/2019 2970/3520/2018
f 1517/3525/2023 2652/3526/2024 1956/3527/2019
f 1956/3521/2019 2651/3524/2022 1517/3528/2023
f 2652/3526/2024 1718/3529/2025 2993/3530/2026
f 2993/3531/2026 1956/3521/2019 2652/3532/2024
f 1518/3533/2027 2586/3534/2028 1956/3521/2019
f 1956/3521/2019 2993/3531/2026 1518/3533/2027
f 2586/3534/2028 1519/3535/2029 2587/3522/2020
f 2587/3522/2020 1956/3521/2019 2586/3534/2028
f 1524/3536/2012 2584/3537/2030 1957/3538/2031
f 1957/3538/2031 2647/3539/2013 1524/3536/2012
f 2584/3537/2030 1526/3519/2017 2587/3522/2020
f 2587/3522/2020 1957/3538/2031 2584/3537/2030
f 1519/3535/2029 2588/3540/2032 1957/3538/2031
f 1957/3538/2031 2587/3522/2020 1519/3535/2029
f 2588/3541/2032 1520/3542/2033 2597/3543/2034
f 2597/3544/2034 1957/3545/2031 2588/3546/2032
f 1521/3547/2014 2647/3539/2013 1957/3538/2031
f 1957/3538/2031 2597/3548/2034 1521/3547/2014
f 1709/3549/2035 2979/3550/2036 1958/3551/2037
f 1958/3551/2037 2978/3552/2038 1709/3549/2035
f 2979/3550/2036 1297/2402/1256 2288/2399/1263
f 2288/2399/1263 1958/3551/2037 2979/3550/2036
f 1300/2298/1179 2251/2295/1176 1958/3551/2037
f 1958/3551/2037 2288/2399/1263 1300/2298/1179
f 2251/2295/1176 1298/2294/1175 2589/3553/2039
f 2589/3553/2039 1958/3551/2037 2251/2295/1176
f 1708/3554/2040 2978/3552/2038 1958/3551/2037
f 1958/3551/2037 2589/3553/2039 1708/3554/2040
f 1531/3555/2041 2656/3556/2042 1959/3557/2043
f 1959/3557/2043 2595/3558/2044 1531/3555/2041
f 2656/3556/2042 1536/3559/2045 2593/3560/2046
f 2593/3560/2046 1959/3557/2043 2656/3556/2042
f 1537/3561/2047 2594/3562/2048 1959/3557/2043
f 1959/3557/2043 2593/3560/2046 1537/3561/2047
f 2594/3563/2048 1297/2402/1256 2592/3564/2049
f 2592/3565/2049 1959/3566/2043 2594/3567/2048
f 1532/3568/2050 2595/3569/2044 1959/3570/2043
f 1959/3571/2043 2592/3564/2049 1532/3572/2050
f 1544/3573/2051 2666/3574/2052 1960/3575/2053
f 1960/3575/2053 2600/3576/2054 1544/3573/2051
f 2666/3574/2052 1531/3555/2041 2595/3558/2044
f 2595/3558/2044 1960/3575/2053 2666/3574/2052
f 1532/3577/2050 2591/3578/2055 1960/3579/2053
f 1960/3580/2053 2595/3569/2044 1532/3568/2050
f 2591/3581/2055 1533/3582/2056 2600/3583/2054
f 2600/3584/2054 1960/3585/2053 2591/3586/2055
f 1533/3587/2056 2601/3588/2057 1961/3589/2058
f 1961/3590/2058 2685/3591/2059 1533/3592/2056
f 2601/3593/2057 1527/3594/2060 2602/3595/2061
f 2602/3595/2061 1961/3590/2058 2601/3593/2057
f 1555/3596/2062 2685/3591/2059 1961/3590/2058
f 1961/3590/2058 2602/3595/2061 1555/3596/2062
f 1540/3597/2063 2667/3598/2064 1962/3599/2065
f 1962/3599/2065 2604/3600/2066 1540/3597/2063
f 2667/3598/2064 1552/3601/2067 2681/3602/2068
f 2681/3602/2068 1962/3599/2065 2667/3598/2064
f 1553/3603/2069 2680/3604/2070 1962/3599/2065
f 1962/3599/2065 2681/3602/2068 1553/3603/2069
f 2680/3604/2070 1529/3605/2071 2604/3600/2066
f 2604/3600/2066 1962/3599/2065 2680/3604/2070
f 1538/3606/2072 2675/3607/2073 1963/3608/2074
f 1963/3609/2074 2596/3610/2075 1538/3611/2072
f 2675/3612/2073 1550/3613/2076 2677/3614/2077
f 2677/3614/2077 1963/3609/2074 2675/3612/2073
f 1551/3615/2078 2605/3616/2079 1963/3609/2074
f 1963/3609/2074 2677/3614/2077 1551/3615/2078
f 2605/3616/2079 1539/3617/2080 2596/3610/2075
f 2596/3610/2075 1963/3609/2074 2605/3616/2079
f 1427/3002/1725 2439/3618/2081 1964/3619/2082
f 1964/3619/2082 2468/3003/1716 1427/3002/1725
f 2439/3620/2081 1426/3621/2083 2454/3622/2084
f 2454/3623/2084 1964/3619/2082 2439/3618/2081
f 1442/2953/1685 2455/2952/1688 1964/3624/2082
f 1964/3619/2082 2454/3623/2084 1442/2948/1685
f 2455/3625/1688 1440/3626/1693 2533/3627/1859
f 2533/3628/1859 1964/3624/2082 2455/2952/1688
f 1441/2984/1713 2468/3629/1716 1964/3630/2082
f 1964/3630/2082 2533/3627/1859 1441/2984/1713
f 1815/3631/2085 3192/3632/2086 1965/3633/2087
f 1965/3633/2087 3193/3634/2088 1815/3631/2085
f 3192/3632/2086 1778/3635/2089 3122/3636/2090
f 3122/3636/2090 1965/3633/2087 3192/3632/2086
f 1779/3186/1798 3121/3184/1796 1965/3633/2087
f 1965/3633/2087 3122/3636/2090 1779/3186/1798
f 3121/3184/1796 1453/3154/1784 3193/3634/2088
f 3193/3634/2088 1965/3633/2087 3121/3184/1796
f 1302/2302/1183 2614/3021/1730 1966/3637/2091
f 1966/3637/2091 2254/2297/1178 1302/2302/1183
f 2614/3021/1730 1747/3034/1733 3060/3638/2092
f 3060/3638/2092 1966/3637/2091 2614/3021/1730
f 1748/3639/2093 3059/3640/2094 1966/3637/2091
f 1966/3637/2091 3060/3638/2092 1748/3639/2093
f 3059/3640/2094 1298/2294/1175 2254/2297/1178
f 2254/2297/1178 1966/3637/2091 3059/3640/2094
f 1460/3641/2095 2484/3642/2096 1967/3643/2097
f 1967/3643/2097 3039/3644/2098 1460/3641/2095
f 2484/3642/2096 1457/3645/2099 2538/3646/2100
f 2538/3646/2100 1967/3643/2097 2484/3642/2096
f 1348/2544/1358 2325/3647/2101 1967/3643/2097
f 1967/3643/2097 2538/3646/2100 1348/2544/1358
f 2325/3647/2101 1347/2617/1419 3024/3648/2102
f 3024/3648/2102 1967/3643/2097 2325/3647/2101
f 1738/3649/2103 3039/3644/2098 1967/3643/2097
f 1967/3643/2097 3024/3648/2102 1738/3649/2103
f 1484/3650/2104 2730/3651/2105 1968/3652/2106
f 1968/3653/2106 2621/3654/2107 1484/3655/2104
f 2730/3656/2105 1578/3657/2108 2731/3658/2109
f 2731/3658/2109 1968/3659/2106 2730/3656/2105
f 1289/3660/1190 2620/3661/2110 1968/3662/2106
f 1968/3659/2106 2731/3658/2109 1289/3663/1190
f 2620/3661/2110 1483/3664/2111 2621/3665/2107
f 2621/3665/2107 1968/3662/2106 2620/3661/2110
f 1560/3666/2112 2695/3667/2113 1969/3668/2114
f 1969/3669/2114 2693/3670/2115 1560/3670/2112
f 2695/3667/2113 1562/3671/2116 2696/3672/2117
f 2696/3672/2117 1969/3668/2114 2695/3667/2113
f 1561/3427/1946 2694/3426/1945 1969/3668/2114
f 1969/3668/2114 2696/3672/2117 1561/3427/1946
f 2694/3426/1945 1495/3425/1944 2627/3673/2118
f 2627/3673/2118 1969/3668/2114 2694/3426/1945
f 1494/3408/1934 2691/3411/1937 1969/3668/2114
f 1969/3668/2114 2627/3673/2118 1494/3408/1934
f 2691/3411/1937 1559/3416/1939 2693/3666/2115
f 2693/3666/2115 1969/3668/2114 2691/3411/1937
f 1486/3674/1920 2552/3675/2119 1970/3676/2120
f 1970/3677/2120 2554/3678/1921 1486/3679/1920
f 2552/3675/2119 1578/3657/2108 2730/3656/2105
f 2730/3656/2105 1970/3676/2120 2552/3675/2119
f 1484/3680/2104 2630/3681/2121 1970/3682/2120
f 1970/3683/2120 2730/3651/2105 1484/3650/2104
f 2630/3684/2121 1496/3422/1942 2628/3421/1940
f 2628/3421/1940 1970/3685/2120 2630/3684/2121
f 1487/3389/1922 2554/3392/1921 1970/3686/2120
f 1970/3687/2120 2628/3688/1940 1487/3689/1922
f 1493/3690/1929 2624/3691/1926 1971/3692/2122
f 1971/3693/2122 2632/3432/1948 1493/3694/1929
f 2624/3695/1926 1492/3696/1925 2625/3697/1935
f 2625/3698/1935 1971/3692/2122 2624/3691/1926
f 1494/3699/1934 2951/3700/2123 1971/3692/2122
f 1971/3692/2122 2625/3698/1935 1494/3699/1934
f 2951/3700/2123 1693/3701/2124 2950/3702/2125
f 2950/3702/2125 1971/3692/2122 2951/3700/2123
f 1485/3433/1950 2632/3432/1948 1971/3693/2122
f 1971/3692/2122 2950/3702/2125 1485/3703/1950
f 1489/3704/2126 2561/3705/2127 1972/3706/2128
f 1972/3706/2128 2555/3707/2129 1489/3704/2126
f 2561/3705/2127 1488/3708/2130 2567/3709/2131
f 2567/3709/2131 1972/3706/2128 2561/3705/2127
f 1568/3710/2132 2716/3711/2133 1972/3706/2128
f 1972/3706/2128 2567/3709/2131 1568/3710/2132
f 2716/3711/2133 1569/3712/2134 2569/3713/2135
f 2569/3713/2135 1972/3706/2128 2716/3711/2133
f 1490/3714/2136 2555/3707/2129 1972/3706/2128
f 1972/3706/2128 2569/3713/2135 1490/3714/2136
f 1570/3715/2137 2718/3716/2138 1973/3717/2139
f 1973/3717/2139 2717/3718/2140 1570/3715/2137
f 2720/3719/2141 1973/3717/2139 2718/3716/2138
f 1572/3381/1917 2619/3379/1916 1973/3717/2139
f 1973/3717/2139 2720/3719/2141 1572/3381/1917
f 2619/3379/1916 1479/3378/1915 2626/3720/2142
f 2626/3720/2142 1973/3717/2139 2619/3379/1916
f 1482/3721/2143 2556/3722/2144 1973/3717/2139
f 1973/3717/2139 2626/3720/2142 1482/3721/2143
f 2556/3723/2144 1491/3724/2145 2622/3725/2146
f 2622/3725/2146 1973/3726/2139 2556/3723/2144
f 1490/3714/2136 2569/3713/2135 1973/3717/2139
f 1973/3727/2139 2622/3728/2146 1490/3729/2136
f 2569/3713/2135 1569/3712/2134 2717/3718/2140
f 2717/3718/2140 1973/3717/2139 2569/3713/2135
f 1776/3730/2147 3115/3731/2148 1974/3732/2149
f 1974/3732/2149 3116/3733/2150 1776/3730/2147
f 3115/3731/2148 1497/3468/1979 2572/3466/1978
f 2572/3466/1978 1974/3732/2149 3115/3731/2148
f 1509/3465/1977 2639/3734/2151 1974/3732/2149
f 1974/3732/2149 2572/3466/1978 1509/3465/1977
f 2639/3734/2151 1692/3735/2152 3116/3733/2150
f 3116/3733/2150 1974/3732/2149 2639/3734/2151
f 1508/3736/2153 2638/3737/2154 1975/3738/2155
f 1975/3739/2155 2570/3740/2156 1508/3741/2153
f 2638/3737/2154 1505/3483/1990 2574/3482/1989
f 2574/3482/1989 1975/3738/2155 2638/3737/2154
f 1511/3742/1988 2575/3743/2157 1975/3744/2155
f 1975/3738/2155 2574/3482/1989 1511/3481/1988
f 2575/3745/2157 1510/3746/1975 2640/3747/1972
f 2640/3747/1972 1975/3748/2155 2575/3745/2157
f 1507/3749/1971 2570/3750/2156 1975/3748/2155
f 1975/3748/2155 2640/3747/1972 1507/3749/1971
f 1785/3751/2158 3132/3752/2159 1976/3753/2160
f 1976/3753/2160 3133/3754/2161 1785/3751/2158
f 3132/3752/2159 1513/3755/2162 2583/3756/2163
f 2583/3756/2163 1976/3753/2160 3132/3752/2159
f 1514/3757/2164 2645/3758/2165 1976/3753/2160
f 1976/3753/2160 2583/3756/2163 1514/3757/2164
f 2645/3758/2165 1515/3759/2166 2580/3760/2167
f 2580/3760/2167 1976/3753/2160 2645/3758/2165
f 1516/3761/2002 2648/3762/2168 1976/3753/2160
f 1976/3753/2160 2580/3760/2167 1516/3761/2002
f 2648/3762/2168 1784/3763/2169 3133/3754/2161
f 3133/3754/2161 1976/3753/2160 2648/3762/2168
f 1704/3764/2021 2970/3765/2018 1977/3766/2170
f 1977/3767/2170 2971/3768/2171 1704/3769/2021
f 2970/3520/2018 1526/3519/2017 2584/3537/2030
f 2584/3770/2030 1977/3766/2170 2970/3765/2018
f 1524/3771/2012 2585/3772/2009 1977/3766/2170
f 1977/3766/2170 2584/3770/2030 1524/3771/2012
f 2585/3773/2009 1525/3774/2008 2954/3775/2172
f 2954/3775/2172 1977/3767/2170 2585/3773/2009
f 1703/3776/2173 2971/3768/2171 1977/3767/2170
f 1977/3767/2170 2954/3775/2172 1703/3776/2173
f 1485/3777/1950 2950/3778/2125 1978/3779/2174
f 1978/3779/2174 3017/3780/2175 1485/3777/1950
f 2950/3702/2125 1693/3701/2124 2631/3781/2176
f 2631/3782/2176 1978/3779/2174 2950/3778/2125
f 1483/3664/2111 2620/3661/2110 1978/3783/2174
f 1978/3779/2174 2631/3782/2176 1483/3784/2111
f 2620/3785/2110 1289/2313/1190 2725/2312/1193
f 2725/2312/1193 1978/3779/2174 2620/3785/2110
f 1575/2321/1198 2727/3786/2177 1978/3779/2174
f 1978/3779/2174 2725/2312/1193 1575/2321/1198
f 2727/3787/2177 1576/3788/2178 2728/3789/2179
f 2728/3790/2180 1978/3779/2174 2727/3786/2177
f 1730/3791/2180 3017/3780/2175 1978/3779/2174
f 1978/3779/2174 2728/3790/2180 1730/3791/2180
f 1520/3792/2033 2588/3793/2032 1979/3794/2181
f 1979/3794/2181 2598/3795/2182 1520/3792/2033
f 2588/3540/2032 1519/3535/2029 2586/3534/2028
f 2586/3796/2028 1979/3797/2181 2588/3798/2032
f 1518/3799/2027 2955/3800/2183 1979/3801/2181
f 1979/3797/2181 2586/3796/2028 1518/3802/2027
f 2955/3800/2183 1695/3803/2184 2957/3804/2185
f 2957/3804/2185 1979/3801/2181 2955/3800/2183
f 1696/3805/2186 2598/3806/2182 1979/3801/2181
f 1979/3801/2181 2957/3804/2185 1696/3805/2186
f 1786/3807/2187 3134/3808/2188 1980/3809/2189
f 1980/3809/2189 3135/3810/2190 1786/3807/2187
f 3134/3808/2188 1698/3811/2191 2644/3812/2192
f 2644/3812/2192 1980/3809/2189 3134/3808/2188
f 1513/3813/2162 3132/3814/2159 1980/3809/2189
f 1980/3809/2189 2644/3812/2192 1513/3813/2162
f 3132/3814/2159 1785/3815/2158 3135/3810/2190
f 3135/3810/2190 1980/3809/2189 3132/3814/2159
f 1541/3816/2193 2660/3817/2194 1981/3818/2195
f 1981/3819/2195 2662/3820/2196 1541/3821/2193
f 2660/3817/2194 1539/3617/2080 2605/3616/2079
f 2605/3616/2079 1981/3818/2195 2660/3817/2194
f 1551/3615/2078 2679/3822/2197 1981/3818/2195
f 1981/3818/2195 2605/3616/2079 1551/3615/2078
f 2679/3822/2197 1552/3823/2067 2667/3824/2064
f 2667/3824/2064 1981/3818/2195 2679/3822/2197
f 1540/3825/2063 2662/3826/2196 1981/3827/2195
f 1981/3827/2195 2667/3828/2064 1540/3825/2063
f 1371/2692/1489 2366/3829/2198 1982/3830/2199
f 1982/3830/2199 2669/2693/1490 1371/2692/1489
f 2366/3829/2198 1290/3444/1960 2367/3441/1957
f 2367/3441/1957 1982/3830/2199 2366/3829/2198
f 1773/3440/1956 3112/3831/2200 1982/3830/2199
f 1982/3830/2199 2367/3441/1957 1773/3440/1956
f 3112/3831/2200 1774/2694/1491 2669/2693/1490
f 2669/2693/1490 1982/3830/2199 3112/3831/2200
f 1547/2709/1506 2368/3832/2201 1983/3833/2202
f 1983/3833/2202 2671/2710/1507 1547/2709/1506
f 2368/3832/2201 1372/2701/1498 2375/2704/1501
f 2375/2704/1501 1983/3833/2202 2368/3832/2201
f 1328/2457/1298 2670/3834/2203 1983/3833/2202
f 1983/3833/2202 2375/2704/1501 1328/2457/1298
f 2670/3834/2203 1548/2663/1463 2671/2710/1507
f 2671/2710/1507 1983/3833/2202 2670/3834/2203
f 1548/2663/1463 2670/3834/2203 1984/3835/2204
f 1984/3835/2204 2673/2658/1458 1548/2663/1463
f 2670/3834/2203 1328/2457/1298 2302/2456/1297
f 2302/2456/1297 1984/3835/2204 2670/3834/2203
f 1327/2455/1296 2355/3836/2205 1984/3835/2204
f 1984/3835/2204 2302/2456/1297 1327/2455/1296
f 2355/3836/2205 1549/2655/1455 2673/2658/1458
f 2673/2658/1458 1984/3835/2204 2355/3836/2205
f 1549/2655/1455 2355/3836/2205 1985/3837/2206
f 1985/3837/2206 2674/2715/1512 1549/2655/1455
f 2355/3836/2205 1327/2455/1296 2377/3838/2207
f 2377/3838/2207 1985/3837/2206 2355/3836/2205
f 1768/3839/2208 3102/3840/2209 1985/3837/2206
f 1985/3837/2206 2377/3838/2207 1768/3839/2208
f 3102/3840/2209 1769/2716/1513 2674/2715/1512
f 2674/2715/1512 1985/3837/2206 3102/3840/2209
f 1550/3613/2076 2998/3841/2210 1986/3842/2211
f 1986/3842/2211 2677/3614/2077 1550/3613/2076
f 2998/3843/2210 1721/3844/2212 3012/3845/2213
f 3012/3846/2213 1986/3842/2211 2998/3841/2210
f 1728/3847/2214 2658/3848/2215 1986/3842/2211
f 1986/3842/2211 3012/3846/2213 1728/3847/2214
f 2658/3849/2215 1534/3850/2216 2663/3851/2217
f 2663/3852/2217 1986/3842/2211 2658/3848/2215
f 1542/3853/2218 2676/3854/2219 1986/3842/2211
f 1986/3842/2211 2663/3852/2217 1542/3853/2218
f 2676/3854/2219 1551/3615/2078 2677/3614/2077
f 2677/3614/2077 1986/3842/2211 2676/3854/2219
f 1551/3615/2078 2676/3854/2219 1987/3855/2220
f 1987/3855/2220 2679/3822/2197 1551/3615/2078
f 2676/3854/2219 1542/3853/2218 2606/3856/2221
f 2606/3856/2221 1987/3855/2220 2676/3854/2219
f 1543/3857/2222 2678/3858/2223 1987/3855/2220
f 1987/3855/2220 2606/3856/2221 1543/3857/2222
f 2678/3858/2223 1552/3823/2067 2679/3822/2197
f 2679/3822/2197 1987/3855/2220 2678/3858/2223
f 1552/3601/2067 2678/3859/2223 1988/3860/2224
f 1988/3860/2224 2681/3602/2068 1552/3601/2067
f 2678/3859/2223 1543/3861/2222 2664/3862/2225
f 2664/3862/2225 1988/3860/2224 2678/3859/2223
f 1546/3863/2226 2603/3864/2227 1988/3860/2224
f 1988/3860/2224 2664/3862/2225 1546/3863/2226
f 2603/3864/2227 1553/3603/2069 2681/3602/2068
f 2681/3602/2068 1988/3860/2224 2603/3864/2227
f 1555/3596/2062 2602/3595/2061 1989/3865/2228
f 1989/3865/2228 2684/3866/2229 1555/3596/2062
f 2602/3595/2061 1527/3594/2060 2653/3867/2230
f 2653/3867/2230 1989/3865/2228 2602/3595/2061
f 1530/3868/2231 2590/3869/2232 1989/3865/2228
f 1989/3865/2228 2653/3867/2230 1530/3868/2231
f 2590/3869/2232 1528/3870/2233 2661/3871/2234
f 2661/3871/2234 1989/3865/2228 2590/3869/2232
f 1529/3605/2071 2680/3604/2070 1989/3865/2228
f 1989/3865/2228 2661/3871/2234 1529/3605/2071
f 2680/3604/2070 1553/3603/2069 2682/3872/2235
f 2682/3872/2235 1989/3865/2228 2680/3604/2070
f 1554/3873/2236 2684/3866/2229 1989/3865/2228
f 1989/3865/2228 2682/3872/2235 1554/3873/2236
f 1554/3873/2236 2682/3872/2235 1990/3874/2237
f 1990/3874/2237 2684/3866/2229 1554/3873/2236
f 2682/3872/2235 1553/3603/2069 2603/3864/2227
f 2603/3864/2227 1990/3874/2237 2682/3872/2235
f 1546/3863/2226 2665/3875/2238 1990/3874/2237
f 1990/3874/2237 2603/3864/2227 1546/3863/2226
f 2665/3875/2238 1545/3876/2239 2683/3877/2240
f 2683/3877/2240 1990/3874/2237 2665/3875/2238
f 1555/3596/2062 2684/3866/2229 1990/3874/2237
f 1990/3874/2237 2683/3877/2240 1555/3596/2062
f 1555/3596/2062 2683/3877/2240 1991/3878/2241
f 1991/3878/2241 2685/3591/2059 1555/3596/2062
f 2683/3877/2240 1545/3876/2239 2599/3879/2242
f 2599/3880/2242 1991/3881/2241 2683/3882/2240
f 1544/3573/2051 2600/3576/2054 1991/3881/2241
f 1991/3881/2241 2599/3880/2242 1544/3573/2051
f 2600/3883/2054 1533/3592/2056 2685/3591/2059
f 2685/3591/2059 1991/3878/2241 2600/3883/2054
f 1556/3438/1954 2686/3884/2243 1992/3885/2244
f 1992/3885/2244 2688/3439/1955 1556/3438/1954
f 2686/3884/2243 1488/3886/2130 2561/3887/2127
f 2561/3887/2127 1992/3885/2244 2686/3884/2243
f 1489/3888/2126 2562/3889/2245 1992/3885/2244
f 1992/3885/2244 2561/3887/2127 1489/3888/2126
f 2562/3889/2245 1557/3405/1931 2688/3439/1955
f 2688/3439/1955 1992/3885/2244 2562/3889/2245
f 1557/3405/1931 2562/3889/2245 1993/3890/2246
f 1993/3890/2246 2690/3406/1932 1557/3405/1931
f 2562/3889/2245 1489/3888/2126 2555/3891/2129
f 2555/3891/2129 1993/3890/2246 2562/3889/2245
f 1490/3892/2136 2622/3893/2146 1993/3894/2246
f 1993/3890/2246 2555/3891/2129 1490/3895/2136
f 2622/3725/2146 1491/3724/2145 2623/3896/2247
f 2623/3897/2247 1993/3890/2246 2622/3898/2146
f 1558/3407/1933 2690/3406/1932 1993/3890/2246
f 1993/3890/2246 2623/3897/2247 1558/3407/1933
f 1558/3414/1933 2623/3896/2247 1994/3899/2248
f 1994/3899/2248 2692/3415/1938 1558/3414/1933
f 2623/3896/2247 1491/3724/2145 2556/3723/2144
f 2556/3723/2144 1994/3899/2248 2623/3896/2247
f 1482/3900/2143 2557/3901/2249 1994/3899/2248
f 1994/3899/2248 2556/3723/2144 1482/3900/2143
f 2557/3901/2249 1559/3416/1939 2692/3415/1938
f 2692/3415/1938 1994/3899/2248 2557/3901/2249
f 1560/3666/2112 2693/3666/2115 1995/3902/2250
f 1995/3902/2250 2695/3667/2113 1560/3666/2112
f 2693/3666/2115 1559/3416/1939 2557/3901/2249
f 2557/3901/2249 1995/3902/2250 2693/3666/2115
f 1482/3900/2143 2626/3903/2142 1995/3902/2250
f 1995/3902/2250 2557/3901/2249 1482/3900/2143
f 2626/3903/2142 1479/3904/1915 2697/3905/2251
f 2697/3905/2251 1995/3902/2250 2626/3903/2142
f 1562/3671/2116 2695/3667/2113 1995/3902/2250
f 1995/3902/2250 2697/3905/2251 1562/3671/2116
f 1479/3904/1915 2618/3906/1912 1996/3907/2252
f 1996/3907/2252 2697/3905/2251 1479/3904/1915
f 2618/3908/1912 1480/3376/1911 2558/3375/1914
f 2558/3909/1914 1996/3907/2252 2618/3906/1912
f 1481/3429/1924 2559/3428/1947 1996/3907/2252
f 1996/3907/2252 2558/3909/1914 1481/3429/1924
f 2559/3428/1947 1561/3427/1946 2696/3672/2117
f 2696/3672/2117 1996/3907/2252 2559/3428/1947
f 1562/3671/2116 2697/3905/2251 1996/3907/2252
f 1996/3907/2252 2696/3672/2117 1562/3671/2116
f 1338/2504/1328 2473/3910/1868 1997/3911/2253
f 1997/3912/2253 2705/3913/2254 1338/3914/1328
f 2473/3327/1868 1459/3326/1766 2474/3915/1764
f 2474/3915/1764 1997/3916/2253 2473/3327/1868
f 1383/3917/1533 2390/3918/1531 1997/3912/2253
f 1997/3912/2253 2474/3919/1764 1383/3917/1533
f 2390/3918/1531 1324/2445/1288 2705/3913/2254
f 2705/3913/2254 1997/3912/2253 2390/3918/1531
f 1563/2434/1278 2295/2433/1277 1998/3920/2255
f 1998/3920/2255 2701/2437/1281 1563/2434/1278
f 2295/2433/1277 1322/2432/1276 2296/3921/2256
f 2296/3921/2256 1998/3920/2255 2295/2433/1277
f 1564/2438/1282 2701/2437/1281 1998/3920/2255
f 1998/3920/2255 2296/3921/2256 1564/2438/1282
f 1564/2438/1282 2296/3921/2256 1999/3922/2257
f 1999/3922/2257 2703/3923/2258 1564/2438/1282
f 2296/3921/2256 1322/2432/1276 2294/2431/1275
f 2294/2431/1275 1999/3922/2257 2296/3921/2256
f 1321/2427/1272 2698/3924/2259 1999/3922/2257
f 1999/3922/2257 2294/2431/1275 1321/2427/1272
f 2698/3924/2259 1341/3925/1339 2319/3926/1337
f 2319/3926/1337 1999/3922/2257 2698/3924/2259
f 1339/2510/1329 2702/2509/1332 1999/3922/2257
f 1999/3922/2257 2319/3926/1337 1339/2510/1329
f 2702/2509/1332 1565/2516/1336 2703/3923/2258
f 2703/3923/2258 1999/3922/2257 2702/2509/1332
f 1323/2440/1284 2700/2439/1283 2000/3927/2260
f 2000/3927/2260 2704/3928/2261 1323/2440/1284
f 2700/2439/1283 1564/2438/1282 2703/3923/2258
f 2703/3923/2258 2000/3927/2260 2700/2439/1283
f 1565/2516/1336 2318/2514/1335 2000/3927/2260
f 2000/3927/2260 2703/3923/2258 1565/2516/1336
f 2318/2514/1335 1335/3929/1320 2704/3928/2261
f 2704/3928/2261 2000/3927/2260 2318/2514/1335
f 1324/2445/1288 2298/2444/1287 2001/3930/2262
f 2001/3930/2262 2705/3913/2254 1324/2445/1288
f 2298/2444/1287 1323/2440/1284 2704/3928/2261
f 2704/3928/2261 2001/3930/2262 2298/2444/1287
f 1335/3929/1320 2314/3931/1323 2001/3930/2262
f 2001/3930/2262 2704/3928/2261 1335/3929/1320
f 2314/3931/1323 1338/3914/1328 2705/3913/2254
f 2705/3913/2254 2001/3930/2262 2314/3931/1323
f 1343/3016/1345 2608/3932/1343 2002/3933/2263
f 2002/3933/2263 2706/3006/1727 1343/3016/1345
f 2608/3932/1343 1341/3925/1339 2698/3924/2259
f 2698/3924/2259 2002/3933/2263 2608/3932/1343
f 1321/2427/1272 2292/2425/1271 2002/3933/2263
f 2002/3933/2263 2698/3924/2259 1321/2427/1272
f 2292/2425/1271 1320/2424/1270 2706/3006/1727
f 2706/3006/1727 2002/3933/2263 2292/2425/1271
f 1374/3183/1485 3113/3934/1482 2003/3935/2264
f 2003/3935/2264 2707/3176/1792 1374/3183/1485
f 3113/2682/1482 1775/2681/1481 2369/3936/2265
f 2369/3937/2265 2003/3935/2264 3113/3934/1482
f 1373/3938/1504 2709/3939/2266 2003/3935/2264
f 2003/3935/2264 2369/3937/2265 1373/3938/1504
f 2709/3939/2266 1566/2734/1527 2388/2733/1526
f 2388/2733/1526 2003/3935/2264 2709/3939/2266
f 1368/3940/1475 2364/3941/1478 2003/3935/2264
f 2003/3935/2264 2388/2733/1526 1368/3940/1475
f 2364/3941/1478 1369/3173/1480 2707/3176/1792
f 2707/3176/1792 2003/3935/2264 2364/3941/1478
f 1373/3938/1504 2376/3942/1502 2004/3943/2267
f 2004/3943/2267 2709/3939/2266 1373/3938/1504
f 2376/3942/1502 1363/3944/1461 2710/3945/2268
f 2710/3945/2268 2004/3943/2267 2376/3942/1502
f 1331/3946/1309 2708/2735/1528 2004/3943/2267
f 2004/3943/2267 2710/3945/2268 1331/3946/1309
f 2708/2735/1528 1566/2734/1527 2709/3939/2266
f 2709/3939/2266 2004/3943/2267 2708/2735/1528
f 1363/3944/1461 2356/3947/1460 2005/3948/2269
f 2005/3948/2269 2710/3945/2268 1363/3944/1461
f 2356/3947/1460 1362/3949/1459 2712/3950/2270
f 2712/3950/2270 2005/3948/2269 2356/3947/1460
f 1567/2483/1313 2309/2482/1310 2005/3948/2269
f 2005/3948/2269 2712/3950/2270 1567/2483/1313
f 2309/2482/1310 1331/3946/1309 2710/3945/2268
f 2710/3945/2268 2005/3948/2269 2309/2482/1310
f 1362/3949/1459 3103/3951/1509 2006/3952/2271
f 2006/3952/2271 2712/3950/2270 1362/3949/1459
f 3103/2712/1509 1770/2711/1508 2381/3953/2272
f 2381/3954/2272 2006/3952/2271 3103/3951/1509
f 1379/3955/1656 2713/3956/2273 2006/3952/2271
f 2006/3952/2271 2381/3954/2272 1379/3955/1656
f 2713/3956/2273 1380/3957/1517 2382/3958/1516
f 2382/3958/1516 2006/3952/2271 2713/3956/2273
f 1332/3959/1315 2711/2484/1314 2006/3952/2271
f 2006/3952/2271 2382/3958/1516 1332/3959/1315
f 2711/2484/1314 1567/2483/1313 2712/3950/2270
f 2712/3950/2270 2006/3952/2271 2711/2484/1314
f 1379/3955/1656 3142/3960/1655 2007/3961/2274
f 2007/3961/2274 2713/3956/2273 1379/3955/1656
f 3142/2904/1655 1790/2903/1654 2441/3962/2275
f 2441/3963/2275 2007/3961/2274 3142/3960/1655
f 1429/2994/1719 2469/2992/1718 2007/3961/2274
f 2007/3961/2274 2441/3963/2275 1429/2994/1719
f 2469/2992/1718 1452/2991/1717 2510/3964/1802
f 2510/3964/1802 2007/3961/2274 2469/2992/1718
f 1380/3957/1517 2713/3956/2273 2007/3961/2274
f 2007/3961/2274 2510/3964/1802 1380/3957/1517
f 1817/3965/2276 3196/3966/2277 2008/3967/2278
f 2008/3967/2278 3197/3968/2279 1817/3965/2276
f 3196/3966/2277 1679/3969/2280 2930/3970/2281
f 2930/3970/2281 2008/3967/2278 3196/3966/2277
f 1680/3971/2282 3194/3972/2283 2008/3967/2278
f 2008/3967/2278 2930/3970/2281 1680/3971/2282
f 3194/3972/2283 1816/3973/2284 3197/3968/2279
f 3197/3968/2279 2008/3967/2278 3194/3972/2283
f 1572/3381/1917 2719/3974/2285 2009/3975/2286
f 2009/3975/2286 2722/3382/1918 1572/3381/1917
f 2719/3974/2285 1291/2279/1160 2247/2282/1163
f 2247/2282/1163 2009/3975/2286 2719/3974/2285
f 1292/2287/1168 2721/3976/2287 2009/3975/2286
f 2009/3975/2286 2247/2282/1163 1292/2287/1168
f 2721/3976/2287 1573/2324/1201 2722/3382/1918
f 2722/3382/1918 2009/3975/2286 2721/3976/2287
f 1573/2324/1201 2721/3976/2287 2010/3977/2288
f 2010/3977/2288 2724/2325/1202 1573/2324/1201
f 2721/3976/2287 1292/2287/1168 2263/2336/1208
f 2263/2336/1208 2010/3977/2288 2721/3976/2287
f 1307/2334/1207 2264/2354/1222 2010/3978/2288
f 2010/3978/2288 2263/2335/1208 1307/2334/1207
f 2264/2354/1222 1305/2349/1217 2723/3979/2289
f 2723/3979/2289 2010/3978/2288 2264/2354/1222
f 1574/2318/1196 2724/2327/1202 2010/3978/2288
f 2010/3978/2288 2723/3979/2289 1574/2318/1196
f 1574/2318/1196 2723/3979/2289 2011/3980/2290
f 2011/3980/2290 2726/2319/1197 1574/2318/1196
f 2723/3979/2289 1305/2349/1217 2260/2346/1214
f 2260/2346/1214 2011/3980/2290 2723/3979/2289
f 1306/2345/1213 2261/3981/2291 2011/3980/2290
f 2011/3980/2290 2260/2346/1214 1306/2345/1213
f 2261/3981/2291 1575/2321/1198 2726/2319/1197
f 2726/2319/1197 2011/3980/2290 2261/3981/2291
f 1578/3982/2108 2552/3983/2119 2012/3984/2292
f 2012/3984/2292 2731/3985/2109 1578/3982/2108
f 2552/3983/2119 1486/3384/1920 2553/3383/1919
f 2553/3383/1919 2012/3984/2292 2552/3983/2119
f 1288/2315/1194 2258/2314/1191 2012/3984/2292
f 2012/3984/2292 2553/3383/1919 1288/2315/1194
f 2258/2310/1191 1289/2309/1190 2731/3986/2109
f 2731/3985/2109 2012/3984/2292 2258/2314/1191
f 1583/2619/1421 2736/2618/1420 2013/3987/2293
f 2013/3987/2293 2742/3988/2294 1583/2619/1421
f 2736/2618/1420 1347/2617/1419 2325/3647/2101
f 2325/3647/2101 2013/3987/2293 2736/2618/1420
f 1348/2544/1358 2326/3989/1361 2013/3987/2293
f 2013/3987/2293 2325/3647/2101 1348/2544/1358
f 2326/3989/1361 1584/3990/1366 2742/3988/2294
f 2742/3988/2294 2013/3987/2293 2326/3989/1361
f 1585/3991/2295 2755/3992/2296 2014/3993/2297
f 2014/3993/2297 2743/3994/2298 1585/3991/2295
f 2755/3992/2296 1592/3995/2299 2767/3996/2300
f 2767/3996/2300 2014/3993/2297 2755/3992/2296
f 1619/3997/2301 2811/3998/2302 2014/3993/2297
f 2014/3993/2297 2767/3996/2300 1619/3997/2301
f 2811/3998/2302 1620/3999/2303 2743/3994/2298
f 2743/3994/2298 2014/3993/2297 2811/3998/2302
f 1585/4000/2295 2738/4001/2304 2015/4002/2305
f 2015/4002/2305 2744/4003/2306 1585/4000/2295
f 2738/4001/2304 1337/4004/1870 2331/4005/2307
f 2331/4005/2307 2015/4002/2305 2738/4001/2304
f 1336/4006/2308 2332/4007/2309 2015/4002/2305
f 2015/4002/2305 2331/4005/2307 1336/4006/2308
f 2332/4007/2309 1586/4008/2310 2744/4003/2306
f 2744/4003/2306 2015/4002/2305 2332/4007/2309
f 1588/2592/1400 2741/4009/2311 2016/4010/2312
f 2016/4010/2312 2745/2593/1401 1588/2592/1400
f 2741/4009/2311 1589/4011/2313 2768/4012/2314
f 2768/4012/2314 2016/4010/2312 2741/4009/2311
f 1590/4013/2315 2753/4014/2316 2016/4010/2312
f 2016/4010/2312 2768/4012/2314 1590/4013/2315
f 2753/4014/2316 1587/2594/1402 2745/2593/1401
f 2745/2593/1401 2016/4010/2312 2753/4014/2316
f 1580/4015/1432 2733/4016/1429 2017/4017/2317
f 2017/4017/2317 2746/4018/2318 1580/4015/1432
f 2733/4016/1429 1357/2628/1428 2342/4019/2319
f 2342/4019/2319 2017/4017/2317 2733/4016/1429
f 1358/4020/2320 2343/4021/2321 2017/4017/2317
f 2017/4017/2317 2342/4019/2319 1358/4020/2320
f 2343/4021/2321 1581/4022/2322 2746/4018/2318
f 2746/4018/2318 2017/4017/2317 2343/4021/2321
f 1583/2619/1421 2757/4023/2323 2018/4024/2324
f 2018/4024/2324 2747/2620/1422 1583/2619/1421
f 2757/4023/2323 1594/4025/2325 2769/4026/2326
f 2769/4026/2326 2018/4024/2324 2757/4023/2323
f 1595/4027/2327 2758/4028/2328 2018/4024/2324
f 2018/4024/2324 2769/4026/2326 1595/4027/2327
f 2758/4028/2328 1582/2621/1423 2747/2620/1422
f 2747/2620/1422 2018/4024/2324 2758/4028/2328
f 1581/4022/2322 2343/4021/2321 2019/4029/2329
f 2019/4029/2329 2748/4030/2330 1581/4022/2322
f 2343/4021/2321 1358/4020/2320 2348/4031/2331
f 2348/4031/2331 2019/4029/2329 2343/4021/2321
f 1359/2613/1415 2735/2616/1418 2019/4029/2329
f 2019/4029/2329 2348/4031/2331 1359/2613/1415
f 2735/2616/1418 1582/2621/1423 2748/4030/2330
f 2748/4030/2330 2019/4029/2329 2735/2616/1418
f 1580/2632/1432 2760/4032/2332 2020/4033/2333
f 2020/4033/2333 2749/2633/1433 1580/2632/1432
f 2760/4032/2332 1597/4034/2334 2770/4035/2335
f 2770/4035/2335 2020/4033/2333 2760/4032/2332
f 1624/4036/2336 2836/4037/2337 2020/4033/2333
f 2020/4033/2333 2770/4035/2335 1624/4036/2336
f 2836/4037/2337 1623/2634/1434 2749/2633/1433
f 2749/2633/1433 2020/4033/2333 2836/4037/2337
f 1579/2641/1441 2761/4038/2338 2021/4039/2339
f 2021/4039/2339 2750/2642/1442 1579/2641/1441
f 2761/4038/2338 1598/4040/2340 2771/4041/2341
f 2771/4041/2341 2021/4039/2339 2761/4038/2338
f 1589/4011/2313 2741/4009/2311 2021/4039/2339
f 2021/4039/2339 2771/4041/2341 1589/4011/2313
f 2741/4009/2311 1588/2592/1400 2750/2642/1442
f 2750/2642/1442 2021/4039/2339 2741/4009/2311
f 1586/4008/2310 2332/4007/2309 2022/4042/2342
f 2022/4042/2342 2751/4043/2343 1586/4008/2310
f 2332/4007/2309 1336/4006/2308 2316/4044/2344
f 2316/4044/2344 2022/4042/2342 2332/4007/2309
f 1340/2586/1394 2740/2589/1397 2022/4042/2342
f 2022/4042/2342 2316/4044/2344 1340/2586/1394
f 2740/2589/1397 1587/2594/1402 2751/4043/2343
f 2751/4043/2343 2022/4042/2342 2740/2589/1397
f 1594/4025/2325 2757/4023/2323 2023/4045/2345
f 2023/4045/2345 2762/4046/2346 1594/4025/2325
f 2757/4023/2323 1583/2619/1421 2742/3988/2294
f 2742/3988/2294 2023/4045/2345 2757/4023/2323
f 1584/3990/1366 2737/4047/2347 2023/4045/2345
f 2023/4045/2345 2742/3988/2294 1584/3990/1366
f 2737/4047/2347 1593/4048/2348 2762/4046/2346
f 2762/4046/2346 2023/4045/2345 2737/4047/2347
f 1592/4049/2299 2755/4050/2296 2024/4051/2349
f 2024/4051/2349 2763/4052/2350 1592/4049/2299
f 2755/4050/2296 1585/4000/2295 2744/4003/2306
f 2744/4003/2306 2024/4051/2349 2755/4050/2296
f 1586/4008/2310 2739/4053/2351 2024/4051/2349
f 2024/4051/2349 2744/4003/2306 1586/4008/2310
f 2739/4053/2351 1591/4054/2352 2763/4052/2350
f 2763/4052/2350 2024/4051/2349 2739/4053/2351
f 1597/4055/2334 2760/4056/2332 2025/4057/2353
f 2025/4057/2353 2764/4058/2354 1597/4055/2334
f 2760/4056/2332 1580/4015/1432 2746/4018/2318
f 2746/4018/2318 2025/4057/2353 2760/4056/2332
f 1581/4022/2322 2734/4059/2355 2025/4057/2353
f 2025/4057/2353 2746/4018/2318 1581/4022/2322
f 2734/4059/2355 1596/4060/2356 2764/4058/2354
f 2764/4058/2354 2025/4057/2353 2734/4059/2355
f 1596/4060/2356 2734/4059/2355 2026/4061/2357
f 2026/4061/2357 2765/4062/2358 1596/4060/2356
f 2734/4059/2355 1581/4022/2322 2748/4030/2330
f 2748/4030/2330 2026/4061/2357 2734/4059/2355
f 1582/2621/1423 2758/4028/2328 2026/4061/2357
f 2026/4061/2357 2748/4030/2330 1582/2621/1423
f 2758/4028/2328 1595/4027/2327 2765/4062/2358
f 2765/4062/2358 2026/4061/2357 2758/4028/2328
f 1591/4054/2352 2739/4053/2351 2027/4063/2359
f 2027/4063/2359 2766/4064/2360 1591/4054/2352
f 2739/4053/2351 1586/4008/2310 2751/4043/2343
f 2751/4043/2343 2027/4063/2359 2739/4053/2351
f 1587/2594/1402 2753/4014/2316 2027/4063/2359
f 2027/4063/2359 2751/4043/2343 1587/2594/1402
f 2753/4014/2316 1590/4013/2315 2766/4064/2360
f 2766/4064/2360 2027/4063/2359 2753/4014/2316
f 1592/3995/2299 2775/4065/2361 2028/4066/2362
f 2028/4066/2362 2767/3996/2300 1592/3995/2299
f 2775/4065/2361 1602/4067/1377 2787/4068/2363
f 2787/4068/2363 2028/4066/2362 2775/4065/2361
f 1618/4069/2364 2813/4070/2365 2028/4066/2362
f 2028/4066/2362 2787/4068/2363 1618/4069/2364
f 2813/4070/2365 1619/3997/2301 2767/3996/2300
f 2767/3996/2300 2028/4066/2362 2813/4070/2365
f 1589/4011/2313 2752/4071/2366 2029/4072/2367
f 2029/4072/2367 2768/4012/2314 1589/4011/2313
f 2752/4071/2366 1599/4073/2368 2788/4074/2369
f 2788/4074/2369 2029/4072/2367 2752/4071/2366
f 1600/2646/1446 2773/4075/2370 2029/4072/2367
f 2029/4072/2367 2788/4074/2369 1600/2646/1446
f 2773/4075/2370 1590/4013/2315 2768/4012/2314
f 2768/4012/2314 2029/4072/2367 2773/4075/2370
f 1594/4025/2325 2777/4076/2371 2030/4077/2372
f 2030/4077/2372 2769/4026/2326 1594/4025/2325
f 2777/4076/2371 1604/2541/1355 2789/4078/2373
f 2789/4078/2373 2030/4077/2372 2777/4076/2371
f 1605/2625/1426 2778/4079/2374 2030/4077/2372
f 2030/4077/2372 2789/4078/2373 1605/2625/1426
f 2778/4079/2374 1595/4027/2327 2769/4026/2326
f 2769/4026/2326 2030/4077/2372 2778/4079/2374
f 1597/4034/2334 2780/4080/2375 2031/4081/2376
f 2031/4081/2376 2770/4035/2335 1597/4034/2334
f 2780/4080/2375 1607/4082/1411 2790/4083/2377
f 2790/4083/2377 2031/4081/2376 2780/4080/2375
f 1625/4084/2378 2837/4085/2379 2031/4081/2376
f 2031/4081/2376 2790/4083/2377 1625/4084/2378
f 2837/4085/2379 1624/4036/2336 2770/4035/2335
f 2770/4035/2335 2031/4081/2376 2837/4085/2379
f 1598/4040/2340 2781/4086/2380 2032/4087/2381
f 2032/4087/2381 2771/4041/2341 1598/4040/2340
f 2781/4086/2380 1608/4088/2382 2791/4089/2383
f 2791/4089/2383 2032/4087/2381 2781/4086/2380
f 1599/4073/2368 2752/4071/2366 2032/4087/2381
f 2032/4087/2381 2791/4089/2383 1599/4073/2368
f 2752/4071/2366 1589/4011/2313 2771/4041/2341
f 2771/4041/2341 2032/4087/2381 2752/4071/2366
f 1604/2541/1355 2777/4076/2371 2033/4090/2384
f 2033/4090/2384 2782/2542/1356 1604/2541/1355
f 2777/4076/2371 1594/4025/2325 2762/4046/2346
f 2762/4046/2346 2033/4090/2384 2777/4076/2371
f 1593/4048/2348 2756/4091/2385 2033/4090/2384
f 2033/4090/2384 2762/4046/2346 1593/4048/2348
f 2756/4091/2385 1603/2543/1357 2782/2542/1356
f 2782/2542/1356 2033/4090/2384 2756/4091/2385
f 1602/2569/1377 2775/4092/2361 2034/4093/2386
f 2034/4093/2386 2783/2570/1378 1602/2569/1377
f 2775/4092/2361 1592/4049/2299 2763/4052/2350
f 2763/4052/2350 2034/4093/2386 2775/4092/2361
f 1591/4054/2352 2754/4094/2387 2034/4093/2386
f 2034/4093/2386 2763/4052/2350 1591/4054/2352
f 2754/4094/2387 1601/2571/1379 2783/2570/1378
f 2783/2570/1378 2034/4093/2386 2754/4094/2387
f 1607/2608/1411 2780/4095/2375 2035/4096/2388
f 2035/4096/2388 2784/2609/1412 1607/2608/1411
f 2780/4095/2375 1597/4055/2334 2764/4058/2354
f 2764/4058/2354 2035/4096/2388 2780/4095/2375
f 1596/4060/2356 2759/4097/2389 2035/4096/2388
f 2035/4096/2388 2764/4058/2354 1596/4060/2356
f 2759/4097/2389 1606/2610/1413 2784/2609/1412
f 2784/2609/1412 2035/4096/2388 2759/4097/2389
f 1606/2610/1413 2759/4097/2389 2036/4098/2390
f 2036/4098/2390 2785/2624/1425 1606/2610/1413
f 2759/4097/2389 1596/4060/2356 2765/4062/2358
f 2765/4062/2358 2036/4098/2390 2759/4097/2389
f 1595/4027/2327 2778/4079/2374 2036/4098/2390
f 2036/4098/2390 2765/4062/2358 1595/4027/2327
f 2778/4079/2374 1605/2625/1426 2785/2624/1425
f 2785/2624/1425 2036/4098/2390 2778/4079/2374
f 1601/2571/1379 2754/4094/2387 2037/4099/2391
f 2037/4099/2391 2786/2645/1445 1601/2571/1379
f 2754/4094/2387 1591/4054/2352 2766/4064/2360
f 2766/4064/2360 2037/4099/2391 2754/4094/2387
f 1590/4013/2315 2773/4075/2370 2037/4099/2391
f 2037/4099/2391 2766/4064/2360 1590/4013/2315
f 2773/4075/2370 1600/2646/1446 2786/2645/1445
f 2786/2645/1445 2037/4099/2391 2773/4075/2370
f 1602/4067/1377 2330/4100/1374 2038/4101/2392
f 2038/4101/2392 2787/4068/2363 1602/4067/1377
f 2330/4102/1374 1349/4103/1373 2327/4104/2393
f 2327/4105/2393 2038/4101/2392 2330/4100/1374
f 1617/4106/1370 2815/4107/2394 2038/4101/2392
f 2038/4101/2392 2327/4105/2393 1617/4106/1370
f 2815/4107/2394 1618/4069/2364 2787/4068/2363
f 2787/4068/2363 2038/4101/2392 2815/4107/2394
f 1599/4073/2368 2772/4108/2395 2039/4109/2396
f 2039/4109/2396 2788/4074/2369 1599/4073/2368
f 2772/4108/2395 1354/4110/2397 2335/4111/2398
f 2335/4111/2398 2039/4109/2396 2772/4108/2395
f 1352/2648/1448 2338/2647/1447 2039/4109/2396
f 2039/4109/2396 2335/4111/2398 1352/2648/1448
f 2338/2647/1447 1600/2646/1446 2788/4074/2369
f 2788/4074/2369 2039/4109/2396 2338/2647/1447
f 1604/2541/1355 2324/2540/1354 2040/4112/2399
f 2040/4112/2399 2789/4078/2373 1604/2541/1355
f 2324/2540/1354 1346/2539/1353 2346/4113/1383
f 2346/4113/1383 2040/4112/2399 2324/2540/1354
f 1351/2627/1382 2347/2626/1427 2040/4112/2399
f 2040/4112/2399 2346/4113/1383 1351/2627/1382
f 2347/2626/1427 1605/2625/1426 2789/4078/2373
f 2789/4078/2373 2040/4112/2399 2347/2626/1427
f 1607/4082/1411 2341/4114/1409 2041/4115/2400
f 2041/4115/2400 2790/4083/2377 1607/4082/1411
f 2341/4114/1409 1355/4116/1403 2821/4117/1406
f 2821/4117/1406 2041/4115/2400 2341/4114/1409
f 1626/4118/1408 2838/4119/2401 2041/4115/2400
f 2041/4115/2400 2821/4117/1406 1626/4118/1408
f 2838/4119/2401 1625/4084/2378 2790/4083/2377
f 2790/4083/2377 2041/4115/2400 2838/4119/2401
f 1608/4088/2382 2350/4120/2402 2042/4121/2403
f 2042/4121/2403 2791/4089/2383 1608/4088/2382
f 2350/4120/2402 1356/4122/2404 2339/4123/2405
f 2339/4123/2405 2042/4121/2403 2350/4120/2402
f 1354/4110/2397 2772/4108/2395 2042/4121/2403
f 2042/4121/2403 2339/4123/2405 1354/4110/2397
f 2772/4108/2395 1599/4073/2368 2791/4089/2383
f 2791/4089/2383 2042/4121/2403 2772/4108/2395
f 1621/4124/2406 2804/4125/2407 2043/4126/2408
f 2043/4126/2408 2805/4127/2409 1621/4124/2406
f 2804/4125/2407 1337/3330/1870 2738/4128/2304
f 2738/4128/2304 2043/4126/2408 2804/4125/2407
f 1585/3991/2295 2743/3994/2298 2043/4126/2408
f 2043/4126/2408 2738/4128/2304 1585/3991/2295
f 2743/3994/2298 1620/3999/2303 2805/4127/2409
f 2805/4127/2409 2043/4126/2408 2743/3994/2298
f 1617/4106/1370 2327/4105/2393 2044/4129/2410
f 2044/4129/2410 2806/4130/1371 1617/4106/1370
f 2327/4104/2393 1349/4103/1373 2328/4131/1376
f 2328/4131/1376 2044/4132/2410 2327/4104/2393
f 1350/4133/1381 2329/4134/2411 2044/4135/2410
f 2044/4135/2410 2328/4136/1376 1350/4133/1381
f 2329/4134/2411 1616/4137/2412 2806/4138/1371
f 2806/4138/1371 2044/4135/2410 2329/4134/2411
f 1616/4137/2412 2329/4134/2411 2045/4139/2413
f 2045/4139/2413 2807/4140/2414 1616/4137/2412
f 2329/4134/2411 1350/4133/1381 2333/4141/1444
f 2333/4141/1444 2045/4139/2413 2329/4134/2411
f 1352/4142/1448 2334/4143/2415 2045/4139/2413
f 2045/4139/2413 2333/4141/1444 1352/4142/1448
f 2334/4143/2415 1615/4144/2416 2807/4140/2414
f 2807/4140/2414 2045/4139/2413 2334/4143/2415
f 1615/4144/2416 2334/4143/2415 2046/4145/2417
f 2046/4145/2417 2808/4146/2418 1615/4144/2416
f 2334/4143/2415 1352/4142/1448 2335/4147/2398
f 2335/4147/2398 2046/4145/2417 2334/4143/2415
f 1354/4148/2397 2336/4149/2419 2046/4145/2417
f 2046/4145/2417 2335/4147/2398 1354/4148/2397
f 2336/4149/2419 1614/4150/2420 2808/4146/2418
f 2808/4146/2418 2046/4145/2417 2336/4149/2419
f 1614/4150/2420 2336/4149/2419 2047/4151/2421
f 2047/4151/2421 2809/4152/1407 1614/4150/2420
f 2336/4149/2419 1354/4148/2397 2339/4153/2405
f 2339/4153/2405 2047/4151/2421 2336/4149/2419
f 1356/4154/2404 2340/4155/2422 2047/4156/2421
f 2047/4156/2421 2339/4157/2405 1356/4154/2404
f 2340/4158/2422 1613/4159/1408 2809/4152/1407
f 2809/4152/1407 2047/4151/2421 2340/4158/2422
f 1610/4160/2336 2793/4161/2423 2048/4162/2424
f 2048/4162/2424 2810/4163/2425 1610/4160/2336
f 2793/4161/2423 1579/4164/1441 2732/4165/1440
f 2732/4165/1440 2048/4162/2424 2793/4161/2423
f 1344/4166/1439 2351/4167/2426 2048/4162/2424
f 2048/4162/2424 2732/4165/1440 1344/4166/1439
f 2351/4167/2426 1609/4168/2427 2810/4163/2425
f 2810/4163/2425 2048/4162/2424 2351/4167/2426
f 1619/3997/2301 2802/4169/2428 2049/4170/2429
f 2049/4170/2429 2811/3998/2302 1619/3997/2301
f 2802/4169/2428 1632/4171/2430 2839/4172/2430
f 2839/4172/2430 2049/4170/2429 2802/4169/2428
f 1633/2550/1364 2803/4173/2430 2049/4170/2429
f 2049/4170/2429 2839/4172/2430 1633/2550/1364
f 2803/4173/2430 1620/3999/2303 2811/3998/2302
f 2811/3998/2302 2049/4170/2429 2803/4173/2430
f 1611/4174/2431 2794/4175/2432 2050/4176/2433
f 2050/4176/2433 2812/4177/2337 1611/4174/2431
f 2794/4175/2432 1598/4178/2340 2761/4179/2338
f 2761/4179/2338 2050/4176/2433 2794/4175/2432
f 1579/4164/1441 2793/4161/2423 2050/4176/2433
f 2050/4176/2433 2761/4179/2338 1579/4164/1441
f 2793/4161/2423 1610/4160/2336 2812/4177/2337
f 2812/4177/2337 2050/4176/2433 2793/4161/2423
f 1618/4069/2364 2801/4180/2430 2051/4181/2434
f 2051/4181/2434 2813/4070/2365 1618/4069/2364
f 2801/4180/2430 1631/4182/2430 2840/4183/2428
f 2840/4183/2428 2051/4181/2434 2801/4180/2430
f 1632/4171/2430 2802/4169/2428 2051/4181/2434
f 2051/4181/2434 2840/4183/2428 1632/4171/2430
f 2802/4169/2428 1619/3997/2301 2813/4070/2365
f 2813/4070/2365 2051/4181/2434 2802/4169/2428
f 1612/4184/2435 2795/4185/2436 2052/4186/2437
f 2052/4186/2437 2814/4187/2438 1612/4184/2435
f 2795/4185/2436 1608/4188/2382 2781/4189/2380
f 2781/4189/2380 2052/4186/2437 2795/4185/2436
f 1598/4178/2340 2794/4175/2432 2052/4186/2437
f 2052/4186/2437 2781/4189/2380 1598/4178/2340
f 2794/4175/2432 1611/4174/2431 2814/4187/2438
f 2814/4187/2438 2052/4186/2437 2794/4175/2432
f 1617/4106/1370 2800/4190/1370 2053/4191/2394
f 2053/4191/2394 2815/4107/2394 1617/4106/1370
f 2800/4190/1370 1630/2561/1370 2841/4192/2439
f 2841/4192/2439 2053/4191/2394 2800/4190/1370
f 1631/4182/2430 2801/4180/2430 2053/4191/2394
f 2053/4191/2394 2841/4192/2439 1631/4182/2430
f 2801/4180/2430 1618/4069/2364 2815/4107/2394
f 2815/4107/2394 2053/4191/2394 2801/4180/2430
f 1613/4193/1408 2340/4194/2422 2054/4195/2440
f 2054/4195/2440 2816/4196/2401 1613/4193/1408
f 2340/4155/2422 1356/4154/2404 2350/4197/2402
f 2350/4198/2402 2054/4195/2440 2340/4194/2422
f 1608/4188/2382 2795/4185/2436 2054/4195/2440
f 2054/4195/2440 2350/4198/2402 1608/4188/2382
f 2795/4185/2436 1612/4184/2435 2816/4196/2401
f 2816/4196/2401 2054/4195/2440 2795/4185/2436
f 1634/2548/1362 2829/4199/2441 2055/4200/2442
f 2055/4200/2442 2830/2549/1363 1634/2548/1362
f 2829/4199/2441 1621/4124/2406 2805/4127/2409
f 2805/4127/2409 2055/4200/2442 2829/4199/2441
f 1620/3999/2303 2803/4173/2430 2055/4200/2442
f 2055/4200/2442 2805/4127/2409 1620/3999/2303
f 2803/4173/2430 1633/2550/1364 2830/2549/1363
f 2830/2549/1363 2055/4200/2442 2803/4173/2430
f 1630/2561/1370 2800/4190/1370 2056/4201/2443
f 2056/4201/2443 2831/2562/1371 1630/2561/1370
f 2800/4190/1370 1617/4106/1370 2806/4130/1371
f 2806/4130/1371 2056/4201/2443 2800/4190/1370
f 1616/4137/2412 2799/4202/1372 2056/4203/2443
f 2056/4203/2443 2806/4138/1371 1616/4137/2412
f 2799/4202/1372 1629/2564/1372 2831/2563/1371
f 2831/2563/1371 2056/4203/2443 2799/4202/1372
f 1629/2564/1372 2799/4202/1372 2057/4204/1386
f 2057/4204/1386 2832/2578/1386 1629/2564/1372
f 2799/4202/1372 1616/4137/2412 2807/4140/2414
f 2807/4140/2414 2057/4204/1386 2799/4202/1372
f 1615/4144/2416 2798/4205/1387 2057/4204/1386
f 2057/4204/1386 2807/4140/2414 1615/4144/2416
f 2798/4205/1387 1628/2579/1387 2832/2578/1386
f 2832/2578/1386 2057/4204/1386 2798/4205/1387
f 1628/2579/1387 2798/4205/1387 2058/4206/2444
f 2058/4206/2444 2833/2584/1392 1628/2579/1387
f 2798/4205/1387 1615/4144/2416 2808/4146/2418
f 2808/4146/2418 2058/4206/2444 2798/4205/1387
f 1614/4150/2420 2797/4207/2420 2058/4206/2444
f 2058/4206/2444 2808/4146/2418 1614/4150/2420
f 2797/4207/2420 1627/2585/1393 2833/2584/1392
f 2833/2584/1392 2058/4206/2444 2797/4207/2420
f 1627/2585/1393 2797/4207/2420 2059/4208/1407
f 2059/4208/1407 2834/2601/1407 1627/2585/1393
f 2797/4207/2420 1614/4150/2420 2809/4152/1407
f 2809/4152/1407 2059/4208/1407 2797/4207/2420
f 1613/4159/1408 2796/4209/1408 2059/4208/1407
f 2059/4208/1407 2809/4152/1407 1613/4159/1408
f 2796/4209/1408 1626/2602/1408 2834/2601/1407
f 2834/2601/1407 2059/4208/1407 2796/4209/1408
f 1623/2634/1434 2818/4210/2445 2060/4211/2446
f 2060/4211/2446 2835/2635/1435 1623/2634/1434
f 2818/4210/2445 1610/4160/2336 2810/4163/2425
f 2810/4163/2425 2060/4211/2446 2818/4210/2445
f 1609/4168/2427 2792/4212/2447 2060/4211/2446
f 2060/4211/2446 2810/4163/2425 1609/4168/2427
f 2792/4212/2447 1622/2636/1436 2835/2635/1435
f 2835/2635/1435 2060/4211/2446 2792/4212/2447
f 1624/4036/2336 2819/4213/2438 2061/4214/2337
f 2061/4214/2337 2836/4037/2337 1624/4036/2336
f 2819/4213/2438 1611/4174/2431 2812/4177/2337
f 2812/4177/2337 2061/4214/2337 2819/4213/2438
f 1610/4160/2336 2818/4210/2445 2061/4214/2337
f 2061/4214/2337 2812/4177/2337 1610/4160/2336
f 2818/4210/2445 1623/2634/1434 2836/4037/2337
f 2836/4037/2337 2061/4214/2337 2818/4210/2445
f 1625/4084/2378 2820/4215/2448 2062/4216/2378
f 2062/4216/2378 2837/4085/2379 1625/4084/2378
f 2820/4215/2448 1612/4184/2435 2814/4187/2438
f 2814/4187/2438 2062/4216/2378 2820/4215/2448
f 1611/4174/2431 2819/4213/2438 2062/4216/2378
f 2062/4216/2378 2814/4187/2438 1611/4174/2431
f 2819/4213/2438 1624/4036/2336 2837/4085/2379
f 2837/4085/2379 2062/4216/2378 2819/4213/2438
f 1626/4118/1408 2796/4217/1408 2063/4218/2401
f 2063/4218/2401 2838/4119/2401 1626/4118/1408
f 2796/4217/1408 1613/4193/1408 2816/4196/2401
f 2816/4196/2401 2063/4218/2401 2796/4217/1408
f 1612/4184/2435 2820/4215/2448 2063/4218/2401
f 2063/4218/2401 2816/4196/2401 1612/4184/2435
f 2820/4215/2448 1625/4084/2378 2838/4119/2401
f 2838/4119/2401 2063/4218/2401 2820/4215/2448
f 1632/4171/2430 2827/4219/2449 2064/4220/2450
f 2064/4220/2450 2839/4172/2430 1632/4171/2430
f 2827/4219/2449 1593/4221/2348 2737/4222/2347
f 2737/4222/2347 2064/4220/2450 2827/4219/2449
f 1584/2552/1366 2828/2551/1365 2064/4220/2450
f 2064/4220/2450 2737/4222/2347 1584/2552/1366
f 2828/2551/1365 1633/2550/1364 2839/4172/2430
f 2839/4172/2430 2064/4220/2450 2828/2551/1365
f 1631/4182/2430 2826/4223/2451 2065/4224/2452
f 2065/4224/2452 2840/4183/2428 1631/4182/2430
f 2826/4223/2451 1603/4225/1357 2756/4226/2385
f 2756/4226/2385 2065/4224/2452 2826/4223/2451
f 1593/4221/2348 2827/4219/2449 2065/4224/2452
f 2065/4224/2452 2756/4226/2385 1593/4221/2348
f 2827/4219/2449 1632/4171/2430 2840/4183/2428
f 2840/4183/2428 2065/4224/2452 2827/4219/2449
f 1630/2561/1370 2825/2559/1369 2066/4227/2453
f 2066/4227/2453 2841/4192/2439 1630/2561/1370
f 2825/2559/1369 1345/2558/1349 2776/4228/1352
f 2776/4228/1352 2066/4227/2453 2825/2559/1369
f 1603/4225/1357 2826/4223/2451 2066/4227/2453
f 2066/4227/2453 2776/4228/1352 1603/4225/1357
f 2826/4223/2451 1631/4182/2430 2841/4192/2439
f 2841/4192/2439 2066/4227/2453 2826/4223/2451
f 1636/2521/1341 2843/4229/2454 2067/4230/2455
f 2067/4230/2455 2845/2522/1342 1636/2521/1341
f 2843/4229/2454 1342/4231/1398 2321/4232/1395
f 2321/4232/1395 2067/4230/2455 2843/4229/2454
f 1340/4233/1394 2842/4234/2456 2067/4230/2455
f 2067/4230/2455 2321/4232/1395 1340/4233/1394
f 2842/4234/2456 1635/2511/1333 2845/2522/1342
f 2845/2522/1342 2067/4230/2455 2842/4234/2456
f 1637/2529/1347 2486/4235/2457 2068/4236/2458
f 2068/4236/2458 2846/2530/1348 1637/2529/1347
f 2486/4237/2457 1344/4166/1439 2322/4238/1437
f 2322/4238/1437 2068/4239/2458 2486/4237/2457
f 1342/4231/1398 2843/4229/2454 2068/4236/2458
f 2068/4236/2458 2322/4240/1437 1342/4231/1398
f 2843/4229/2454 1636/2521/1341 2846/2530/1348
f 2846/2530/1348 2068/4236/2458 2843/4229/2454
f 1639/2496/1324 2317/4241/2459 2069/4242/2460
f 2069/4242/2460 2849/2497/1325 1639/2496/1324
f 2317/4241/2459 1336/4243/2308 2331/4244/2307
f 2331/4244/2307 2069/4242/2460 2317/4241/2459
f 1337/4245/1870 2313/4246/1869 2069/4247/2460
f 2069/4248/2460 2331/4249/2307 1337/4250/1870
f 2313/4251/1869 1638/2502/1326 2849/2497/1325
f 2849/2497/1325 2069/4242/2460 2313/4251/1869
f 1635/2511/1333 2842/4234/2456 2070/4252/2461
f 2070/4252/2461 2850/2512/1334 1635/2511/1333
f 2842/4234/2456 1340/4233/1394 2316/4253/2344
f 2316/4253/2344 2070/4252/2461 2842/4234/2456
f 1336/4243/2308 2317/4241/2459 2070/4252/2461
f 2070/4252/2461 2316/4253/2344 1336/4243/2308
f 2317/4241/2459 1639/2496/1324 2850/2512/1334
f 2850/2512/1334 2070/4252/2461 2317/4241/2459
f 1637/2534/1347 2844/2533/1346 2071/4254/2462
f 2071/4254/2462 2927/4255/2463 1637/2534/1347
f 2844/2533/1346 1343/4256/1345 2472/4257/1728
f 2472/4257/1728 2071/4254/2462 2844/2533/1346
f 1402/4258/1582 2409/4259/1579 2071/4254/2462
f 2071/4254/2462 2472/4257/1728 1402/4258/1582
f 2409/2806/1579 1401/2805/1578 2487/3090/1758
f 2487/4260/1758 2071/4254/2462 2409/4259/1579
f 1399/3089/1572 2488/4261/2464 2071/4262/2462
f 2071/4262/2462 2487/3090/1758 1399/3089/1572
f 2488/4263/2464 1678/4264/2465 2927/4255/2463
f 2927/4255/2463 2071/4254/2462 2488/4263/2464
f 1678/4264/2465 2488/4263/2464 2072/4265/2466
f 2072/4265/2466 2926/4266/2467 1678/4264/2465
f 2488/4267/2464 1399/2796/1572 2408/2799/1575
f 2408/2799/1575 2072/4268/2466 2488/4267/2464
f 1396/2791/1567 2404/2788/1564 2072/4268/2466
f 2072/4268/2466 2408/2799/1575 1396/2791/1567
f 2404/4269/1564 1395/4270/1563 2923/4271/2468
f 2923/4272/2468 2072/4268/2466 2404/2788/1564
f 1677/4273/2469 2926/4266/2467 2072/4265/2466
f 2072/4265/2466 2923/4274/2468 1677/4273/2469
f 1677/4273/2469 2923/4274/2468 2073/4275/2470
f 2073/4275/2470 2924/4276/2471 1677/4273/2469
f 2923/4271/2468 1395/4270/1563 2515/4277/1757
f 2515/4278/1757 2073/4279/2470 2923/4280/2468
f 1393/4281/1560 2401/2777/1559 2073/4279/2470
f 2073/4279/2470 2515/4278/1757 1393/4281/1560
f 2401/4282/1559 1392/4283/1558 2516/4284/2472
f 2516/4284/2472 2073/4275/2470 2401/4282/1559
f 1676/4285/2473 2924/4276/2471 2073/4275/2470
f 2073/4275/2470 2516/4284/2472 1676/4285/2473
f 1740/2767/1553 2399/2768/1552 2074/4286/2474
f 2074/4286/2474 3043/4287/2475 1740/2767/1553
f 2399/2768/1552 1390/4288/1551 2431/4289/1632
f 2431/4289/1632 2074/4286/2474 2399/2768/1552
f 1421/4290/1631 3041/3256/1833 2074/4286/2474
f 2074/4286/2474 2431/4289/1632 1421/4290/1631
f 3041/3256/1833 1739/3255/1832 3043/4287/2475
f 3043/4287/2475 2074/4286/2474 3041/3256/1833
f 1675/4291/2476 2540/4292/2477 2075/4293/2478
f 2075/4293/2478 2920/4294/2479 1675/4291/2476
f 2540/4295/2477 1437/4296/1679 2546/2933/1677
f 2546/2933/1677 2075/4297/2478 2540/4295/2477
f 1435/2930/1674 2545/2929/1673 2075/4297/2478
f 2075/4297/2478 2546/2933/1677 1435/2930/1674
f 2545/4298/1673 1433/4299/1668 2917/4300/2480
f 2917/4301/2480 2075/4297/2478 2545/2929/1673
f 1674/4302/2481 2920/4294/2479 2075/4293/2478
f 2075/4293/2478 2917/4300/2480 1674/4302/2481
f 1674/4302/2481 2917/4300/2480 2076/4303/2482
f 2076/4303/2482 2918/4304/2483 1674/4302/2481
f 2917/4300/2480 1433/4299/1668 2446/4305/1667
f 2446/4305/1667 2076/4303/2482 2917/4300/2480
f 1431/4306/1662 2542/4307/2484 2076/4303/2482
f 2076/4303/2482 2446/4305/1667 1431/4306/1662
f 2542/4307/2484 1673/4308/2485 2918/4304/2483
f 2918/4304/2483 2076/4303/2482 2542/4307/2484
f 1672/4309/2486 2916/4310/2487 2077/4311/2488
f 2077/4311/2488 2914/4312/2489 1672/4309/2486
f 2916/4310/2487 1673/4308/2485 2542/4307/2484
f 2542/4307/2484 2077/4311/2488 2916/4310/2487
f 1431/4306/1662 2443/4313/1661 2077/4311/2488
f 2077/4311/2488 2542/4307/2484 1431/4306/1662
f 2443/4313/1661 1430/4314/1660 2548/4315/2490
f 2548/4315/2490 2077/4311/2488 2443/4313/1661
f 1671/4316/2491 2914/4312/2489 2077/4311/2488
f 2077/4311/2488 2548/4315/2490 1671/4316/2491
f 1671/4316/2491 2548/4315/2490 2078/4317/2492
f 2078/4317/2492 2913/4318/2493 1671/4316/2491
f 2548/4315/2490 1430/4314/1660 2518/4319/1823
f 2518/4319/1823 2078/4317/2492 2548/4315/2490
f 1467/4320/1822 2550/4321/2494 2078/4317/2492
f 2078/4317/2492 2518/4319/1823 1467/4320/1822
f 2550/4321/2494 1670/4322/2495 2913/4318/2493
f 2913/4318/2493 2078/4317/2492 2550/4321/2494
f 1670/4322/2495 2550/4321/2494 2079/4323/2496
f 2079/4323/2496 2911/4324/2497 1670/4322/2495
f 2550/4321/2494 1467/4320/1822 2519/4325/1825
f 2519/4325/1825 2079/4323/2496 2550/4321/2494
f 1463/4326/1793 2508/4327/1790 2079/4323/2496
f 2079/4323/2496 2519/4325/1825 1463/4326/1793
f 2508/4327/1790 1369/4328/1480 2363/4329/1479
f 2363/4329/1479 2079/4323/2496 2508/4327/1790
f 1367/4330/1474 2911/4324/2497 2079/4323/2496
f 2079/4323/2496 2363/4329/1479 1367/4330/1474
f 1621/4124/2406 2829/4199/2441 2080/4331/2498
f 2080/4331/2498 2870/4332/2499 1621/4124/2406
f 2829/4199/2441 1634/2548/1362 3163/4333/2500
f 3163/4333/2500 2080/4331/2498 2829/4199/2441
f 1800/4334/2501 2869/4335/2502 2080/4331/2498
f 2080/4331/2498 3163/4333/2500 1800/4334/2501
f 2869/4335/2502 1649/4336/2503 2870/4332/2499
f 2870/4332/2499 2080/4331/2498 2869/4335/2502
f 1649/4336/2503 2869/4335/2502 2081/4337/2504
f 2081/4337/2504 2872/4338/2505 1649/4336/2503
f 2869/4335/2502 1800/4334/2501 3165/4339/2506
f 3165/4339/2506 2081/4337/2504 2869/4335/2502
f 1801/4340/2507 3164/4341/2508 2081/4337/2504
f 2081/4337/2504 3165/4339/2506 1801/4340/2507
f 3164/4341/2508 1650/4342/2509 2872/4338/2505
f 2872/4338/2505 2081/4337/2504 3164/4341/2508
f 1650/4342/2509 3164/4341/2508 2082/4343/2510
f 2082/4343/2510 2873/4344/2511 1650/4342/2509
f 3164/4341/2508 1801/4340/2507 3167/4345/2512
f 3167/4345/2512 2082/4343/2510 3164/4341/2508
f 1802/4346/2513 2874/4347/2514 2082/4343/2510
f 2082/4343/2510 3167/4345/2512 1802/4346/2513
f 2874/4347/2514 1652/4348/2515 2875/4349/2516
f 2875/4349/2516 2082/4343/2510 2874/4347/2514
f 1651/4350/2517 2873/4344/2511 2082/4343/2510
f 2082/4343/2510 2875/4349/2516 1651/4350/2517
f 1652/4348/2515 2874/4347/2514 2083/4351/2518
f 2083/4351/2518 2877/4352/2519 1652/4348/2515
f 2874/4347/2514 1802/4346/2513 3169/4353/2520
f 3169/4353/2520 2083/4351/2518 2874/4347/2514
f 1803/4354/2521 2876/4355/2522 2083/4351/2518
f 2083/4351/2518 3169/4353/2520 1803/4354/2521
f 2876/4355/2522 1653/4356/2523 2877/4352/2519
f 2877/4352/2519 2083/4351/2518 2876/4355/2522
f 1653/4356/2523 2876/4355/2522 2084/4357/2524
f 2084/4357/2524 2879/4358/2525 1653/4356/2523
f 2876/4355/2522 1803/4354/2521 3171/4359/2526
f 3171/4359/2526 2084/4357/2524 2876/4355/2522
f 1804/4360/2527 3170/4361/2528 2084/4357/2524
f 2084/4357/2524 3171/4359/2526 1804/4360/2527
f 3170/4361/2528 1654/4362/2529 2879/4358/2525
f 2879/4358/2525 2084/4357/2524 3170/4361/2528
f 1654/4362/2529 3170/4361/2528 2085/4363/2530
f 2085/4363/2530 2881/4364/2531 1654/4362/2529
f 3170/4361/2528 1804/4360/2527 3173/4365/2532
f 3173/4365/2532 2085/4363/2530 3170/4361/2528
f 1805/4366/2533 3172/4367/2534 2085/4363/2530
f 2085/4363/2530 3173/4365/2532 1805/4366/2533
f 3172/4367/2534 1655/4368/2535 2881/4364/2531
f 2881/4364/2531 2085/4363/2530 3172/4367/2534
f 1655/4368/2535 3172/4367/2534 2086/4369/2536
f 2086/4369/2536 2883/4370/2537 1655/4368/2535
f 3172/4367/2534 1805/4366/2533 3175/4371/2538
f 3175/4371/2538 2086/4369/2536 3172/4367/2534
f 1806/4372/2539 2882/4373/2540 2086/4369/2536
f 2086/4369/2536 3175/4371/2538 1806/4372/2539
f 2882/4373/2540 1656/4374/2541 2883/4370/2537
f 2883/4370/2537 2086/4369/2536 2882/4373/2540
f 1656/4374/2541 2882/4373/2540 2087/4375/2542
f 2087/4375/2542 2885/4376/2543 1656/4374/2541
f 2882/4373/2540 1806/4372/2539 3177/4377/2544
f 3177/4377/2544 2087/4375/2542 2882/4373/2540
f 1807/4378/2545 3178/4379/2546 2087/4375/2542
f 2087/4375/2542 3177/4377/2544 1807/4378/2545
f 3178/4379/2546 1808/4380/2547 2884/4381/2548
f 2884/4381/2548 2087/4375/2542 3178/4379/2546
f 1657/4382/1523 2885/4376/2543 2087/4375/2542
f 2087/4375/2542 2884/4381/2548 1657/4382/1523
f 1657/2729/1523 2884/4383/2548 2088/4384/2549
f 2088/4384/2549 2887/2727/1521 1657/2729/1523
f 2884/4383/2548 1808/4385/2547 3180/4386/2550
f 3180/4386/2550 2088/4384/2549 2884/4383/2548
f 1809/4387/2551 2886/4388/2552 2088/4384/2549
f 2088/4384/2549 3180/4386/2550 1809/4387/2551
f 2886/4388/2552 1658/2651/1451 2887/2727/1521
f 2887/2727/1521 2088/4384/2549 2886/4388/2552
f 1658/2651/1451 2886/4388/2552 2089/4389/2553
f 2089/4389/2553 2889/2652/1452 1658/2651/1451
f 2886/4388/2552 1809/4387/2551 3182/4390/2554
f 3182/4390/2554 2089/4389/2553 2886/4388/2552
f 1810/4391/2555 3181/4392/2556 2089/4389/2553
f 2089/4389/2553 3182/4390/2554 1810/4391/2555
f 3181/4392/2556 1659/2653/1453 2889/2652/1452
f 2889/2652/1452 2089/4389/2553 3181/4392/2556
f 1659/2653/1453 3181/4392/2556 2090/4393/2557
f 2090/4393/2557 2891/2738/1530 1659/2653/1453
f 3181/4392/2556 1810/4391/2555 3184/4394/2558
f 3184/4394/2558 2090/4393/2557 3181/4392/2556
f 1811/4395/2559 2890/4396/2560 2090/4393/2557
f 2090/4393/2557 3184/4394/2558 1811/4395/2559
f 2890/4396/2560 1660/2668/1468 2891/2738/1530
f 2891/2738/1530 2090/4393/2557 2890/4396/2560
f 1660/2668/1468 2890/4396/2560 2091/4397/2561
f 2091/4397/2561 2893/2669/1469 1660/2668/1468
f 2890/4396/2560 1811/4395/2559 3185/4398/2562
f 3185/4398/2562 2091/4397/2561 2890/4396/2560
f 1799/4399/1905 3160/4400/2563 2091/4401/2561
f 2091/4402/2561 3185/4403/2562 1799/3365/1905
f 3160/4404/2563 1648/2672/1472 2892/2671/1471
f 2892/4405/1471 2091/4401/2561 3160/4400/2563
f 1661/2670/1470 2893/2669/1469 2091/4397/2561
f 2091/4397/2561 2892/2671/1471 1661/2670/1470
f 1337/3330/1870 2804/4125/2407 2092/4406/2564
f 2092/4406/2564 2895/3331/1871 1337/3330/1870
f 2804/4125/2407 1621/4124/2406 2870/4332/2499
f 2870/4332/2499 2092/4406/2564 2804/4125/2407
f 1649/4336/2503 2894/4407/2565 2092/4406/2564
f 2092/4406/2564 2870/4332/2499 1649/4336/2503
f 2894/4407/2565 1662/3060/1743 2895/3331/1871
f 2895/3331/1871 2092/4406/2564 2894/4407/2565
f 1662/3060/1743 2894/4407/2565 2093/4408/2566
f 2093/4408/2566 2897/3061/1744 1662/3060/1743
f 2894/4407/2565 1649/4336/2503 2872/4338/2505
f 2872/4338/2505 2093/4408/2566 2894/4407/2565
f 1650/4342/2509 2871/4409/2567 2093/4408/2566
f 2093/4408/2566 2872/4338/2505 1650/4342/2509
f 2871/4409/2567 1663/3064/1745 2897/3061/1744
f 2897/3061/1744 2093/4408/2566 2871/4409/2567
f 1663/3064/1745 2871/4409/2567 2094/4410/2568
f 2094/4410/2568 2899/3318/1864 1663/3064/1745
f 2871/4409/2567 1650/4342/2509 2873/4344/2511
f 2873/4344/2511 2094/4410/2568 2871/4409/2567
f 1651/4350/2517 2875/4349/2516 2094/4410/2568
f 2094/4410/2568 2873/4344/2511 1651/4350/2517
f 2875/4349/2516 1652/4348/2515 2898/4411/2569
f 2898/4411/2569 2094/4410/2568 2875/4349/2516
f 1664/3319/1865 2899/3318/1864 2094/4410/2568
f 2094/4410/2568 2898/4411/2569 1664/3319/1865
f 1664/3319/1865 2898/4411/2569 2095/4412/2570
f 2095/4412/2570 2901/4413/2571 1664/3319/1865
f 2898/4411/2569 1652/4348/2515 2877/4352/2519
f 2877/4352/2519 2095/4412/2570 2898/4411/2569
f 1653/4356/2523 2900/4414/2572 2095/4412/2570
f 2095/4412/2570 2877/4352/2519 1653/4356/2523
f 2900/4414/2572 1665/3290/1848 2901/4413/2571
f 2901/4413/2571 2095/4412/2570 2900/4414/2572
f 1665/3290/1848 2900/4414/2572 2096/4415/2573
f 2096/4415/2573 2902/3291/1849 1665/3290/1848
f 2900/4414/2572 1653/4356/2523 2879/4358/2525
f 2879/4358/2525 2096/4415/2573 2900/4414/2572
f 1654/4362/2529 2878/4416/2574 2096/4415/2573
f 2096/4415/2573 2879/4358/2525 1654/4362/2529
f 2878/4416/2574 1667/3295/1852 2904/3294/1851
f 2904/3294/1851 2096/4415/2573 2878/4416/2574
f 1666/3293/1850 2902/3291/1849 2096/4415/2573
f 2096/4415/2573 2904/3294/1851 1666/3293/1850
f 1667/3295/1852 2878/4416/2574 2097/4417/2575
f 2097/4417/2575 2906/3301/1855 1667/3295/1852
f 2878/4416/2574 1654/4362/2529 2881/4364/2531
f 2881/4364/2531 2097/4417/2575 2878/4416/2574
f 1655/4368/2535 2880/4418/2576 2097/4417/2575
f 2097/4417/2575 2881/4364/2531 1655/4368/2535
f 2880/4418/2576 1668/3302/1856 2906/3301/1855
f 2906/3301/1855 2097/4417/2575 2880/4418/2576
f 1668/3302/1856 2880/4418/2576 2098/4419/2577
f 2098/4419/2577 2908/3307/1860 1668/3302/1856
f 2880/4418/2576 1655/4368/2535 2883/4370/2537
f 2883/4370/2537 2098/4419/2577 2880/4418/2576
f 1656/4374/2541 2907/4420/2578 2098/4419/2577
f 2098/4419/2577 2883/4370/2537 1656/4374/2541
f 2907/4420/2578 1669/3201/1804 2908/3307/1860
f 2908/3307/1860 2098/4419/2577 2907/4420/2578
f 1669/3201/1804 2907/4420/2578 2099/4421/2579
f 2099/4421/2579 2909/3194/1801 1669/3201/1804
f 2907/4420/2578 1656/4374/2541 2885/4376/2543
f 2885/4376/2543 2099/4421/2579 2907/4420/2578
f 1657/4382/1523 2385/4422/1522 2099/4421/2579
f 2099/4421/2579 2885/4376/2543 1657/4382/1523
f 2385/4422/1522 1381/3191/1519 2909/3194/1801
f 2909/3194/1801 2099/4421/2579 2385/4422/1522
f 1367/4330/1474 2867/4423/1473 2100/4424/2580
f 2100/4424/2580 2911/4324/2497 1367/4330/1474
f 2867/4423/1473 1648/4425/1472 2868/4426/2581
f 2868/4426/2581 2100/4424/2580 2867/4423/1473
f 1647/4427/2582 2910/4428/2583 2100/4424/2580
f 2100/4424/2580 2868/4426/2581 1647/4427/2582
f 2910/4428/2583 1670/4322/2495 2911/4324/2497
f 2911/4324/2497 2100/4424/2580 2910/4428/2583
f 1670/4322/2495 2910/4428/2583 2101/4429/2584
f 2101/4429/2584 2913/4318/2493 1670/4322/2495
f 2910/4428/2583 1647/4427/2582 2866/4430/2585
f 2866/4430/2585 2101/4429/2584 2910/4428/2583
f 1646/4431/2586 2912/4432/2587 2101/4429/2584
f 2101/4429/2584 2866/4430/2585 1646/4431/2586
f 2912/4432/2587 1671/4316/2491 2913/4318/2493
f 2913/4318/2493 2101/4429/2584 2912/4432/2587
f 1671/4316/2491 2912/4432/2587 2102/4433/2588
f 2102/4433/2588 2914/4312/2489 1671/4316/2491
f 2912/4432/2587 1646/4431/2586 2864/4434/2589
f 2864/4434/2589 2102/4433/2588 2912/4432/2587
f 1645/4435/2590 2915/4436/2591 2102/4433/2588
f 2102/4433/2588 2864/4434/2589 1645/4435/2590
f 2915/4436/2591 1673/4308/2485 2916/4310/2487
f 2916/4310/2487 2102/4433/2588 2915/4436/2591
f 1672/4309/2486 2914/4312/2489 2102/4433/2588
f 2102/4433/2588 2916/4310/2487 1672/4309/2486
f 1673/4308/2485 2915/4436/2591 2103/4437/2592
f 2103/4437/2592 2918/4304/2483 1673/4308/2485
f 2915/4436/2591 1645/4435/2590 2862/4438/2593
f 2862/4438/2593 2103/4437/2592 2915/4436/2591
f 1644/4439/2594 2859/4440/2595 2103/4437/2592
f 2103/4437/2592 2862/4438/2593 1644/4439/2594
f 2859/4440/2595 1674/4302/2481 2918/4304/2483
f 2918/4304/2483 2103/4437/2592 2859/4440/2595
f 1674/4302/2481 2859/4440/2595 2104/4441/2596
f 2104/4441/2596 2920/4294/2479 1674/4302/2481
f 2859/4440/2595 1644/4439/2594 2860/4442/2597
f 2860/4442/2597 2104/4441/2596 2859/4440/2595
f 1643/4443/2598 2919/4444/2599 2104/4441/2596
f 2104/4441/2596 2860/4442/2597 1643/4443/2598
f 2919/4444/2599 1675/4291/2476 2920/4294/2479
f 2920/4294/2479 2104/4441/2596 2919/4444/2599
f 1675/4291/2476 2919/4444/2599 2105/4445/2600
f 2105/4445/2600 2922/4446/2601 1675/4291/2476
f 2919/4444/2599 1643/4443/2598 2858/4447/2602
f 2858/4447/2602 2105/4445/2600 2919/4444/2599
f 1642/4448/2603 2921/4449/2604 2105/4445/2600
f 2105/4445/2600 2858/4447/2602 1642/4448/2603
f 2921/4449/2604 1676/4285/2473 2922/4446/2601
f 2922/4446/2601 2105/4445/2600 2921/4449/2604
f 1676/4285/2473 2921/4449/2604 2106/4450/2605
f 2106/4450/2605 2924/4276/2471 1676/4285/2473
f 2921/4449/2604 1642/4448/2603 2856/4451/2606
f 2856/4451/2606 2106/4450/2605 2921/4449/2604
f 1641/4452/2607 2853/4453/2608 2106/4450/2605
f 2106/4450/2605 2856/4451/2606 1641/4452/2607
f 2853/4453/2608 1677/4273/2469 2924/4276/2471
f 2924/4276/2471 2106/4450/2605 2853/4453/2608
f 1677/4273/2469 2853/4453/2608 2107/4454/2609
f 2107/4454/2609 2926/4266/2467 1677/4273/2469
f 2853/4453/2608 1641/4452/2607 2854/4455/2610
f 2854/4455/2610 2107/4454/2609 2853/4453/2608
f 1640/4456/2611 2925/4457/2612 2107/4454/2609
f 2107/4454/2609 2854/4455/2610 1640/4456/2611
f 2925/4457/2612 1678/4264/2465 2926/4266/2467
f 2926/4266/2467 2107/4454/2609 2925/4457/2612
f 1678/4264/2465 2925/4457/2612 2108/4458/2613
f 2108/4458/2613 2927/4255/2463 1678/4264/2465
f 2925/4457/2612 1640/4456/2611 2852/4459/2614
f 2852/4459/2614 2108/4458/2613 2925/4457/2612
f 1344/4166/1439 2486/4237/2457 2108/4458/2613
f 2108/4458/2613 2852/4459/2614 1344/4166/1439
f 2486/4237/2457 1637/2534/1347 2927/4255/2463
f 2927/4255/2463 2108/4458/2613 2486/4237/2457
f 1679/3969/2280 2928/4460/2615 2109/4461/2616
f 2109/4461/2616 2930/3970/2281 1679/3969/2280
f 2928/4460/2615 1506/4462/1980 2568/4463/1983
f 2568/4463/1983 2109/4461/2616 2928/4460/2615
f 1505/4464/1990 2638/4465/2154 2109/4466/2616
f 2109/4461/2616 2568/4463/1983 1505/4467/1990
f 2638/3737/2154 1508/3736/2153 2929/4468/2617
f 2929/4468/2617 2109/4469/2616 2638/3737/2154
f 1680/3971/2282 2930/3970/2281 2109/4461/2616
f 2109/4461/2616 2929/4470/2617 1680/3971/2282
f 1778/3635/2089 3192/3632/2086 2110/4471/2618
f 2110/4471/2618 3120/4472/2619 1778/3635/2089
f 3192/3632/2086 1815/3631/2085 3195/4473/2620
f 3195/4473/2620 2110/4471/2618 3192/3632/2086
f 1816/3973/2284 3194/3972/2283 2110/4471/2618
f 2110/4471/2618 3195/4473/2620 1816/3973/2284
f 3194/3972/2283 1680/3971/2282 2931/4474/2621
f 2931/4474/2621 2110/4471/2618 3194/3972/2283
f 1681/4475/2622 2933/4476/2623 2110/4471/2618
f 2110/4471/2618 2931/4474/2621 1681/4475/2622
f 2933/4476/2623 1777/4477/2624 3120/4472/2619
f 3120/4472/2619 2110/4471/2618 2933/4476/2623
f 1681/4475/2622 2931/4474/2621 2111/4478/2625
f 2111/4478/2625 2933/4476/2623 1681/4475/2622
f 2931/4474/2621 1680/3971/2282 2929/4470/2617
f 2929/4470/2617 2111/4478/2625 2931/4474/2621
f 1508/3741/2153 2570/3740/2156 2111/4479/2625
f 2111/4479/2625 2929/4480/2617 1508/3741/2153
f 2570/4481/2156 1507/4482/1971 2573/4483/1974
f 2573/4484/1974 2111/4485/2625 2570/4486/2156
f 1497/3468/1979 3115/3731/2148 2111/4487/2625
f 2111/4487/2625 2573/3458/1974 1497/3468/1979
f 3115/4488/2148 1776/4489/2147 3118/4490/2626
f 3118/4491/2626 2111/4487/2625 3115/3731/2148
f 1777/4477/2624 2933/4476/2623 2111/4478/2625
f 2111/4478/2625 3118/4490/2626 1777/4477/2624
f 1682/3446/1962 2932/4492/2627 2112/4493/2628
f 2112/4493/2628 2935/3447/1963 1682/3446/1962
f 2932/4494/2627 1499/4495/2629 2564/4496/2630
f 2564/4497/2630 2112/4493/2628 2932/4492/2627
f 1500/4498/2631 2565/4499/2632 2112/4493/2628
f 2112/4493/2628 2564/4497/2630 1500/4498/2631
f 2565/4500/2632 1501/4501/2633 2634/4502/2634
f 2634/4502/2634 2112/4503/2628 2565/4500/2632
f 1771/4504/2635 3108/4505/2636 2112/4493/2628
f 2112/4493/2628 2634/4506/2634 1771/4504/2635
f 3108/4505/2636 1772/3448/1964 2935/3447/1963
f 2935/3447/1963 2112/4493/2628 3108/4505/2636
f 1771/4504/2635 2634/4506/2634 2113/4507/2637
f 2113/4507/2637 3106/4508/2638 1771/4504/2635
f 2634/4509/2634 1501/4510/2633 2637/4511/2639
f 2637/4511/2639 2113/4512/2637 2634/4509/2634
f 1498/4513/2640 3106/4514/2638 2113/4515/2637
f 2113/4512/2637 2637/4511/2639 1498/4516/2640
f 1719/4517/2641 2994/4518/2642 2114/4519/2643
f 2114/4519/2643 2995/4520/2644 1719/4517/2641
f 2994/4518/2642 1695/3803/2184 2955/3800/2183
f 2955/3800/2183 2114/4519/2643 2994/4518/2642
f 1518/3802/2027 2993/4521/2026 2114/4522/2643
f 2114/4522/2643 2955/4523/2183 1518/3802/2027
f 2993/3530/2026 1718/3529/2025 2995/4520/2644
f 2995/4520/2644 2114/4519/2643 2993/3530/2026
f 1726/4524/2645 2939/4525/2646 2115/4526/2647
f 2115/4526/2647 3008/4527/2648 1726/4524/2645
f 2938/4528/2649 2115/4526/2647 2939/4525/2646
f 1684/3449/1965 2636/4529/2650 2115/4526/2647
f 2115/4526/2647 2938/4528/2649 1684/3449/1965
f 2636/4529/2650 1503/4530/2651 2945/4531/2652
f 2945/4531/2652 2115/4526/2647 2636/4529/2650
f 1690/4532/2653 2941/4533/2654 2115/4526/2647
f 2115/4526/2647 2945/4531/2652 1690/4532/2653
f 2941/4533/2654 1687/4534/2655 2643/4535/2656
f 2643/4535/2656 2115/4526/2647 2941/4533/2654
f 1502/3480/1986 3008/4527/2648 2115/4526/2647
f 2115/4526/2647 2643/4535/2656 1502/3480/1986
f 1692/4536/2152 2639/4537/2151 2116/4538/2657
f 2116/4538/2657 2949/4539/2658 1692/4536/2152
f 2639/3734/2151 1509/3465/1977 2641/3467/1976
f 2641/4540/1976 2116/4538/2657 2639/4537/2151
f 1510/4541/1975 2575/4542/2157 2116/4538/2657
f 2116/4538/2657 2641/4540/1976 1510/4541/1975
f 2575/4542/2157 1511/4543/1988 2576/4544/1987
f 2576/4544/1987 2116/4538/2657 2575/4542/2157
f 1502/4545/1986 2643/4546/2656 2116/4547/2657
f 2116/4548/2657 2576/4549/1987 1502/4550/1986
f 2643/4551/2656 1687/4552/2655 2942/4553/2659
f 2942/4554/2659 2116/4555/2657 2643/4556/2656
f 1688/4557/2660 2944/4558/2661 2116/4538/2657
f 2116/4538/2657 2942/4553/2659 1688/4557/2660
f 2944/4558/2661 1691/4559/2662 2949/4539/2658
f 2949/4539/2658 2116/4538/2657 2944/4558/2661
f 1688/4557/2660 2942/4553/2659 2117/4560/2663
f 2117/4560/2663 2944/4558/2661 1688/4557/2660
f 2942/4553/2659 1687/4552/2655 2941/4561/2654
f 2941/4561/2654 2117/4560/2663 2942/4553/2659
f 1690/4562/2653 2947/4563/2664 2117/4560/2663
f 2117/4560/2663 2941/4561/2654 1690/4562/2653
f 2947/4563/2664 1691/4559/2662 2944/4558/2661
f 2944/4558/2661 2117/4560/2663 2947/4563/2664
f 1690/4562/2653 2945/4564/2652 2118/4565/2665
f 2118/4565/2665 2947/4563/2664 1690/4562/2653
f 2945/4564/2652 1503/4566/2651 2635/4567/2666
f 2635/4567/2666 2118/4565/2665 2945/4564/2652
f 1504/4568/2667 2943/4569/2668 2118/4570/2665
f 2118/4565/2665 2635/4567/2666 1504/4571/2667
f 2943/4572/2668 1689/4573/2669 2946/4574/2670
f 2946/4574/2670 2118/4565/2665 2943/4572/2668
f 1691/4559/2662 2947/4563/2664 2118/4565/2665
f 2118/4565/2665 2946/4574/2670 1691/4559/2662
f 1691/4559/2662 2946/4574/2670 2119/4575/2671
f 2119/4575/2671 2949/4539/2658 1691/4559/2662
f 2946/4574/2670 1689/4573/2669 2566/4576/2672
f 2566/4576/2672 2119/4575/2671 2946/4574/2670
f 1498/4516/2640 2948/4577/2673 2119/4578/2671
f 2119/4575/2671 2566/4576/2672 1498/4579/2640
f 2948/4580/2673 1692/4536/2152 2949/4539/2658
f 2949/4539/2658 2119/4575/2671 2948/4580/2673
f 1494/3699/1934 2627/4581/2118 2120/4582/2674
f 2120/4582/2674 2951/3700/2123 1494/3699/1934
f 2627/4581/2118 1495/4583/1944 2952/4584/2675
f 2952/4584/2675 2120/4582/2674 2627/4581/2118
f 1483/3664/2111 2631/3781/2176 2120/4582/2674
f 2120/4582/2674 2952/4584/2675 1483/3664/2111
f 2631/3781/2176 1693/3701/2124 2951/3700/2123
f 2951/3700/2123 2120/4582/2674 2631/3781/2176
f 1495/4583/1944 2629/4585/1943 2121/4586/2676
f 2121/4586/2676 2952/4584/2675 1495/4583/1944
f 2629/4585/1943 1496/4587/1942 2630/4588/2121
f 2630/4588/2121 2121/4586/2676 2629/4585/1943
f 1484/4589/2104 2621/3665/2107 2121/4586/2676
f 2121/4586/2676 2630/4588/2121 1484/4589/2104
f 2621/3665/2107 1483/3664/2111 2952/4584/2675
f 2952/4584/2675 2121/4586/2676 2621/3665/2107
f 1784/4590/2169 2648/4591/2168 2122/4592/2677
f 2122/4592/2677 3131/4593/2678 1784/4590/2169
f 2648/4591/2168 1516/3496/2002 2646/3495/1999
f 2646/3495/1999 2122/4592/2677 2648/4591/2168
f 1523/4594/1998 2969/4595/2679 2122/4592/2677
f 2122/4592/2677 2646/3495/1999 1523/4594/1998
f 2969/4595/2679 1783/4596/2680 3131/4593/2678
f 3131/4593/2678 2122/4592/2677 2969/4595/2679
f 1750/4597/2681 2972/4598/2682 2123/4599/2683
f 2123/4599/2683 3064/4600/2684 1750/4597/2681
f 2972/4598/2682 1705/4601/2685 2974/4602/2686
f 2974/4602/2686 2123/4599/2683 2972/4598/2682
f 1706/4603/2687 3061/4604/2688 2123/4599/2683
f 2123/4599/2683 2974/4602/2686 1706/4603/2687
f 3061/4604/2688 1749/4605/2689 3064/4600/2684
f 3064/4600/2684 2123/4599/2683 3061/4604/2688
f 1768/3839/2208 2377/3838/2207 2124/4606/2690
f 2124/4606/2690 3100/4607/2691 1768/3839/2208
f 2377/3838/2207 1327/2455/1296 2301/2454/1295
f 2301/2454/1295 2124/4606/2690 2377/3838/2207
f 1326/2453/1294 2577/4608/2692 2124/4606/2690
f 2124/4606/2690 2301/2454/1295 1326/2453/1294
f 2577/4608/2692 1699/3488/1995 3097/3485/1992
f 3097/3485/1992 2124/4606/2690 2577/4608/2692
f 1767/3484/1991 3100/4607/2691 2124/4606/2690
f 2124/4606/2690 3097/3485/1992 1767/3484/1991
f 1699/3488/1995 2577/4608/2692 2125/4609/2693
f 2125/4609/2693 2964/3501/2004 1699/3488/1995
f 2577/4608/2692 1326/2453/1294 2305/2465/1304
f 2305/2465/1304 2125/4609/2693 2577/4608/2692
f 1330/4610/1303 2578/4611/2694 2125/4612/2693
f 2125/4613/2693 2305/4614/1304 1330/4615/1303
f 2578/4616/2694 1700/4617/2005 2964/4618/2004
f 2964/3505/2004 2125/4612/2693 2578/4611/2694
f 1523/4594/1998 2579/4619/2001 2126/4620/2695
f 2126/4620/2695 2969/4595/2679 1523/4594/1998
f 2579/3494/2001 1522/4621/2007 2650/4622/2696
f 2650/4623/2696 2126/4624/2695 2579/4625/2001
f 1782/4626/2697 3129/4627/2698 2126/4620/2695
f 2126/4620/2695 2650/4628/2696 1782/4626/2697
f 3129/4627/2698 1783/4596/2680 2969/4595/2679
f 2969/4595/2679 2126/4620/2695 3129/4627/2698
f 1703/3776/2173 2968/4629/2699 2127/4630/2700
f 2127/4630/2700 2971/3768/2171 1703/3776/2173
f 2968/4629/2699 1694/4631/2701 2953/4632/2702
f 2953/4632/2702 2127/4630/2700 2968/4629/2699
f 1517/4633/2023 2651/4634/2022 2127/4635/2700
f 2127/4630/2700 2953/4632/2702 1517/4636/2023
f 2651/4637/2022 1704/3769/2021 2971/3768/2171
f 2971/3768/2171 2127/4630/2700 2651/4637/2022
f 1705/4601/2685 2657/4638/2703 2128/4639/2704
f 2128/4639/2704 2974/4602/2686 1705/4601/2685
f 2657/4638/2703 1538/4640/2072 2596/4641/2075
f 2596/4641/2075 2128/4639/2704 2657/4638/2703
f 1539/4642/2080 2660/4643/2194 2128/4639/2704
f 2128/4639/2704 2596/4641/2075 1539/4642/2080
f 2660/4643/2194 1541/4644/2193 2973/4645/2705
f 2973/4645/2705 2128/4639/2704 2660/4643/2194
f 1706/4603/2687 2974/4602/2686 2128/4639/2704
f 2128/4639/2704 2973/4645/2705 1706/4603/2687
f 1708/3554/2040 2589/3553/2039 2129/4646/2706
f 2129/4646/2706 2977/4647/2707 1708/3554/2040
f 2589/3553/2039 1298/2294/1175 3059/3640/2094
f 3059/3640/2094 2129/4646/2706 2589/3553/2039
f 1748/3639/2093 3062/4648/2708 2129/4646/2706
f 2129/4646/2706 3059/3640/2094 1748/3639/2093
f 3062/4648/2708 1752/4649/2709 3069/4650/2710
f 3069/4650/2710 2129/4646/2706 3062/4648/2708
f 1707/4651/2711 2977/4647/2707 2129/4646/2706
f 2129/4646/2706 3069/4650/2710 1707/4651/2711
f 1707/4651/2711 2975/4652/2712 2130/4653/2713
f 2130/4653/2713 2977/4647/2707 1707/4651/2711
f 2975/4652/2712 1706/4603/2687 2973/4645/2705
f 2973/4645/2705 2130/4653/2713 2975/4652/2712
f 1541/4654/2193 2662/4655/2196 2130/4656/2713
f 2130/4653/2713 2973/4645/2705 1541/4644/2193
f 2662/3826/2196 1540/3825/2063 2604/4657/2066
f 2604/4658/2066 2130/4656/2713 2662/4655/2196
f 1529/3605/2071 2661/3871/2234 2130/4659/2713
f 2130/4659/2713 2604/3600/2066 1529/3605/2071
f 2661/4660/2234 1528/4661/2233 2976/4662/2714
f 2976/4662/2714 2130/4653/2713 2661/4660/2234
f 1708/3554/2040 2977/4647/2707 2130/4653/2713
f 2130/4653/2713 2976/4662/2714 1708/3554/2040
f 1709/3549/2035 2978/3552/2038 2131/4663/2715
f 2131/4663/2715 2979/3550/2036 1709/3549/2035
f 2978/3552/2038 1708/3554/2040 2976/4662/2714
f 2976/4662/2714 2131/4663/2715 2978/3552/2038
f 1528/4661/2233 2590/4664/2232 2131/4663/2715
f 2131/4663/2715 2976/4662/2714 1528/4661/2233
f 2590/3869/2232 1530/3868/2231 2653/3867/2230
f 2653/3867/2230 2131/4665/2715 2590/3869/2232
f 1527/3594/2060 2601/3593/2057 2131/4665/2715
f 2131/4665/2715 2653/3867/2230 1527/3594/2060
f 2601/4666/2057 1533/3582/2056 2591/3581/2055
f 2591/3581/2055 2131/4667/2715 2601/4666/2057
f 1532/3572/2050 2592/3564/2049 2131/4663/2715
f 2131/4667/2715 2591/3581/2055 1532/4668/2050
f 2592/3564/2049 1297/2402/1256 2979/3550/2036
f 2979/3550/2036 2131/4663/2715 2592/3564/2049
f 1297/2390/1256 2594/4669/2048 2132/4670/2716
f 2132/4670/2716 2980/2391/1257 1297/2390/1256
f 2594/4671/2048 1537/4672/2047 2654/4673/2717
f 2654/4673/2717 2132/4674/2716 2594/4671/2048
f 1535/4675/2718 2655/4676/2719 2132/4674/2716
f 2132/4674/2716 2654/4673/2717 1535/4675/2718
f 2655/4676/2719 1711/2394/1260 2982/2395/1259
f 2982/2395/1259 2132/4674/2716 2655/4676/2719
f 1710/4677/1258 2980/4678/1257 2132/4679/2716
f 2132/4670/2716 2982/2393/1259 1710/2392/1258
f 1705/4601/2685 2972/4598/2682 2133/4680/2720
f 2133/4680/2720 2996/4681/2721 1705/4601/2685
f 2972/4598/2682 1750/4597/2681 3063/4682/2722
f 3063/4682/2722 2133/4680/2720 2972/4598/2682
f 1765/4683/2723 3093/4684/2724 2133/4680/2720
f 2133/4680/2720 3063/4682/2722 1765/4683/2723
f 3093/4684/2724 1759/4685/2725 3081/4686/2726
f 3081/4686/2726 2133/4680/2720 3093/4684/2724
f 1744/4687/2727 3053/4688/2728 2133/4680/2720
f 2133/4680/2720 3081/4686/2726 1744/4687/2727
f 3053/4688/2728 1745/4689/2729 3052/4690/2645
f 3052/4690/2645 2133/4680/2720 3053/4688/2728
f 1720/4691/2730 2996/4681/2721 2133/4680/2720
f 2133/4680/2720 3052/4690/2645 1720/4691/2730
f 1721/3844/2212 2998/3843/2210 2134/4692/2731
f 2134/4692/2731 2999/4693/2732 1721/3844/2212
f 2998/3841/2210 1550/3613/2076 2675/3612/2073
f 2675/4694/2073 2134/4692/2731 2998/3843/2210
f 1538/4695/2072 2657/4638/2703 2134/4692/2731
f 2134/4696/2731 2675/4697/2073 1538/4698/2072
f 2657/4638/2703 1705/4601/2685 2996/4681/2721
f 2996/4681/2721 2134/4692/2731 2657/4638/2703
f 1720/4691/2730 2999/4693/2732 2134/4692/2731
f 2134/4692/2731 2996/4681/2721 1720/4691/2730
f 1536/3559/2045 2656/3556/2042 2135/4699/2733
f 2135/4699/2733 2989/4700/2734 1536/3559/2045
f 2656/3556/2042 1531/3555/2041 2666/3574/2052
f 2666/3574/2052 2135/4699/2733 2656/3556/2042
f 1544/3573/2051 2599/3880/2242 2135/4699/2733
f 2135/4699/2733 2666/3574/2052 1544/3573/2051
f 2599/3880/2242 1545/4701/2239 2665/4702/2238
f 2665/4702/2238 2135/4699/2733 2599/3880/2242
f 1546/4703/2226 2990/4704/2735 2135/4699/2733
f 2135/4699/2733 2665/4702/2238 1546/4703/2226
f 2990/4704/2735 1716/4705/2736 2989/4700/2734
f 2989/4700/2734 2135/4699/2733 2990/4704/2735
f 1717/4706/2737 2659/4707/2738 2136/4708/2739
f 2136/4708/2739 2992/4709/2740 1717/4706/2737
f 2659/4710/2738 1535/4675/2718 2654/4673/2717
f 2654/4711/2717 2136/4708/2739 2659/4707/2738
f 1537/3561/2047 2593/3560/2046 2136/4708/2739
f 2136/4708/2739 2654/4711/2717 1537/3561/2047
f 2593/3560/2046 1536/3559/2045 2989/4700/2734
f 2989/4700/2734 2136/4708/2739 2593/3560/2046
f 1716/4705/2736 2992/4709/2740 2136/4708/2739
f 2136/4708/2739 2989/4700/2734 1716/4705/2736
f 1546/4703/2226 2664/4712/2225 2137/4713/2741
f 2137/4713/2741 2990/4704/2735 1546/4703/2226
f 2664/4714/2225 1543/4715/2222 2606/4716/2221
f 2606/4717/2221 2137/4713/2741 2664/4712/2225
f 1542/4718/2218 2663/3851/2217 2137/4719/2741
f 2137/4713/2741 2606/4717/2221 1542/4720/2218
f 2663/4721/2217 1534/4722/2216 2986/4723/2742
f 2986/4723/2742 2137/4713/2741 2663/4721/2217
f 1714/4724/2743 2987/4725/2744 2137/4713/2741
f 2137/4713/2741 2986/4723/2742 1714/4724/2743
f 2988/4726/2745 2137/4713/2741 2987/4725/2744
f 1716/4705/2736 2990/4704/2735 2137/4713/2741
f 2137/4727/2741 2988/4728/2745 1716/4729/2736
f 1716/4705/2736 2988/4726/2745 2138/4730/2746
f 2138/4730/2746 2992/4709/2740 1716/4705/2736
f 2988/4731/2747 1715/4732/2748 2987/4733/2749
f 2987/4725/2744 2138/4730/2746 2988/4726/2745
f 1714/4724/2743 2991/4734/2750 2138/4730/2746
f 2138/4730/2746 2987/4725/2744 1714/4724/2743
f 2991/4734/2750 1717/4706/2737 2992/4709/2740
f 2992/4709/2740 2138/4730/2746 2991/4734/2750
f 1517/3525/2023 2953/4735/2702 2139/4736/2751
f 2139/4736/2751 3011/4737/2752 1517/3525/2023
f 2953/4632/2702 1694/4631/2701 3127/4738/2753
f 3127/4739/2753 2139/4736/2751 2953/4735/2702
f 1782/4740/2697 2650/4741/2696 2139/4736/2751
f 2139/4736/2751 3127/4739/2753 1782/4740/2697
f 2650/4741/2696 1522/4742/2007 2963/3503/2006
f 2963/3503/2006 2139/4736/2751 2650/4741/2696
f 1700/3502/2005 2965/4743/2754 2139/4736/2751
f 2139/4736/2751 2963/3503/2006 1700/3502/2005
f 2965/4743/2754 1701/4744/2755 2966/4745/2756
f 2966/4745/2756 2139/4736/2751 2965/4743/2754
f 1727/4746/2757 3011/4737/2752 2139/4736/2751
f 2139/4736/2751 2966/4745/2756 1727/4746/2757
f 1329/2458/1299 2372/2700/1497 2140/4747/2758
f 2140/4747/2758 3022/4748/2759 1329/2458/1299
f 2372/2700/1497 1376/2699/1496 2936/3450/1966
f 2936/3450/1966 2140/4747/2758 2372/2700/1497
f 1684/3449/1965 2938/4528/2649 2140/4747/2758
f 2140/4747/2758 2936/3450/1966 1684/3449/1965
f 2938/4749/2649 1685/4750/2760 2939/4751/2760
f 2939/4525/2646 2140/4747/2758 2938/4528/2649
f 1726/4524/2645 3010/4752/2761 2140/4747/2758
f 2140/4747/2758 2939/4525/2646 1726/4524/2645
f 3010/4752/2761 1732/4753/2729 3022/4748/2759
f 3022/4748/2759 2140/4747/2758 3010/4752/2761
f 1729/4754/2113 2984/4755/2762 2141/4756/2763
f 2141/4756/2763 3014/4757/2764 1729/4754/2113
f 2983/4758/2765 2141/4756/2763 2984/4755/2762
f 1711/2394/1260 2655/4676/2719 2141/4756/2763
f 2141/4756/2763 2983/4758/2765 1711/2394/1260
f 2655/4676/2719 1535/4675/2718 2659/4710/2738
f 2659/4710/2738 2141/4756/2763 2655/4676/2719
f 1717/4759/2737 2991/4760/2750 2141/4756/2763
f 2141/4756/2763 2659/4710/2738 1717/4759/2737
f 2991/4734/2750 1714/4724/2743 2986/4723/2742
f 2986/4761/2742 2141/4756/2763 2991/4760/2750
f 1534/4762/2216 3014/4757/2764 2141/4756/2763
f 2141/4763/2763 2986/4723/2742 1534/4722/2216
f 1722/3474/1984 2642/3473/1981 2142/4764/2766
f 2142/4764/2766 3002/4765/2767 1722/3474/1984
f 2642/3473/1981 1506/4766/1980 2928/4460/2615
f 2928/4460/2615 2142/4764/2766 2642/3473/1981
f 1679/3969/2280 3001/4767/2768 2142/4764/2766
f 2142/4764/2766 2928/4460/2615 1679/3969/2280
f 3001/4767/2768 1723/4768/2769 3002/4765/2767
f 3002/4765/2767 2142/4764/2766 3001/4767/2768
f 1723/4768/2769 3001/4767/2768 2143/4769/2770
f 2143/4769/2770 3004/4770/2113 1723/4768/2769
f 3001/4767/2768 1679/3969/2280 3196/3966/2277
f 3196/3966/2277 2143/4769/2770 3001/4767/2768
f 1817/3965/2276 3190/4771/2771 2143/4769/2770
f 2143/4769/2770 3196/3966/2277 1817/3965/2276
f 3190/4771/2771 1814/4772/2772 2714/4773/2773
f 2714/4773/2773 2143/4769/2770 3190/4771/2771
f 1568/3710/2132 3003/4774/2774 2143/4769/2770
f 2143/4769/2770 2714/4773/2773 1568/3710/2132
f 3003/4774/2774 1724/4775/2113 3004/4770/2113
f 3004/4770/2113 2143/4769/2770 3003/4774/2774
f 1724/4775/2113 3003/4774/2774 2144/4776/2775
f 2144/4776/2775 3006/4777/2776 1724/4775/2113
f 3003/4774/2774 1568/3710/2132 2567/3709/2131
f 2567/3709/2131 2144/4776/2775 3003/4774/2774
f 1488/4778/2130 2686/4779/2243 2144/4776/2775
f 2144/4776/2775 2567/3709/2131 1488/4778/2130
f 2686/3884/2243 1556/3438/1954 3005/3437/1953
f 3005/4780/1953 2144/4776/2775 2686/4779/2243
f 1725/4781/1952 3006/4777/2776 2144/4776/2775
f 2144/4776/2775 3005/4780/1953 1725/4781/1952
f 1502/3480/1986 3000/3475/1985 2145/4782/2777
f 2145/4782/2777 3008/4527/2648 1502/3480/1986
f 3000/3475/1985 1722/3474/1984 3002/4765/2767
f 3002/4765/2767 2145/4782/2777 3000/3475/1985
f 1723/4768/2769 2940/4783/2778 2145/4782/2777
f 2145/4782/2777 3002/4765/2767 1723/4768/2769
f 2940/4784/2761 1686/4785/2761 3007/4786/2756
f 3007/4787/2779 2145/4782/2777 2940/4783/2778
f 1726/4524/2645 3008/4527/2648 2145/4782/2777
f 2145/4782/2777 3007/4787/2779 1726/4524/2645
f 1730/3791/2180 2728/3790/2180 2146/4788/2780
f 2146/4788/2780 3018/4789/2180 1730/3791/2180
f 2727/3786/2177 2146/4788/2780 2728/3790/2180
f 1575/2321/1198 2261/3981/2291 2146/4788/2780
f 2146/4788/2780 2727/3786/2177 1575/2321/1198
f 2261/3981/2291 1306/2345/1213 2270/2348/1216
f 2270/2348/1216 2146/4788/2780 2261/3981/2291
f 1311/2353/1221 3019/4790/2781 2146/4788/2780
f 2146/4788/2780 2270/2348/1216 1311/2353/1221
f 3019/4790/2781 1731/4791/2761 3018/4789/2180
f 3018/4789/2180 2146/4788/2780 3019/4790/2781
f 1727/4746/2757 3009/4792/2180 2147/4793/2782
f 2147/4793/2782 3011/4737/2752 1727/4746/2757
f 3009/4792/2180 1702/4794/2783 2967/4795/2180
f 2967/4795/2180 2147/4793/2782 3009/4792/2180
f 1719/4517/2641 2995/4520/2644 2147/4793/2782
f 2147/4793/2782 2967/4795/2180 1719/4517/2641
f 2995/4520/2644 1718/3529/2025 2652/3526/2024
f 2652/3526/2024 2147/4793/2782 2995/4520/2644
f 1517/3525/2023 3011/4737/2752 2147/4793/2782
f 2147/4793/2782 2652/3526/2024 1517/3525/2023
f 1534/4762/2216 2658/4796/2215 2148/4797/2784
f 2148/4797/2784 3014/4757/2764 1534/4762/2216
f 2658/3848/2215 1728/3847/2214 3012/3846/2213
f 3012/3845/2213 2148/4797/2784 2658/4796/2215
f 1721/3844/2212 2999/4693/2732 2148/4797/2784
f 2148/4797/2784 3012/3845/2213 1721/3844/2212
f 2999/4693/2732 1720/4691/2730 2985/4798/2762
f 2985/4798/2762 2148/4797/2784 2999/4693/2732
f 1713/4799/2113 3013/4800/2180 2148/4797/2784
f 2148/4797/2784 2985/4798/2762 1713/4799/2113
f 3013/4800/2180 1729/4754/2113 3014/4757/2764
f 3014/4757/2764 2148/4797/2784 3013/4800/2180
f 1726/4524/2645 3007/4787/2779 2149/4801/2236
f 2149/4801/2236 3056/4802/2729 1726/4524/2645
f 2940/4783/2778 2149/4801/2236 3007/4787/2779
f 1723/4768/2769 3004/4770/2113 2149/4801/2236
f 2149/4801/2236 2940/4783/2778 1723/4768/2769
f 3004/4770/2113 1724/4775/2113 2729/4803/2236
f 2729/4803/2236 2149/4801/2236 3004/4770/2113
f 1577/4804/2785 3015/4805/2116 2149/4801/2236
f 2149/4801/2236 2729/4803/2236 1577/4804/2785
f 3015/4805/2116 1730/3791/2180 3018/4789/2180
f 3018/4789/2180 2149/4801/2236 3015/4805/2116
f 1731/4791/2761 3021/4806/2236 2149/4801/2236
f 2149/4801/2236 3018/4789/2180 1731/4791/2761
f 3021/4806/2236 1746/4807/2729 3056/4802/2729
f 3056/4802/2729 2149/4801/2236 3021/4806/2236
f 1730/3791/2180 3015/4805/2116 2150/4808/2786
f 2150/4808/2786 3017/3780/2175 1730/3791/2180
f 3015/4805/2116 1577/4804/2785 2729/4803/2236
f 2729/4803/2236 2150/4808/2786 3015/4805/2116
f 1724/4775/2113 3006/4777/2776 2150/4808/2786
f 2150/4808/2786 2729/4803/2236 1724/4775/2113
f 3006/4777/2776 1725/4781/1952 2633/4809/1951
f 2633/4809/1951 2150/4808/2786 3006/4777/2776
f 1485/3777/1950 3017/3780/2175 2150/4808/2786
f 2150/4808/2786 2633/4809/1951 1485/3777/1950
f 1311/2353/1221 2279/2370/1236 2151/4810/2787
f 2151/4810/2787 3019/4790/2781 1311/2353/1221
f 2279/2370/1236 1316/2374/1240 2981/2388/1254
f 2981/2388/1254 2151/4810/2787 2279/2370/1236
f 1711/2394/1260 2983/4758/2765 2151/4810/2787
f 2151/4810/2787 2981/2388/1254 1711/2394/1260
f 2983/4811/2788 1712/4812/2789 2984/4813/2789
f 2984/4755/2762 2151/4810/2787 2983/4758/2765
f 1729/4754/2113 3016/4814/2113 2151/4810/2787
f 2151/4810/2787 2984/4755/2762 1729/4754/2113
f 3016/4814/2113 1731/4791/2761 3019/4790/2781
f 3019/4790/2781 2151/4810/2787 3016/4814/2113
f 1731/4791/2761 3016/4814/2113 2152/4815/2180
f 2152/4815/2180 3021/4806/2236 1731/4791/2761
f 3016/4814/2113 1729/4754/2113 3013/4800/2180
f 3013/4800/2180 2152/4815/2180 3016/4814/2113
f 1713/4799/2113 2985/4798/2762 2152/4815/2180
f 2152/4815/2180 3013/4800/2180 1713/4799/2113
f 2985/4798/2762 1720/4691/2730 3052/4690/2645
f 3052/4690/2645 2152/4815/2180 2985/4798/2762
f 1745/4689/2729 3055/4816/2113 2152/4815/2180
f 2152/4815/2180 3052/4690/2645 1745/4689/2729
f 3055/4816/2113 1746/4807/2729 3021/4806/2236
f 3021/4806/2236 2152/4815/2180 3055/4816/2113
f 1732/4753/2729 3020/4817/2645 2153/4818/2790
f 2153/4818/2790 3022/4748/2759 1732/4753/2729
f 3020/4817/2645 1727/4746/2757 2966/4745/2756
f 2966/4745/2756 2153/4818/2790 3020/4817/2645
f 1701/4744/2755 2965/4743/2754 2153/4818/2790
f 2153/4818/2790 2966/4745/2756 1701/4744/2755
f 2965/4743/2754 1700/3502/2005 2578/4611/2694
f 2578/4611/2694 2153/4818/2790 2965/4743/2754
f 1330/4610/1303 2304/2459/1300 2153/4818/2790
f 2153/4818/2790 2578/4611/2694 1330/4610/1303
f 2304/2459/1300 1329/2458/1299 3022/4748/2759
f 3022/4748/2759 2153/4818/2790 2304/2459/1300
f 1359/2613/1415 2348/4031/2331 2154/4819/2791
f 2154/4819/2791 3023/4820/2792 1359/2613/1415
f 2348/4031/2331 1358/4020/2320 3025/4821/2793
f 3025/4821/2793 2154/4819/2791 2348/4031/2331
f 1736/4822/2794 3036/4823/2795 2154/4819/2791
f 2154/4819/2791 3025/4821/2793 1736/4822/2794
f 3036/4823/2795 1737/4824/2103 3023/4820/2792
f 3023/4820/2792 2154/4819/2791 3036/4823/2795
f 1347/2617/1419 2345/2614/1416 2155/4825/2796
f 2155/4825/2796 3024/3648/2102 1347/2617/1419
f 2345/2614/1416 1359/2613/1415 3023/4820/2792
f 3023/4820/2792 2155/4825/2796 2345/2614/1416
f 1737/4824/2103 3038/4826/2797 2155/4825/2796
f 2155/4825/2796 3023/4820/2792 1737/4824/2103
f 3038/4826/2797 1738/3649/2103 3024/3648/2102
f 3024/3648/2102 2155/4825/2796 3038/4826/2797
f 1358/4020/2320 2342/4019/2319 2156/4827/2798
f 2156/4827/2798 3025/4821/2793 1358/4020/2320
f 2342/4019/2319 1357/2628/1428 2615/3068/1748
f 2615/3068/1748 2156/4827/2798 2342/4019/2319
f 1458/3067/1747 2539/3334/1874 2156/4827/2798
f 2156/4827/2798 2615/3068/1748 1458/3067/1747
f 2539/3334/1874 1466/3206/1809 3034/4828/2799
f 3034/4828/2799 2156/4827/2798 2539/3334/1874
f 1736/4822/2794 3025/4821/2793 2156/4827/2798
f 2156/4827/2798 3034/4828/2799 1736/4822/2794
f 1474/3339/1879 2547/3352/1892 2157/4829/2800
f 2157/4829/2800 3027/4830/2801 1474/3339/1879
f 2547/3352/1892 1476/3347/1887 2543/3346/1886
f 2543/3346/1886 2157/4829/2800 2547/3352/1892
f 1475/3345/1885 2549/3358/1898 2157/4831/2800
f 2157/4831/2800 2543/3346/1886 1475/3345/1885
f 2549/3358/1898 1477/3357/1897 2551/3364/1904
f 2551/4832/1904 2157/4833/2800 2549/4834/1898
f 1478/3363/1903 2617/3370/1910 2157/4831/2800
f 2157/4833/2800 2551/4832/1904 1478/4835/1903
f 2617/4836/1910 1366/4837/1909 2359/4838/2802
f 2359/4838/2802 2157/4829/2800 2617/4836/1910
f 1365/4839/2803 3026/4840/2804 2157/4829/2800
f 2157/4829/2800 2359/4838/2802 1365/4839/2803
f 3026/4840/2804 1733/4841/2805 3027/4830/2801
f 3027/4830/2801 2157/4829/2800 3026/4840/2804
f 1733/4841/2805 3026/4840/2804 2158/4842/2806
f 2158/4842/2806 3029/4843/2807 1733/4841/2805
f 3026/4840/2804 1365/4839/2803 2389/4844/2808
f 2389/4844/2808 2158/4842/2806 3026/4840/2804
f 1361/4845/2809 3028/4846/2810 2158/4842/2806
f 2158/4842/2806 2389/4844/2808 1361/4845/2809
f 3028/4846/2810 1734/4847/2811 3029/4843/2807
f 3029/4843/2807 2158/4842/2806 3028/4846/2810
f 1734/4847/2811 3028/4846/2810 2159/4848/2812
f 2159/4848/2812 3031/4849/2813 1734/4847/2811
f 3028/4846/2810 1361/4845/2809 2353/4850/2814
f 2353/4850/2814 2159/4848/2812 3028/4846/2810
f 1360/4851/2815 3030/4852/2816 2159/4848/2812
f 2159/4848/2812 2353/4850/2814 1360/4851/2815
f 3030/4852/2816 1735/4853/2813 3031/4849/2813
f 3031/4849/2813 2159/4848/2812 3030/4852/2816
f 1735/4853/2813 3030/4852/2816 2160/4854/2817
f 2160/4854/2817 3032/4855/2818 1735/4853/2813
f 3030/4852/2816 1360/4851/2815 2386/4856/2819
f 2386/4856/2819 2160/4854/2817 3030/4852/2816
f 1382/4857/2820 2616/4858/2821 2160/4854/2817
f 2160/4854/2817 2386/4856/2819 1382/4857/2820
f 2616/4858/2821 1464/4859/2822 2532/4860/2823
f 2532/4860/2823 2160/4854/2817 2616/4858/2821
f 1472/4861/2824 2530/4862/2825 2160/4854/2817
f 2160/4854/2817 2532/4860/2823 1472/4861/2824
f 2530/4862/2825 1471/4863/2826 2528/4864/2827
f 2528/4864/2827 2160/4854/2817 2530/4862/2825
f 1470/4865/2828 3032/4855/2818 2160/4854/2817
f 2160/4854/2817 2528/4864/2827 1470/4865/2828
f 1466/3206/1809 2513/3203/1806 2161/4866/2829
f 2161/4866/2829 3034/4828/2799 1466/3206/1809
f 2513/3203/1806 1465/3202/1805 2541/3340/1880
f 2541/3340/1880 2161/4866/2829 2513/3203/1806
f 1474/3339/1879 3027/4830/2801 2161/4866/2829
f 2161/4866/2829 2541/3340/1880 1474/3339/1879
f 3027/4830/2801 1733/4841/2805 3033/4867/2830
f 3033/4867/2830 2161/4866/2829 3027/4830/2801
f 1736/4822/2794 3034/4828/2799 2161/4866/2829
f 2161/4866/2829 3033/4867/2830 1736/4822/2794
f 1736/4822/2794 3033/4867/2830 2162/4868/2797
f 2162/4868/2797 3036/4823/2795 1736/4822/2794
f 3033/4867/2830 1733/4841/2805 3029/4843/2807
f 3029/4843/2807 2162/4868/2797 3033/4867/2830
f 1734/4847/2811 3035/4869/2831 2162/4868/2797
f 2162/4868/2797 3029/4843/2807 1734/4847/2811
f 3035/4869/2831 1737/4824/2103 3036/4823/2795
f 3036/4823/2795 2162/4868/2797 3035/4869/2831
f 1737/4824/2103 3035/4869/2831 2163/4870/2832
f 2163/4870/2832 3038/4826/2797 1737/4824/2103
f 3035/4869/2831 1734/4847/2811 3031/4849/2813
f 3031/4849/2813 2163/4870/2832 3035/4869/2831
f 1735/4853/2813 3037/4871/2797 2163/4870/2832
f 2163/4870/2832 3031/4849/2813 1735/4853/2813
f 3037/4871/2797 1738/3649/2103 3038/4826/2797
f 3038/4826/2797 2163/4870/2832 3037/4871/2797
f 1738/3649/2103 3037/4871/2797 2164/4872/2833
f 2164/4872/2833 3039/3644/2098 1738/3649/2103
f 3037/4871/2797 1735/4853/2813 3032/4855/2818
f 3032/4855/2818 2164/4872/2833 3037/4871/2797
f 1470/4865/2828 2535/4873/2834 2164/4872/2833
f 2164/4872/2833 3032/4855/2818 1470/4865/2828
f 2535/4873/2834 1473/4874/2835 2537/4875/2836
f 2537/4875/2836 2164/4872/2833 2535/4873/2834
f 1460/3641/2095 3039/3644/2098 2164/4872/2833
f 2164/4872/2833 2537/4875/2836 1460/3641/2095
f 1404/2823/1588 2412/2818/1585 2165/4876/2837
f 2165/4876/2837 3040/3308/1861 1404/2823/1588
f 2412/2818/1585 1403/2817/1584 2534/3320/1866
f 2534/3320/1866 2165/4876/2837 2412/2818/1585
f 1664/3319/1865 2901/4413/2571 2165/4876/2837
f 2165/4876/2837 2534/3320/1866 1664/3319/1865
f 2901/4413/2571 1665/3290/1848 2526/3288/1847
f 2526/3288/1847 2165/4876/2837 2901/4413/2571
f 1450/3287/1708 2524/3274/1842 2165/4876/2837
f 2165/4876/2837 2526/3288/1847 1450/3287/1708
f 2524/3274/1842 1469/3273/1841 3040/3308/1861
f 3040/3308/1861 2165/4876/2837 2524/3274/1842
f 1739/3255/1832 2521/3252/1830 2166/4877/2838
f 2166/4877/2838 3043/4287/2475 1739/3255/1832
f 2521/3252/1830 1468/3243/1826 2520/3242/1829
f 2520/3242/1829 2166/4877/2838 2521/3252/1830
f 1438/2943/1681 2451/2942/1680 2166/4877/2838
f 2166/4877/2838 2520/3242/1829 1438/2943/1681
f 2451/2937/1680 1437/2936/1679 2540/4878/2477
f 2540/4879/2477 2166/4880/2838 2451/4881/1680
f 1675/4291/2476 2922/4446/2601 2166/4877/2838
f 2166/4877/2838 2540/4292/2477 1675/4291/2476
f 2922/4446/2601 1676/4285/2473 2516/4284/2472
f 2516/4284/2472 2166/4877/2838 2922/4446/2601
f 1392/4283/1558 2490/3078/1755 2166/4877/2838
f 2166/4877/2838 2516/4284/2472 1392/4283/1558
f 2490/3078/1755 1387/2751/1543 3042/2754/1546
f 3042/2754/1546 2166/4877/2838 2490/3078/1755
f 1740/2767/1553 3043/4287/2475 2166/4877/2838
f 2166/4877/2838 3042/2754/1546 1740/2767/1553
f 1448/4882/1704 2500/4883/1836 2167/4884/2839
f 2167/4884/2839 3045/4885/2840 1448/4882/1704
f 2500/4883/1836 1445/4886/1696 2501/4887/2841
f 2501/4887/2841 2167/4884/2839 2500/4883/1836
f 1455/4888/2842 2499/4889/2843 2167/4884/2839
f 2167/4884/2839 2501/4887/2841 1455/4888/2842
f 2499/4889/2843 1741/4890/2844 3045/4885/2840
f 3045/4885/2840 2167/4884/2839 2499/4889/2843
f 1788/3215/1818 3138/3214/1817 2168/4891/2845
f 2168/4891/2845 3139/4892/2846 1788/3215/1818
f 3138/3214/1817 1377/3213/1816 2378/4893/2847
f 2378/4893/2847 2168/4891/2845 3138/3214/1817
f 1299/4894/2848 2613/4895/2849 2168/4891/2845
f 2168/4891/2845 2378/4893/2847 1299/4894/2848
f 2613/4895/2849 1787/4896/2850 3139/4892/2846
f 3139/4892/2846 2168/4891/2845 2613/4895/2849
f 1787/4896/2850 2613/4895/2849 2169/4897/2851
f 2169/4897/2851 3137/4898/2852 1787/4896/2850
f 2613/4895/2849 1299/4894/2848 2959/4899/2853
f 2959/4899/2853 2169/4897/2851 2613/4895/2849
f 1698/3811/2191 3134/3808/2188 2169/4897/2851
f 2169/4897/2851 2959/4899/2853 1698/3811/2191
f 3134/3808/2188 1786/3807/2187 3137/4898/2852
f 3137/4898/2852 2169/4897/2851 3134/3808/2188
f 1743/4900/2854 2956/4901/2855 2170/4902/2856
f 2170/4902/2856 3051/4903/2857 1743/4900/2854
f 2956/4901/2855 1696/3805/2186 2957/3804/2185
f 2957/3804/2185 2170/4902/2856 2956/4901/2855
f 1695/3803/2184 3050/4904/2858 2170/4902/2856
f 2170/4902/2856 2957/3804/2185 1695/3803/2184
f 3050/4904/2858 1744/4687/2727 3051/4903/2857
f 3051/4903/2857 2170/4902/2856 3050/4904/2858
f 1744/4687/2727 3050/4904/2858 2171/4905/2859
f 2171/4905/2859 3053/4688/2728 1744/4687/2727
f 3050/4904/2858 1695/3803/2184 2994/4518/2642
f 2994/4518/2642 2171/4905/2859 3050/4904/2858
f 1719/4517/2641 2997/4906/2236 2171/4905/2859
f 2171/4905/2859 2994/4518/2642 1719/4517/2641
f 2997/4906/2236 1745/4689/2729 3053/4688/2728
f 3053/4688/2728 2171/4905/2859 2997/4906/2236
f 1745/4689/2729 2997/4906/2236 2172/4907/2236
f 2172/4907/2236 3055/4816/2113 1745/4689/2729
f 2997/4906/2236 1719/4517/2641 2967/4795/2180
f 2967/4795/2180 2172/4907/2236 2997/4906/2236
f 1702/4794/2783 3009/4792/2180 2172/4907/2236
f 2172/4907/2236 2967/4795/2180 1702/4794/2783
f 3009/4792/2180 1727/4746/2757 3020/4817/2645
f 3020/4817/2645 2172/4907/2236 3009/4792/2180
f 1732/4753/2729 3054/4908/2641 2172/4907/2236
f 2172/4907/2236 3020/4817/2645 1732/4753/2729
f 3054/4908/2641 1746/4807/2729 3055/4816/2113
f 3055/4816/2113 2172/4907/2236 3054/4908/2641
f 1746/4807/2729 3054/4908/2641 2173/4909/2641
f 2173/4909/2641 3056/4802/2729 1746/4807/2729
f 3054/4908/2641 1732/4753/2729 3010/4752/2761
f 3010/4752/2761 2173/4909/2641 3054/4908/2641
f 1726/4524/2645 3056/4802/2729 2173/4909/2641
f 2173/4909/2641 3010/4752/2761 1726/4524/2645
f 1409/3031/1599 2476/4910/1762 2174/4911/2860
f 2174/4911/2860 3058/3032/1732 1409/3031/1599
f 2476/4910/1762 1406/3138/1592 2477/3135/1772
f 2477/3135/1772 2174/4911/2860 2476/4910/1762
f 1456/3134/1771 3057/4912/2861 2174/4911/2860
f 2174/4911/2860 2477/3135/1772 1456/3134/1771
f 3057/4912/2861 1747/3034/1733 3058/3032/1732
f 3058/3032/1732 2174/4911/2860 3057/4912/2861
f 1747/3034/1733 3057/4912/2861 2175/4913/2862
f 2175/4913/2862 3060/3638/2092 1747/3034/1733
f 3057/4912/2861 1456/3134/1771 3085/3137/1774
f 3085/3137/1774 2175/4913/2862 3057/4912/2861
f 1761/3142/1778 3088/4914/2863 2175/4913/2862
f 2175/4913/2862 3085/3137/1774 1761/3142/1778
f 3088/4914/2863 1762/4915/2864 3087/4916/2865
f 3087/4916/2865 2175/4913/2862 3088/4914/2863
f 1748/3639/2093 3060/3638/2092 2175/4913/2862
f 2175/4913/2862 3087/4916/2865 1748/3639/2093
f 1748/3639/2093 3087/4916/2865 2176/4917/2866
f 2176/4917/2866 3062/4648/2708 1748/3639/2093
f 3087/4916/2865 1762/4915/2864 3090/4918/2867
f 3090/4918/2867 2176/4917/2866 3087/4916/2865
f 1763/4919/2868 3089/4920/2869 2176/4917/2866
f 2176/4917/2866 3090/4918/2867 1763/4919/2868
f 3089/4920/2869 1752/4649/2709 3062/4648/2708
f 3062/4648/2708 2176/4917/2866 3089/4920/2869
f 1749/4605/2689 3091/4921/2870 2177/4922/2871
f 2177/4922/2871 3064/4600/2684 1749/4605/2689
f 3091/4921/2870 1764/4923/2872 3094/4924/2873
f 3094/4924/2873 2177/4922/2871 3091/4921/2870
f 1765/4683/2723 3063/4682/2722 2177/4922/2871
f 2177/4922/2871 3094/4924/2873 1765/4683/2723
f 3063/4682/2722 1750/4597/2681 3064/4600/2684
f 3064/4600/2684 2177/4922/2871 3063/4682/2722
f 1697/4925/2869 2958/4926/2874 2178/4927/2875
f 2178/4927/2875 3066/4928/2876 1697/4925/2869
f 2958/4926/2874 1696/3805/2186 2956/4901/2855
f 2956/4901/2855 2178/4927/2875 2958/4926/2874
f 1743/4900/2854 3065/4929/2877 2178/4927/2875
f 2178/4927/2875 2956/4901/2855 1743/4900/2854
f 3065/4929/2877 1751/4930/2876 3066/4928/2876
f 3066/4928/2876 2178/4927/2875 3065/4929/2877
f 1764/4923/2872 3091/4921/2870 2179/4931/2878
f 2179/4931/2878 3092/4932/2879 1764/4923/2872
f 3091/4921/2870 1749/4605/2689 3067/4933/2880
f 3067/4933/2880 2179/4931/2878 3091/4921/2870
f 1752/4649/2709 3089/4920/2869 2179/4931/2878
f 2179/4931/2878 3067/4933/2880 1752/4649/2709
f 3089/4920/2869 1763/4919/2868 3092/4932/2879
f 3092/4932/2879 2179/4931/2878 3089/4920/2869
f 1752/4649/2709 3067/4933/2880 2180/4934/2881
f 2180/4934/2881 3069/4650/2710 1752/4649/2709
f 3067/4933/2880 1749/4605/2689 3061/4604/2688
f 3061/4604/2688 2180/4934/2881 3067/4933/2880
f 1706/4603/2687 2975/4652/2712 2180/4934/2881
f 2180/4934/2881 3061/4604/2688 1706/4603/2687
f 2975/4652/2712 1707/4651/2711 3069/4650/2710
f 3069/4650/2710 2180/4934/2881 2975/4652/2712
f 1753/4935/1629 2429/4936/1628 2181/4937/2882
f 2181/4937/2882 3072/4938/2883 1753/4935/1629
f 2429/4939/1628 1420/4940/1627 2506/4941/1844
f 2506/4942/1844 2181/4943/2882 2429/2877/1628
f 1461/4944/1839 3071/4945/2884 2181/4946/2882
f 2181/4946/2882 2506/4947/1844 1461/4944/1839
f 3071/4948/2884 1754/4949/2885 3072/4938/2883
f 3072/4938/2883 2181/4937/2882 3071/4948/2884
f 1754/4949/2885 3071/4948/2884 2182/4950/2886
f 2182/4950/2886 3074/4951/2887 1754/4949/2885
f 3071/4945/2884 1461/4944/1839 2498/4952/1837
f 2498/4952/1837 2182/4953/2886 3071/4945/2884
f 1449/4954/1706 2462/4955/1705 2182/4950/2886
f 2182/4950/2886 2498/4956/1837 1449/4954/1706
f 2462/4955/1705 1448/4882/1704 3045/4885/2840
f 3045/4885/2840 2182/4950/2886 2462/4955/1705
f 1741/4890/2844 3044/4957/2888 2182/4950/2886
f 2182/4950/2886 3045/4885/2840 1741/4890/2844
f 3044/4957/2888 1755/4958/2889 3074/4951/2887
f 3074/4951/2887 2182/4950/2886 3044/4957/2888
f 1755/4958/2889 3044/4957/2888 2183/4959/2890
f 2183/4959/2890 3076/4960/2891 1755/4958/2889
f 3044/4957/2888 1741/4890/2844 3047/4961/2892
f 3047/4961/2892 2183/4959/2890 3044/4957/2888
f 1742/4962/2893 3046/4963/2894 2183/4959/2890
f 2183/4959/2890 3047/4961/2892 1742/4962/2893
f 3046/4963/2894 1756/4964/2895 3076/4960/2891
f 3076/4960/2891 2183/4959/2890 3046/4963/2894
f 1756/4964/2895 3046/4963/2894 2184/4965/2896
f 2184/4965/2896 3078/4966/2897 1756/4964/2895
f 3046/4963/2894 1742/4962/2893 3049/4967/2898
f 3049/4967/2898 2184/4965/2896 3046/4963/2894
f 1751/4930/2876 3068/4968/2899 2184/4965/2896
f 2184/4965/2896 3049/4967/2898 1751/4930/2876
f 3068/4968/2899 1757/4969/2900 3078/4966/2897
f 3078/4966/2897 2184/4965/2896 3068/4968/2899
f 1757/4969/2900 3068/4968/2899 2185/4970/2901
f 2185/4970/2901 3080/4971/2902 1757/4969/2900
f 3068/4968/2899 1751/4930/2876 3065/4929/2877
f 3065/4929/2877 2185/4970/2901 3068/4968/2899
f 1743/4900/2854 3048/4972/2903 2185/4970/2901
f 2185/4970/2901 3065/4929/2877 1743/4900/2854
f 3048/4972/2903 1758/4973/2904 3080/4971/2902
f 3080/4971/2902 2185/4970/2901 3048/4972/2903
f 1758/4973/2904 3048/4972/2903 2186/4974/2905
f 2186/4974/2905 3082/4975/2906 1758/4973/2904
f 3048/4972/2903 1743/4900/2854 3051/4903/2857
f 3051/4903/2857 2186/4974/2905 3048/4972/2903
f 1744/4687/2727 3081/4686/2726 2186/4974/2905
f 2186/4974/2905 3051/4903/2857 1744/4687/2727
f 3081/4686/2726 1759/4685/2725 3082/4975/2906
f 3082/4975/2906 2186/4974/2905 3081/4686/2726
f 1416/3160/1616 3070/4976/1630 2187/4977/2907
f 2187/4977/2907 3084/3161/1786 1416/3160/1616
f 3070/4976/1630 1753/4935/1629 3072/4938/2883
f 3072/4938/2883 2187/4977/2907 3070/4976/1630
f 1754/4949/2885 3083/4978/2908 2187/4977/2907
f 2187/4977/2907 3072/4938/2883 1754/4949/2885
f 3083/4978/2908 1760/3140/1776 3084/3161/1786
f 3084/3161/1786 2187/4977/2907 3083/4978/2908
f 1760/3140/1776 3083/4978/2908 2188/4979/2909
f 2188/4979/2909 3086/3141/1777 1760/3140/1776
f 3083/4978/2908 1754/4949/2885 3074/4951/2887
f 3074/4951/2887 2188/4979/2909 3083/4978/2908
f 1755/4958/2889 3073/4980/2910 2188/4979/2909
f 2188/4979/2909 3074/4951/2887 1755/4958/2889
f 3073/4980/2910 1761/3142/1778 3086/3141/1777
f 3086/3141/1777 2188/4979/2909 3073/4980/2910
f 1761/3142/1778 3073/4980/2910 2189/4981/2911
f 2189/4981/2911 3088/4914/2863 1761/3142/1778
f 3073/4980/2910 1755/4958/2889 3076/4960/2891
f 3076/4960/2891 2189/4981/2911 3073/4980/2910
f 1756/4964/2895 3075/4982/2912 2189/4981/2911
f 2189/4981/2911 3076/4960/2891 1756/4964/2895
f 3075/4982/2912 1762/4915/2864 3088/4914/2863
f 3088/4914/2863 2189/4981/2911 3075/4982/2912
f 1762/4915/2864 3075/4982/2912 2190/4983/2913
f 2190/4983/2913 3090/4918/2867 1762/4915/2864
f 3075/4982/2912 1756/4964/2895 3078/4966/2897
f 3078/4966/2897 2190/4983/2913 3075/4982/2912
f 1757/4969/2900 3077/4984/2914 2190/4983/2913
f 2190/4983/2913 3078/4966/2897 1757/4969/2900
f 3077/4984/2914 1763/4919/2868 3090/4918/2867
f 3090/4918/2867 2190/4983/2913 3077/4984/2914
f 1763/4919/2868 3077/4984/2914 2191/4985/2915
f 2191/4985/2915 3092/4932/2879 1763/4919/2868
f 3077/4984/2914 1757/4969/2900 3080/4971/2902
f 3080/4971/2902 2191/4985/2915 3077/4984/2914
f 1758/4973/2904 3079/4986/2916 2191/4985/2915
f 2191/4985/2915 3080/4971/2902 1758/4973/2904
f 3079/4986/2916 1764/4923/2872 3092/4932/2879
f 3092/4932/2879 2191/4985/2915 3079/4986/2916
f 1764/4923/2872 3079/4986/2916 2192/4987/2917
f 2192/4987/2917 3094/4924/2873 1764/4923/2872
f 3079/4986/2916 1758/4973/2904 3082/4975/2906
f 3082/4975/2906 2192/4987/2917 3079/4986/2916
f 1759/4685/2725 3093/4684/2724 2192/4987/2917
f 2192/4987/2917 3082/4975/2906 1759/4685/2725
f 3093/4684/2724 1765/4683/2723 3094/4924/2873
f 3094/4924/2873 2192/4987/2917 3093/4684/2724
f 1516/3761/2002 2580/3760/2167 2193/4988/2918
f 2193/4988/2918 3096/4989/2003 1516/3761/2002
f 2580/3760/2167 1515/3759/2166 3095/4990/2919
f 3095/4990/2919 2193/4988/2918 2580/3760/2167
f 1766/3490/1997 3096/3500/2003 2193/4991/2918
f 2193/4991/2918 3095/4992/2919 1766/3490/1997
f 1766/3490/1997 3095/4992/2919 2194/4993/2920
f 2194/4993/2920 3098/3487/1994 1766/3490/1997
f 3095/4994/2919 1515/4995/2166 2645/4996/2165
f 2645/4996/2165 2194/4997/2920 3095/4994/2919
f 1514/4998/2164 2583/4999/2163 2194/4997/2920
f 2194/5000/2920 2645/3758/2165 1514/3757/2164
f 2583/4999/2163 1513/5001/2162 2644/5002/2192
f 2644/5002/2192 2194/4997/2920 2583/4999/2163
f 1698/5003/2191 2962/5004/2921 2194/4993/2920
f 2194/4993/2920 2644/5005/2192 1698/5003/2191
f 2962/5004/2921 1767/3484/1991 3098/3487/1994
f 3098/3487/1994 2194/4993/2920 2962/5004/2921
f 1767/3484/1991 2962/5004/2921 2195/5006/2922
f 2195/5006/2922 3100/4607/2691 1767/3484/1991
f 2962/5004/2921 1698/5003/2191 2959/5007/2853
f 2959/5007/2853 2195/5006/2922 2962/5004/2921
f 1299/5008/2848 3099/5009/2923 2195/5006/2922
f 2195/5006/2922 2959/5007/2853 1299/5008/2848
f 3099/5009/2923 1768/3839/2208 3100/4607/2691
f 3100/4607/2691 2195/5006/2922 3099/5009/2923
f 1768/3839/2208 3099/5009/2923 2196/5010/2924
f 2196/5010/2924 3102/3840/2209 1768/3839/2208
f 3099/5009/2923 1299/5008/2848 2378/5011/2847
f 2378/5011/2847 2196/5010/2924 3099/5009/2923
f 1377/5012/1816 3101/5013/2925 2196/5010/2924
f 2196/5010/2924 2378/5011/2847 1377/5012/1816
f 3101/5013/2925 1769/2716/1513 3102/3840/2209
f 3102/3840/2209 2196/5010/2924 3101/5013/2925
f 1769/2716/1513 3101/5013/2925 2197/5014/2926
f 2197/5014/2926 3104/2714/1511 1769/2716/1513
f 3101/5013/2925 1377/5012/1816 2379/5015/1814
f 2379/5015/1814 2197/5014/2926 3101/5013/2925
f 1378/2897/1648 2380/2900/1651 2197/5016/2926
f 2197/5016/2926 2379/3211/1814 1378/2897/1648
f 2380/5017/1651 1379/5018/1656 2381/3953/2272
f 2381/3953/2272 2197/5014/2926 2380/5017/1651
f 1770/2711/1508 3104/2714/1511 2197/5014/2926
f 2197/5014/2926 2381/3953/2272 1770/2711/1508
f 1498/4513/2640 2566/5019/2672 2198/5020/2927
f 2198/5020/2927 3106/4514/2638 1498/4513/2640
f 2566/4576/2672 1689/4573/2669 2943/4572/2668
f 2943/5021/2668 2198/5022/2927 2566/5023/2672
f 1504/4571/2667 2635/4567/2666 2198/5024/2927
f 2198/5020/2927 2943/4569/2668 1504/4568/2667
f 2635/5025/2666 1503/5026/2651 2636/5027/2650
f 2636/5028/2650 2198/5029/2927 2635/5030/2666
f 1684/3449/1965 2937/3452/1968 2198/5031/2927
f 2198/5031/2927 2636/4529/2650 1684/3449/1965
f 2937/3452/1968 1683/3454/1970 3105/5032/2928
f 3105/5032/2928 2198/5031/2927 2937/3452/1968
f 1771/4504/2635 3106/4508/2638 2198/5031/2927
f 2198/5031/2927 3105/5032/2928 1771/4504/2635
f 1771/4504/2635 3105/5032/2928 2199/5033/2929
f 2199/5033/2929 3108/4505/2636 1771/4504/2635
f 3105/5032/2928 1683/3454/1970 3107/5034/2930
f 3107/5034/2930 2199/5033/2929 3105/5032/2928
f 1772/3448/1964 3108/4505/2636 2199/5033/2929
f 2199/5033/2929 3107/5034/2930 1772/3448/1964
f 1772/3448/1964 3107/5034/2930 2200/5035/2931
f 2200/5035/2931 3110/3443/1959 1772/3448/1964
f 3107/5034/2930 1683/3454/1970 2934/3453/1969
f 2934/3453/1969 2200/5035/2931 3107/5034/2930
f 1375/2695/1492 2374/2702/1499 2200/5035/2931
f 2200/5035/2931 2934/3453/1969 1375/2695/1492
f 2374/2702/1499 1372/2701/1498 3109/5036/2932
f 3109/5036/2932 2200/5035/2931 2374/2702/1499
f 1773/3440/1956 3110/3443/1959 2200/5035/2931
f 2200/5035/2931 3109/5036/2932 1773/3440/1956
f 1773/3440/1956 3109/5036/2932 2201/5037/2933
f 2201/5037/2933 3112/3831/2200 1773/3440/1956
f 3109/5036/2932 1372/2701/1498 2368/3832/2201
f 2368/3832/2201 2201/5037/2933 3109/5036/2932
f 1547/2709/1506 3111/5038/2934 2201/5037/2933
f 2201/5037/2933 2368/3832/2201 1547/2709/1506
f 3111/5038/2934 1774/2694/1491 3112/3831/2200
f 3112/3831/2200 2201/5037/2933 3111/5038/2934
f 1774/2694/1491 3111/5038/2934 2202/5039/2935
f 2202/5039/2935 3114/2684/1484 1774/2694/1491
f 3111/5038/2934 1547/2709/1506 2668/2708/1505
f 2668/2708/1505 2202/5039/2935 3111/5038/2934
f 1373/2707/1504 2369/3936/2265 2202/5039/2935
f 2202/5039/2935 2668/2708/1505 1373/2707/1504
f 2369/3936/2265 1775/2681/1481 3114/2684/1484
f 3114/2684/1484 2202/5039/2935 2369/3936/2265
f 1692/3735/2152 2948/4577/2673 2203/5040/2936
f 2203/5040/2936 3116/3733/2150 1692/3735/2152
f 2948/4577/2673 1498/4516/2640 2637/4511/2639
f 2637/4511/2639 2203/5040/2936 2948/4577/2673
f 1501/4510/2633 2565/5041/2632 2203/5040/2936
f 2203/5040/2936 2637/4511/2639 1501/4510/2633
f 2565/5041/2632 1500/5042/2631 2564/5043/2630
f 2564/5043/2630 2203/5040/2936 2565/5041/2632
f 1499/5044/2629 2571/5045/2937 2203/5040/2936
f 2203/5040/2936 2564/5043/2630 1499/5044/2629
f 2571/5045/2937 1776/3730/2147 3116/3733/2150
f 3116/3733/2150 2203/5040/2936 2571/5045/2937
f 1776/4489/2147 2571/5046/2937 2204/5047/2938
f 2204/5047/2938 3118/4490/2626 1776/4489/2147
f 2571/5046/2937 1499/5048/2629 2932/5049/2627
f 2932/5049/2627 2204/5047/2938 2571/5046/2937
f 1682/5050/1962 3117/5051/2939 2204/5047/2938
f 2204/5047/2938 2932/5049/2627 1682/5050/1962
f 3117/5051/2939 1777/4477/2624 3118/4490/2626
f 3118/4490/2626 2204/5047/2938 3117/5051/2939
f 1777/4477/2624 3117/5051/2939 2205/5052/2940
f 2205/5052/2940 3120/4472/2619 1777/4477/2624
f 3117/5051/2939 1682/5050/1962 2563/5053/1961
f 2563/5053/1961 2205/5052/2940 3117/5051/2939
f 1290/5054/1960 3119/5055/2941 2205/5052/2940
f 2205/5052/2940 2563/5053/1961 1290/5054/1960
f 3119/5055/2941 1778/3635/2089 3120/4472/2619
f 3120/4472/2619 2205/5052/2940 3119/5055/2941
f 1778/3635/2089 3119/5055/2941 2206/5056/2942
f 2206/5056/2942 3122/3636/2090 1778/3635/2089
f 3119/5055/2941 1290/5054/1960 2366/5057/2198
f 2366/5057/2198 2206/5056/2942 3119/5055/2941
f 1371/5058/1489 2470/5059/2943 2206/5056/2942
f 2206/5056/2942 2366/5057/2198 1371/5058/1489
f 2470/5059/2943 1779/3186/1798 3122/3636/2090
f 3122/3636/2090 2206/5056/2942 2470/5059/2943
f 1779/3186/1798 2470/5059/2943 2207/5060/2944
f 2207/5060/2944 3124/3187/1799 1779/3186/1798
f 2470/5059/2943 1371/5058/1489 2365/5061/1488
f 2365/5061/1488 2207/5060/2944 2470/5059/2943
f 1370/5062/1487 3123/5063/2945 2207/5060/2944
f 2207/5060/2944 2365/5061/1488 1370/5062/1487
f 3123/5063/2945 1780/2892/1643 3124/3187/1799
f 3124/3187/1799 2207/5060/2944 3123/5063/2945
f 1780/2892/1643 3123/5063/2945 2208/5064/2946
f 2208/5064/2946 3126/2893/1644 1780/2892/1643
f 3123/5063/2945 1370/5062/1487 2370/5065/1486
f 2370/5065/1486 2208/5064/2946 3123/5063/2945
f 1374/5066/1485 2436/3181/1795 2208/5064/2946
f 2208/5064/2946 2370/5065/1486 1374/5066/1485
f 2436/3181/1795 1781/2894/1645 3126/2893/1644
f 3126/2893/1644 2208/5064/2946 2436/3181/1795
f 1782/4626/2697 3127/4738/2753 2209/5067/2947
f 2209/5067/2947 3129/4627/2698 1782/4626/2697
f 3127/4738/2753 1694/4631/2701 2968/4629/2699
f 2968/4629/2699 2209/5067/2947 3127/4738/2753
f 1703/3776/2173 3128/5068/2948 2209/5067/2947
f 2209/5067/2947 2968/4629/2699 1703/3776/2173
f 3128/5068/2948 1783/4596/2680 3129/4627/2698
f 3129/4627/2698 2209/5067/2947 3128/5068/2948
f 1783/4596/2680 3128/5068/2948 2210/5069/2949
f 2210/5069/2949 3131/4593/2678 1783/4596/2680
f 3128/5068/2948 1703/3776/2173 2954/3775/2172
f 2954/3775/2172 2210/5069/2949 3128/5068/2948
f 1525/3774/2008 3130/5070/2950 2210/5069/2949
f 2210/5069/2949 2954/3775/2172 1525/3774/2008
f 3130/5070/2950 1784/4590/2169 3131/4593/2678
f 3131/4593/2678 2210/5069/2949 3130/5070/2950
f 1784/3763/2169 3130/5071/2950 2211/5072/2951
f 2211/5072/2951 3133/3754/2161 1784/3763/2169
f 3130/5071/2950 1525/3510/2008 2582/3513/2011
f 2582/3513/2011 2211/5072/2951 3130/5071/2950
f 1512/3518/2016 2649/5073/2952 2211/5072/2951
f 2211/5072/2951 2582/3513/2011 1512/3518/2016
f 2649/5073/2952 1785/3751/2158 3133/3754/2161
f 3133/3754/2161 2211/5072/2951 2649/5073/2952
f 1785/3751/2158 2649/5073/2952 2212/5074/2953
f 2212/5075/2953 3135/3810/2190 1785/3815/2158
f 2649/5073/2952 1512/3518/2016 2581/3517/2015
f 2581/3517/2015 2212/5074/2953 2649/5073/2952
f 1521/5076/2014 2597/5077/2034 2212/5078/2953
f 2212/5079/2953 2581/5080/2015 1521/5081/2014
f 2597/5077/2034 1520/5082/2033 2598/5083/2182
f 2598/5083/2182 2212/5078/2953 2597/5077/2034
f 1696/3805/2186 2958/4926/2874 2212/5075/2953
f 2212/5075/2953 2598/3806/2182 1696/3805/2186
f 2958/4926/2874 1697/4925/2869 2960/5084/2954
f 2960/5084/2954 2212/5075/2953 2958/4926/2874
f 1786/3807/2187 3135/3810/2190 2212/5075/2953
f 2212/5075/2953 2960/5084/2954 1786/3807/2187
f 1786/3807/2187 2960/5084/2954 2213/5085/2955
f 2213/5085/2955 3137/4898/2852 1786/3807/2187
f 2960/5084/2954 1697/4925/2869 3066/4928/2876
f 3066/4928/2876 2213/5085/2955 2960/5084/2954
f 1751/4930/2876 3049/4967/2898 2213/5085/2955
f 2213/5085/2955 3066/4928/2876 1751/4930/2876
f 3049/4967/2898 1742/4962/2893 3136/5086/2956
f 3136/5086/2956 2213/5085/2955 3049/4967/2898
f 1787/4896/2850 3137/4898/2852 2213/5085/2955
f 2213/5085/2955 3136/5086/2956 1787/4896/2850
f 1787/4896/2850 3136/5086/2956 2214/5087/2957
f 2214/5087/2957 3139/4892/2846 1787/4896/2850
f 3136/5086/2956 1742/4962/2893 3047/4961/2892
f 3047/4961/2892 2214/5087/2957 3136/5086/2956
f 1741/4890/2844 2499/4889/2843 2214/5087/2957
f 2214/5087/2957 3047/4961/2892 1741/4890/2844
f 2499/4889/2843 1455/4888/2842 2471/5088/2958
f 2471/5088/2958 2214/5087/2957 2499/4889/2843
f 1788/3215/1818 3139/4892/2846 2214/5087/2957
f 2214/5087/2957 2471/5088/2958 1788/3215/1818
f 1788/3215/1818 2471/5088/2958 2215/5089/2959
f 2215/5089/2959 3141/3216/1819 1788/3215/1818
f 2471/5088/2958 1455/4888/2842 2501/4887/2841
f 2501/4887/2841 2215/5089/2959 2471/5088/2958
f 1445/4886/1696 2457/5090/1694 2215/5089/2959
f 2215/5089/2959 2501/4887/2841 1445/4886/1696
f 2457/5091/1694 1443/5092/1689 2610/2949/1686
f 2610/5093/1686 2215/5089/2959 2457/5090/1694
f 1442/5094/1685 2454/3622/2084 2215/5089/2959
f 2215/5089/2959 2610/5093/1686 1442/5094/1685
f 2454/3622/2084 1426/3621/2083 3140/5095/2960
f 3140/5095/2960 2215/5089/2959 2454/3622/2084
f 1789/2901/1652 3141/3216/1819 2215/5089/2959
f 2215/5089/2959 3140/5095/2960 1789/2901/1652
f 1789/2901/1652 3140/5095/2960 2216/5096/2961
f 2216/5096/2961 3143/2902/1653 1789/2901/1652
f 3140/5095/2960 1426/3621/2083 2439/3620/2081
f 2439/3620/2081 2216/5096/2961 3140/5095/2960
f 1427/5097/1725 2440/5098/1724 2216/5096/2961
f 2216/5096/2961 2439/3620/2081 1427/5097/1725
f 2467/5099/1720 2216/5096/2961 2440/5098/1724
f 1429/5100/1719 2441/3962/2275 2216/5096/2961
f 2216/5096/2961 2467/5099/1720 1429/5100/1719
f 2441/3962/2275 1790/2903/1654 3143/2902/1653
f 3143/2902/1653 2216/5096/2961 2441/3962/2275
f 1622/2636/1436 2792/4212/2447 2217/5101/2962
f 2217/5101/2962 3145/3071/1751 1622/2636/1436
f 2792/4212/2447 1609/4168/2427 2351/4167/2426
f 2351/4167/2426 2217/5101/2962 2792/4212/2447
f 1344/4166/1439 2852/4459/2614 2217/5101/2962
f 2217/5101/2962 2351/4167/2426 1344/4166/1439
f 2852/4459/2614 1640/4456/2611 2851/5102/2963
f 2851/5102/2963 2217/5101/2962 2852/4459/2614
f 1791/3072/1752 3145/3071/1751 2217/5101/2962
f 2217/5101/2962 2851/5102/2963 1791/3072/1752
f 1791/3072/1752 2851/5102/2963 2218/5103/2964
f 2218/5103/2964 3147/3333/1873 1791/3072/1752
f 2851/5102/2963 1640/4456/2611 2854/4455/2610
f 2854/4455/2610 2218/5103/2964 2851/5102/2963
f 1641/4452/2607 3146/5104/2965 2218/5103/2964
f 2218/5103/2964 2854/4455/2610 1641/4452/2607
f 3146/5104/2965 1792/3208/1811 3147/3333/1873
f 3147/3333/1873 2218/5103/2964 3146/5104/2965
f 1792/3208/1811 3146/5104/2965 2219/5105/2966
f 2219/5105/2966 3149/3209/1812 1792/3208/1811
f 3146/5104/2965 1641/4452/2607 2856/4451/2606
f 2856/4451/2606 2219/5105/2966 3146/5104/2965
f 1642/4448/2603 2855/5106/2967 2219/5105/2966
f 2219/5105/2966 2856/4451/2606 1642/4448/2603
f 2855/5106/2967 1793/3210/1813 3149/3209/1812
f 3149/3209/1812 2219/5105/2966 2855/5106/2967
f 1793/3210/1813 2855/5106/2967 2220/5107/2968
f 2220/5107/2968 3151/3338/1878 1793/3210/1813
f 2855/5106/2967 1642/4448/2603 2858/4447/2602
f 2858/4447/2602 2220/5107/2968 2855/5106/2967
f 1643/4443/2598 2857/5108/2969 2220/5107/2968
f 2220/5107/2968 2858/4447/2602 1643/4443/2598
f 2857/5108/2969 1794/3335/1875 3151/3338/1878
f 3151/3338/1878 2220/5107/2968 2857/5108/2969
f 1794/3335/1875 2857/5108/2969 2221/5109/2970
f 2221/5109/2970 3153/3351/1891 1794/3335/1875
f 2857/5108/2969 1643/4443/2598 2860/4442/2597
f 2860/4442/2597 2221/5109/2970 2857/5108/2969
f 1644/4439/2594 3152/5110/2971 2221/5109/2970
f 2221/5109/2970 2860/4442/2597 1644/4439/2594
f 3152/5110/2971 1795/3349/1889 3153/3351/1891
f 3153/3351/1891 2221/5109/2970 3152/5110/2971
f 1795/3349/1889 3152/5110/2971 2222/5111/2972
f 2222/5111/2972 3155/3344/1884 1795/3349/1889
f 3152/5110/2971 1644/4439/2594 2862/4438/2593
f 2862/4438/2593 2222/5111/2972 3152/5110/2971
f 1645/4435/2590 2861/5112/2973 2222/5111/2972
f 2222/5111/2972 2862/4438/2593 1645/4435/2590
f 2861/5112/2973 1796/3341/1881 3155/3344/1884
f 3155/3344/1884 2222/5111/2972 2861/5112/2973
f 1796/3341/1881 2861/5112/2973 2223/5113/2974
f 2223/5113/2974 3157/3356/1896 1796/3341/1881
f 2861/5112/2973 1645/4435/2590 2864/4434/2589
f 2864/4434/2589 2223/5113/2974 2861/5112/2973
f 1646/4431/2586 2863/5114/2975 2223/5113/2974
f 2223/5113/2974 2864/4434/2589 1646/4431/2586
f 2863/5114/2975 1797/3353/1893 3157/3356/1896
f 3157/3356/1896 2223/5113/2974 2863/5114/2975
f 1797/3353/1893 2863/5114/2975 2224/5115/2976
f 2224/5115/2976 3159/3362/1902 1797/3353/1893
f 2863/5114/2975 1646/4431/2586 2866/4430/2585
f 2866/4430/2585 2224/5115/2976 2863/5114/2975
f 1647/4427/2582 2865/5116/2977 2224/5115/2976
f 2224/5115/2976 2866/4430/2585 1647/4427/2582
f 2865/5116/2977 1798/3359/1899 3159/3362/1902
f 3159/3362/1902 2224/5115/2976 2865/5116/2977
f 1798/3359/1899 2865/5116/2977 2225/5117/2978
f 2225/5117/2978 3161/3368/1908 1798/3359/1899
f 2865/5116/2977 1647/4427/2582 2868/4426/2581
f 2868/4426/2581 2225/5117/2978 2865/5116/2977
f 1648/4425/1472 3160/5118/2563 2225/5117/2978
f 2225/5117/2978 2868/4426/2581 1648/4425/1472
f 3160/5118/2563 1799/3365/1905 3161/3368/1908
f 3161/3368/1908 2225/5117/2978 3160/5118/2563
f 1634/2548/1362 2609/2545/1359 2226/5119/2979
f 2226/5119/2979 3163/4333/2500 1634/2548/1362
f 2609/2545/1359 1348/2544/1358 2538/3646/2100
f 2538/3646/2100 2226/5119/2979 2609/2545/1359
f 1457/3645/2099 3162/5120/2980 2226/5119/2979
f 2226/5119/2979 2538/3646/2100 1457/3645/2099
f 3162/5120/2980 1800/4334/2501 3163/4333/2500
f 3163/4333/2500 2226/5119/2979 3162/5120/2980
f 1800/4334/2501 3162/5120/2980 2227/5121/2981
f 2227/5121/2981 3165/4339/2506 1800/4334/2501
f 3162/5120/2980 1457/3645/2099 2484/3642/2096
f 2484/3642/2096 2227/5121/2981 3162/5120/2980
f 1460/3641/2095 2485/5122/2982 2227/5121/2981
f 2227/5121/2981 2484/3642/2096 1460/3641/2095
f 2485/5122/2982 1801/4340/2507 3165/4339/2506
f 3165/4339/2506 2227/5121/2981 2485/5122/2982
f 1801/4340/2507 2485/5122/2982 2228/5123/2983
f 2228/5123/2983 3167/4345/2512 1801/4340/2507
f 2485/5122/2982 1460/3641/2095 2537/4875/2836
f 2537/4875/2836 2228/5123/2983 2485/5122/2982
f 1473/4874/2835 3166/5124/2984 2228/5123/2983
f 2228/5123/2983 2537/4875/2836 1473/4874/2835
f 3166/5124/2984 1802/4346/2513 3167/4345/2512
f 3167/4345/2512 2228/5123/2983 3166/5124/2984
f 1802/4346/2513 3166/5124/2984 2229/5125/2985
f 2229/5125/2985 3169/4353/2520 1802/4346/2513
f 3166/5124/2984 1473/4874/2835 2535/4873/2834
f 2535/4873/2834 2229/5125/2985 3166/5124/2984
f 1470/4865/2828 3168/5126/2986 2229/5125/2985
f 2229/5125/2985 2535/4873/2834 1470/4865/2828
f 3168/5126/2986 1803/4354/2521 3169/4353/2520
f 3169/4353/2520 2229/5125/2985 3168/5126/2986
f 1803/4354/2521 3168/5126/2986 2230/5127/2987
f 2230/5127/2987 3171/4359/2526 1803/4354/2521
f 3168/5126/2986 1470/4865/2828 2528/4864/2827
f 2528/4864/2827 2230/5127/2987 3168/5126/2986
f 1471/4863/2826 2529/5128/2988 2230/5127/2987
f 2230/5127/2987 2528/4864/2827 1471/4863/2826
f 2529/5128/2988 1804/4360/2527 3171/4359/2526
f 3171/4359/2526 2230/5127/2987 2529/5128/2988
f 1804/4360/2527 2529/5128/2988 2231/5129/2989
f 2231/5129/2989 3173/4365/2532 1804/4360/2527
f 2529/5128/2988 1471/4863/2826 2530/4862/2825
f 2530/4862/2825 2231/5129/2989 2529/5128/2988
f 1472/4861/2824 2531/5130/2990 2231/5129/2989
f 2231/5129/2989 2530/4862/2825 1472/4861/2824
f 2531/5130/2990 1805/4366/2533 3173/4365/2532
f 3173/4365/2532 2231/5129/2989 2531/5130/2990
f 1805/4366/2533 2531/5130/2990 2232/5131/2991
f 2232/5131/2991 3175/4371/2538 1805/4366/2533
f 2531/5130/2990 1472/4861/2824 2532/4860/2823
f 2532/4860/2823 2232/5131/2991 2531/5130/2990
f 1464/4859/2822 3174/5132/2992 2232/5131/2991
f 2232/5131/2991 2532/4860/2823 1464/4859/2822
f 3174/5132/2992 1806/4372/2539 3175/4371/2538
f 3175/4371/2538 2232/5131/2991 3174/5132/2992
f 1806/4372/2539 3174/5132/2992 2233/5133/2993
f 2233/5133/2993 3177/4377/2544 1806/4372/2539
f 3174/5132/2992 1464/4859/2822 2616/4858/2821
f 2616/4858/2821 2233/5133/2993 3174/5132/2992
f 1382/5134/2820 3176/5135/2994 2233/5133/2993
f 2233/5133/2993 2616/4858/2821 1382/5134/2820
f 3176/5135/2994 1807/4378/2545 3177/4377/2544
f 3177/4377/2544 2233/5133/2993 3176/5135/2994
f 1808/4380/2547 3178/4379/2546 2234/5136/2995
f 2234/5137/2995 3180/4386/2550 1808/4385/2547
f 3178/4379/2546 1807/4378/2545 3176/5135/2994
f 3176/5138/2994 2234/5139/2995 3178/5140/2546
f 1382/4857/2820 2386/4856/2819 2234/5141/2995
f 2234/5139/2995 3176/5138/2994 1382/5142/2820
f 2386/4856/2819 1360/4851/2815 3179/5143/2996
f 3179/5143/2996 2234/5141/2995 2386/4856/2819
f 1809/4387/2551 3180/4386/2550 2234/5137/2995
f 2234/5137/2995 3179/5144/2996 1809/4387/2551
f 1809/4387/2551 3179/5144/2996 2235/5145/2997
f 2235/5145/2997 3182/4390/2554 1809/4387/2551
f 3179/5143/2996 1360/4851/2815 2353/4850/2814
f 2353/4850/2814 2235/5146/2997 3179/5143/2996
f 1361/4845/2809 2354/5147/2998 2235/5146/2997
f 2235/5146/2997 2353/4850/2814 1361/4845/2809
f 2354/5148/2998 1810/4391/2555 3182/4390/2554
f 3182/4390/2554 2235/5145/2997 2354/5148/2998
f 1810/4391/2555 2354/5148/2998 2236/5149/2999
f 2236/5149/2999 3184/4394/2558 1810/4391/2555
f 2354/5147/2998 1361/4845/2809 2389/4844/2808
f 2389/4844/2808 2236/5150/2999 2354/5147/2998
f 1365/4839/2803 3183/5151/3000 2236/5150/2999
f 2236/5150/2999 2389/4844/2808 1365/4839/2803
f 3183/5152/3000 1811/4395/2559 3184/4394/2558
f 3184/4394/2558 2236/5149/2999 3183/5152/3000
f 1811/4395/2559 3183/5152/3000 2237/5153/3001
f 2237/5153/3001 3185/4398/2562 1811/4395/2559
f 3183/5151/3000 1365/4839/2803 2359/4838/2802
f 2359/4838/2802 2237/5154/3001 3183/5151/3000
f 1366/3369/1909 2360/3366/1906 2237/5155/3001
f 2237/5154/3001 2359/4838/2802 1366/4837/1909
f 2360/3366/1906 1799/3365/1905 3185/4403/2562
f 3185/4403/2562 2237/5155/3001 2360/3366/1906
f 1454/3040/1737 2611/3039/1736 2238/5156/3002
f 2238/5156/3002 3187/5157/3003 1454/3040/1737
f 2611/3039/1736 1293/2283/1164 2244/2280/1161
f 2244/2280/1161 2238/5156/3002 2611/3039/1736
f 1291/2279/1160 2612/5158/3004 2238/5156/3002
f 2238/5156/3002 2244/2280/1161 1291/2279/1160
f 2612/5158/3004 1812/5159/3005 3187/5157/3003
f 3187/5157/3003 2238/5156/3002 2612/5158/3004
f 1812/5159/3005 2612/5158/3004 2239/5160/3006
f 2239/5160/3006 3189/5161/3007 1812/5159/3005
f 2612/5158/3004 1291/2279/1160 2719/3974/2285
f 2719/3974/2285 2239/5160/3006 2612/5158/3004
f 1572/3381/1917 2720/3719/2141 2239/5160/3006
f 2239/5160/3006 2719/3974/2285 1572/3381/1917
f 2720/5162/2141 1571/5163/2137 2718/5164/2137
f 2718/3716/2138 2239/5160/3006 2720/3719/2141
f 1570/3715/2137 2717/3718/2140 2239/5160/3006
f 2239/5160/3006 2718/3716/2138 1570/3715/2137
f 2717/3718/2140 1569/3712/2134 2715/5165/3008
f 2715/5165/3008 2239/5160/3006 2717/3718/2140
f 1813/5166/3009 3189/5161/3007 2239/5160/3006
f 2239/5160/3006 2715/5165/3008 1813/5166/3009
f 1813/5166/3009 2715/5165/3008 2240/5167/3010
f 2240/5167/3010 3191/5168/3011 1813/5166/3009
f 2715/5165/3008 1569/3712/2134 2716/3711/2133
f 2716/3711/2133 2240/5167/3010 2715/5165/3008
f 1568/3710/2132 2714/4773/2773 2240/5167/3010
f 2240/5167/3010 2716/3711/2133 1568/3710/2132
f 2714/4773/2773 1814/4772/2772 3191/5168/3011
f 3191/5168/3011 2240/5167/3010 2714/4773/2773
f 1453/3154/1784 2504/3153/1783 2241/5169/3012
f 2241/5169/3012 3193/3634/2088 1453/3154/1784
f 2504/3153/1783 1454/3040/1737 3187/5157/3003
f 3187/5157/3003 2241/5169/3012 2504/3153/1783
f 1812/5159/3005 3186/5170/3013 2241/5169/3012
f 2241/5169/3012 3187/5157/3003 1812/5159/3005
f 3186/5170/3013 1815/3631/2085 3193/3634/2088
f 3193/3634/2088 2241/5169/3012 3186/5170/3013
f 1815/3631/2085 3186/5170/3013 2242/5171/3014
f 2242/5171/3014 3195/4473/2620 1815/3631/2085
f 3186/5170/3013 1812/5159/3005 3189/5161/3007
f 3189/5161/3007 2242/5171/3014 3186/5170/3013
f 1813/5166/3009 3188/5172/3015 2242/5171/3014
f 2242/5171/3014 3189/5161/3007 1813/5166/3009
f 3188/5172/3015 1816/3973/2284 3195/4473/2620
f 3195/4473/2620 2242/5171/3014 3188/5172/3015
f 1816/3973/2284 3188/5172/3015 2243/5173/3016
f 2243/5173/3016 3197/3968/2279 1816/3973/2284
f 3188/5172/3015 1813/5166/3009 3191/5168/3011
f 3191/5168/3011 2243/5173/3016 3188/5172/3015
f 1814/4772/2772 3190/4771/2771 2243/5173/3016
f 2243/5173/3016 3191/5168/3011 1814/4772/2772
f 3190/4771/2771 1817/3965/2276 3197/3968/2279
f 3197/3968/2279 2243/5173/3016 3190/4771/2771
